Yorum No,Havayolu,Kullanıcı Adı,Katkı Sayısı,Puan,Başlık / Ana Tema,Rota,Kategori,Seyahat Tarihi,Yorum Tarihi,"Yorum İçeriği (Tam Metin - Türkçe)",Olumlu/Olumsuz/Nötr
1,Pegasus,Rabia D,2,5,Harika deneyimdi köpeğimle,Istanbul - Stuttgart,Dış Hat,Şubat 2026,22 Şubat 2026,"✈️ Pegasus ile harika bir uçuş deneyimi! Pegasus ile seyahat etmek her zaman keyifli! Uçaklar temiz, personel çok güler yüzlü ve yardımsever. Bilet fiyatları uygun, bagaj ve ek hizmet seçenekleri esnek. Check-in ve boarding süreçleri hızlı ve sorunsuz ilerliyor. Uçuş ağı geniş olduğu için pek çok yere kolayca ulaşabiliyorum. Her uçuşumda güvenli ve konforlu bir yolculuk geçiriyorum. Kesinlikle tercih etmeye devam edeceğim bir havayolu! 🌟 Ve köpeğimle çok ayrı ilgilendiler. Kafesinde olması gerekiyorken kucağımızda geldi. Teşekkür ederim Emre bey, Emine hanım ve Yiğit bey 🥰",Olumlu
2,Pegasus,Zeki E,30,5,Sorunsuz keyifli seyahat,Istanbul - Ohrid,Dış Hat,Şubat 2026,17 Şubat 2026,"Çok rahat bir yolculuk oldu. Vaktinde kalktı, sorunsuz vardık. Uçak yeni Airbus A321 idi. Şikayet yorumlarını beklentiye bağlıyorum. Low cost firmayı tercih edip Katar havayollarının first class hizmetini beklemek hayal kırıklığına neden olur tabii! 😁",Nötr
3,Pegasus,Cruiser34123030229,1,5,Mükemmel,Istanbul - Ordu,İç Hat,Ocak 2026,5 Şubat 2026,"Çok güzel bir deneyim sundu. Yaşım 18'den küçük olmasına rağmen hiçbir sıkıntı yaşamadım. Kötü yorum yapanlar genellikle bavul rötar vs. yazmışlar. Öyle bir sıkıntı yaşamadım. Rahatlıkla biletinizi alabilirsiniz. Konforu da gayet iyiydi.",Olumlu
4,Pegasus,Meram A,14,1,Don’t fly Pegasus,Istanbul - Van,İç Hat,Ekim 2025,30 Ocak 2026,"Müşteriden sonuna kadar faydalanan hatta sömürmeyi hedeflerken hiçbir sorumluluk almayan şirket. Sanırım Ar-Ge'de küçük insanlar çalışıyor. Neredeyse yolcunun kucağında ayakta gideceği bir sistem var.",Olumsuz
5,Pegasus,Hamza Ö,1,1,Durum ortada tavsiye edilecek bir şey yok,Ankara - Istanbul,İç Hat,Ocak 2026,20 Ocak 2026,"19.01.2026 tarihinde akşam 19.05 olan Ankara İstanbul uçağım 22.30'da hareket etti ve beni 23:30'da İstanbul Sabiha Gökçen Havalimanına bıraktı. Benim 00:20'de Fas Kazablanka Air Arabia uçağıma yetişemedim. Bu nedenle uçağımı kaçırdım. Fas'ta boşanma mahkemem vardı. 20.01.2026 tarihinde mahkemem ertelendi. Gidemediğim için Pegasus'un yüzünden oldu. Sabiha Gökçen Havalimanındaki bilet satış firması ve danışmanlar beni görmezden geldiler. Bu durumu her yerde paylaşacağım.",Olumsuz
6,Pegasus,kadir A,1,1,Rezillik,Adana - Hannover,Dış Hat,Ocak 2026,9 Ocak 2026,"Merhaba, kaybolan (sözde almadan havaalanını terk ettiğim valizimi aldım) bilgilendirmemi istediniz ve bilgi burada. Evet valizi teslim aldım. Normalde ilginize teşekkür etmem gerekiyor ama telefonda yanlış bilgilendirilen ya da müşteri olarak yanlış muamele gören biri olarak teşekkür etmeyi çok görmüyorum. Valiz üzerindeki etiket kodlarından valizin A Jet ile Hannover'e geldiği görünüyor ve ben Pegasus ile uçuş yapmıştım. Valizin durumunu sormak için aradığımda telefondaki çalışanınız valizi almadan havaalanını terk ettiğimi söyledi. Sizin hatanız yüzünden saat 2 civarı indiğim uçaktan 22 civarında eve vardım. Normalde valizimi adresime teslim etmeniz gerekirken telefondaki söylem (almadan gitmişsiniz) çok gereksiz ve kırıcıydı. Neticede bir daha Pegasus ile uçmayacağım ve tanıdığım herkese de bu firmadan uzak durmalarını anlatacağım. Böyle bir rezillik ve aşağılamaya kimse maruz kalmasın.",Olumsuz
7,Pegasus,Melih G,2,1,berbat,Istanbul - Dalaman,İç Hat,Ocak 2026,4 Ocak 2026,"Yaw yeter! Rötarlarınızdan da hizmetinden de insanları zor durumda bırakmanızdan da bıktım. Hiçbir şey düzelmiyor.",Olumsuz
8,Pegasus,Melih G,2,1,Konforsuz ve huzursuz!,Dalaman - Istanbul,İç Hat,Aralık 2025,27 Aralık 2025,"İnanılmaz amatör. Uçak içi konforsuz. Zorla saçma sapan koltuk ataması yapılıyor. Müşteri hizmetlerine ulaşmak için dakikalarca bekliyoruz. Tam bir rezalet! Esnaf uçağı demek bile esnafa haksızlık olur.",Olumsuz
9,Pegasus,Umut D,1,1,1,Zurich - Istanbul,Dış Hat,Aralık 2025,23 Aralık 2025,"Hayatımda gördüğüm en kötü uçak. Çalışanlarda saygı yok. İnsanlık ölmüş. Bir işçi yüzünden uçağa yetişemedik. Geri iade edilmedi. Bir daha bu uçakla uçmam. Tavsiye etmiyorum.",Olumsuz
10,Pegasus,Sezen i,1,1,Bagaj hasarı,Antalya - Bristol,Dış Hat,Kasım 2025,10 Aralık 2025,"Bavulumuzu kırdılar. Sorumluluğu üstlenmediler. Böyle bir şirket politikası hayal kırıklığı. Ancak içeride 33 ml su için para almayı hiç es geçmiyorlar. Kötü bir deneyim.",Olumsuz
11,Pegasus,hasan k,1,1,rezalet,Istanbul - Vienna,Dış Hat,Aralık 2025,7 Aralık 2025,"Bugün 7 Aralık 2025 İstanbul Sabiha Gökçen Havaalanı'ndan Viyana uçağı saat 13.15'te kalkacaktı. Uçak saatimiz 16.50'ye ertelendi. Daha sonra 50 dakika daha rötar eklendi. Yorgunluk içerisindeydik. Sebep teknik bir sorun olsa anlaşılırdı belki ama değil. Pegasus'un kendi çalışanları bize söyledi; Pegasus 180 kişilik uçakta 200 tane bilet satıyormuş. Devamlı yapıyormuş. Gelen olmazsa bu fazla satılan biletleri yedek yolcu ile dolduruyorlarmış. Daha çok kar amacıyla koltuk sayısından fazla bilet satılıyor. Eğer tüm yolcular gelirse fazla satılan bilet sahipleri bir sonraki uçağa bırakılıyor. Yani ücretini ödediğiniz uçuş planınız kabusa dönüşüyor ve şirketin umurunda değil. Bu firma müşteri saygısı sıfır olan bir firma. Uçağa binerken bilet kontrolündeki görevli parmak sallayarak tehditvari konuşmalar yapabiliyordu. Havalimanında 5-6 saat bekletilmek saygısızlıktır. Bavul tartma konusunda da bazı yolculardan fazla kilo için 100 Euro talep edildiğini gördüm. Bavullarımız küçük kafese sığmadığı için bavulları kırıp içindekileri cebime koydum. Hayatımda böyle kötü firma görmedim.",Olumsuz
12,Pegasus,Bay,7,1,Puan sistemi,?,?,Kasım 2025,5 Aralık 2025,"Pegasus puan sistemi kadar saçma bir sistem görmedim. Pahalı bileti almaya çalıştığımda puan ile satın alınamaz yazısı çıkıyor. Ucuz bileti almaya çalışınca vergisi neredeyse normal bilet fiyatına yaklaşıyor. Bu sistemi ya kaldırın ya da düzeltin.",Olumsuz
13,Pegasus,ozan d,1,1,REZALET,Antalya - Diyarbakır,İç Hat,Kasım 2025,29 Kasım 2025,"Hayatımda gördüğüm en kötü firma. Koyun muamelesi yapılıyor. Hava şartlarıyla sorun var deniyor ama aynı şehre başka firmanın uçağı kalkıyor. Yağmurda yürütülüyor. Bir daha bu firmayla seyahat etmem.",Olumsuz
14,Pegasus,Ali Yagmur Küyük,1,1,Belgesiz Bagaj ücreti tahsilatı,Istanbul - Nuremberg,Dış Hat,Temmuz 2025,28 Kasım 2025,"Pegasus benden ekstra bagaj ücreti olarak nakit 50 Euro aldı. Israrla istememe rağmen makbuz veya ödeme belgesi vermediler. 305A kapısındaki görevlilerin bu ücreti Pegasus'a bildirmeden aralarında paylaştıklarını düşünüyorum.",Olumsuz
15,Pegasus,emine k,1,1,Pegasus hiç kimseye tavsiye etmiyoruz berbat bir seyahat geçirdik,Marseille - Istanbul,Dış Hat,Kasım 2025,26 Kasım 2025,"Eşimle birlikte memnun kalmadık. Uçağa binmeden bavulları tarttıktan sonra uçağın altına göndermek için görevlinin yanına gittik. Yük hakkımızı fazlasıyla geçtiği için ekstra ödeme yapmamız gerektiği söylendi. Önceden tartmamıza rağmen sorun olmadığı halde para talep edildi. Uçakta yiyecek ve içecekler paralıydı. Oturduğumuz alan çok dardı. Kimseye tavsiye etmiyoruz.",Olumsuz
16,Pegasus,Mine T,1,1,Pegasus pişmanlıktır kesinlikle tercih etmeyin,Nicosia - Istanbul,Dış Hat,Kasım 2025,26 Kasım 2025,"Pegasus’u kesinlikle tercih etmeyin. Haftasonu Kıbrıs dönüşümde 2 şişe viskim kırıldı, çantam ve eşyalarım çöp oldu. Hiçbir şekilde kendilerini kusurlu görmüyorlar. Başka havayolu kullanın, mağdur olmayın.",Olumsuz
17,Pegasus,Özcan V,1,1,Rötar + Rötar + Rötar Bir hafta içinde 3 uçuş üçü de rötarlı,Istanbul - Bodrum District,İç Hat,Kasım 2025,20 Kasım 2025,"Bir hafta içinde 3 uçuş, üçü de rötarlı. Sebep hem komik hem düşündürücü. Kapılar 08:15'te kapanıyor. Kaptan 08:40'da anons yaptı; tekerler değişmesi gerekiyormuş, biraz gecikme olacak. Lütfen lavaboları kullanmayın; takdir sizin. Çok mecbur kalmadıkça asla PEGASUS.",Olumsuz
18,Pegasus,Timur I,2,1,Dolandırıcılıkta ihtisas sahibi bir firma,Amsterdam - Istanbul,Dış Hat,Kasım 2025,15 Kasım 2025,"Kabin bagajı satın almamıza rağmen kabin bagajımızı uçak altına alarak ekstra 50 Euro para aldılar. Bu kadar adi ve basit şeylerle para kazanmaya çalışan bir havayolundan tiksiniyor insan. Türk oldukları için.",Olumsuz
19,Pegasus,Happiness05094446750,1,5,Türkiye Fransa uçuşu ve Fransa Türkiye Uçuşum,Marseille - Istanbul ,Dış Hat,Kasım 2025,15 Kasım 2025,"Gerek pilot gerekse kabin personeline teşekkür borç bilirim. Nezaketleri, iş ciddiyetleri ve çabuklukları harikaydı. Zamanında kalkış ve planlanan saatte inmeleri mükemmeldi. Türkiye için Pegasus övüneceğimiz bir markadır.",Olumlu
20,Pegasus,gonca c,1,1,"Bebekli anneyim, yanıma iki erkek oturtuldu bütün uçuşlarımda",Nicosia - Gaziantep,Dış Hat,Kasım 2025,5 Kasım 2025,"Merhaba, ben 11 aylık bebeğimle Kıbrıs Hava Yolları Ercan’dan Gaziantep’e yolculuk yaptım. O kadar berbat geçti ki anlatamam. Gaziantep dönüşü ve Ercan dönüşü olarak rica etmeme rağmen yanıma hep iki erkek yolcu oturdular. Bunu daha önce de çok yaşadım, bebeğimden önce ve sonra da. Check-in yaparken umursamıyorlar. Bebekli bir anne olarak bebeğim diş çıkarma süresinde benim için çok berbat bir yolculuktu. Stres altında eziyetli bir yolculuk geçirdim. Lütfen bebekli annelerin yanına iki erkek vermeyin, kadınları kadınlarla oturtun.",Olumsuz
21,Pegasus,Furkan Ş,2,1,5 saatlik rötar,Izmir - Antalya,İç Hat,Ekim 2025,4 Kasım 2025,"Uçak kalkış saatim 01:20 iken 3 defa ertelendi. Bir sonraki ertelemeye kadar uyumadan bekledim. Ertelemeler tarafıma bildirilmedi. Uçuş 06:30'da gerçekleştirildi. Gece boyunca uykusuz kaldım ve sabah erken işe başlamam gerekiyordu. Pegasus sayfasına yönlendirildim. Her şeyi yazmama rağmen geri dönüş sağlanmadı. Paramızla rezil olduk. Otobüsle gitmediğime pişman oldum.",Olumsuz
22,Pegasus,Barış D,1,1,Pegasus ile bir daha asla,Istanbul - Antalya,İç Hat,Ekim 2025,31 Ekim 2025,"Uçağımız Sabiha Gökçen Havalimanı'ndan Antalya'ya 30 Ekim 2025 tarihinde kalkacaktı. Uçuş saatimiz 3 kere değişti ve yaklaşık 2.5 saat rötar yaptı. O gün bütün işlerimiz alt üst oldu. Planlama ve alternatif B planı yoktu. Uçuş saati bir kez değişse anlarız ama 3 kere değişmesi kabul edilemez. Pegasus pişmanlıktır.",Olumsuz
23,Pegasus,Sevinç Ö,1,5,Hostesler çok güleryüzlüydü,Bonn - Istanbul,Dış Hat,Ağustos 2025,24 Ekim 2025,"Hostesler o kadar güleryüzlüydüler ki beni çok rahatlattılar. Gerçekten çok güzel bir şirket. Hayatımın en zor gününü geçirirken çok yardımcı oldular. Her zaman Pegasus iyi ki varsın.",Olumlu
24,Pegasus,Mustafa,2,1,Bebek arabası kayboldu,Warsaw - Antalya,Dış Hat,Ekim 2025,11 Ekim 2025,"Bebek arabamızı kaybettiler. 14 gün bebek arabasız tatil yaptık. Tazminat için 21 gün geçmesi gerektiğini söylediler. 21 gün sonunda tazminat için rapor oluşturduk. Sonuç olarak bebek arabanıza ulaşılmıştır denildi. Kaybettiklerini kabul ediyorlar ama tazminat hakkınızı engellemek için her yolu deniyorlar.",Olumsuz
25,Pegasus,Burak A,1,5,Fiyat Performans,Antalya - Istanbul,İç Hat,Ekim 2025,8 Ekim 2025,"Çok iyi. Hiç rötar yaşamadım. Uçaklar tam zamanında kalkıyor. Fiyatları uygun ve sorunsuz bir havayolu şirketi. Fiyat performans açısından çok iyi.",Olumlu
26,Pegasus,Roving06514000139,2,5,Her zaman tercihim Pegasus,Kayseri - Istanbul,İç Hat,Ekim 2025,7 Ekim 2025,"Her zaman ucuz. Zamanında kalkış. Güler yüzlü personel. Güvenli seyahat. Teşekkürler Pegasus. Yıllardır sorunsuz şekilde keyifli uçuş yaşattığın için tüm çalışanlara teşekkürler.",Olumlu
27,Pegasus,Coşkun Ç,2,1,Bagaj hizmeti ve çalışanlarının lakayitliği,Amsterdam - Istanbul,Dış Hat,Eylül 2025,2 Ekim 2025,"29.10.2025 tarihinde PC1258 sefer sayılı Amsterdam-İstanbul Sabiha Gökçen uçuşumda bagajımda ciddi hasar oluştu. Uçuş sonrası bagajımı teslim aldığımda kırık ve kullanılamaz durumda olduğunu gördüm. Havalimanında bagaj ofisine başvurdum. Orada bulunan çalışanlar sadece numaramı ve mail adresimi aldı, herhangi bir tutanak düzenlemeden beni hasarlı bavulumla gönderdiler. Ayrıca gece 01:05'te tekrar havalimanına gelmem gerektiği söylendi. O günden bu yana kimse tarafından aranmadım ve mağduriyetim giderilmedi.",Olumsuz
28,Pegasus,Ertuğrul B,1,1,Unehrliches Unternehmen,Istanbul - Bonn,Dış Hat,Eylül 2025,2 Ekim 2025,"Pegasus maalesef dakiklik konusunda güven vermiyor. Ekstra hizmetler (örneğin eğlence paketi) çalışmıyor. Uçuş sırasında kabin ekibi ücretin iade edileceğini söylese de müşteri hizmetleri hiçbir sorun tespit edilmediğini söyleyerek ödemeyi reddediyor. Uçuşların sık sık fazla satılması yolcular için stres yaratıyor.",Olumsuz
29,Pegasus,Eda Y,1,1,Pegasus müşterilerine saygı duymayan kurum…,Diyarbakır - Istanbul,İç Hat,Eylül 2025,25 Eylül 2025,"Pegasus’un sistematik uçuş gecikmeleri kabul edilemez boyuttadır. Zaman yönetimine ve müşteri memnuniyetine gösterilen umursamazlık profesyonel bir hava yolu şirketi için utanç vericidir. Yolcular sürekli belirsizlik içinde bekletilmektedir.",Olumsuz
30,Pegasus,YeicGeztoz✔,34553,3,Pegasus Airlines,Istanbul - Antalya,İç Hat,Eylül 2025,25 Eylül 2025,"İstanbul Sabiha Gökçen Havalimanından kısa süreli bir gecikme sonrası uçuş başladı ve Antalya Havalimanına ininceye kadar rahat bir yolculuk yaptık. Uçak piste çok sert ve süratli inince pas geçip tekrar havalandı. İkinci denemede başarılı bir şekilde indik.",Nötr
31,Pegasus,Yasemin K,1,5,Esenboğa Pegasus Personel Teşekkür,Ankara - Istanbul,İç Hat,Eylül 2025,8 Eylül 2025,"Bu sabahki uçuşumda valiz etiketi çıkarırken sabahın erken saatinde güler yüzlü ve nazik hanımefendiye çok teşekkür ederim. Sabihadan her uçuşumda belirtirim ki Ankara Pegasus personelleri diğer şubelerden çok daha nezaketli ve yardımcı. Uçuş öncesi yaşadığım stresi büyük ölçüde azalttılar ve güven verici bir deneyim sundular. Personelin bu yaklaşımı yolculuk boyunca kendimi rahat hissetmemi sağladı, check-in süreci sorunsuz geçti ve tüm işlemler hızlı bir şekilde tamamlandı. Bu tür profesyonellik ve nezaket, hava yolu şirketleri arasında fark yaratıyor ve yolculuğunuzun keyifli başlamasında büyük rol oynuyor.",Olumlu
32,Pegasus,Bahar O,1,1,Rezalet...,Izmir - Nicosia,Dış Hat,Eylül 2025,5 Eylül 2025,"Böyle bir deneyim hiç yaşamadım. Uçak 19:45’te kalkacakken önce 20:10’a, sonra 20:30’a ertelendi. Gecikmenin sebebi ise el çantamın 4,5 kg olmasıydı. Uçak içine çantam alınmadı, alt bagaja gönderildi. Benim gibi en az 30 kişi aynı durumda kaldı ve bu nedenle uçak geç kalktı. Üstüne bir de 1000 TL bagaj ücreti aldılar, bu durum son derece haksız ve can sıkıcı. Uçuş sırasında yaşanan belirsizlik ve ekstra ücret talepleri, Pegasus’un yolcu haklarına yeterince önem vermediğini gösteriyor. İşim gereği sık sık uçuş yapıyorum ve bu tür prosedürler, zaman ve para kaybı anlamına geliyor. Bu nedenle bir daha uçmayı düşünmüyorum. Yolcuların kendi çantalarını tartmaları ve 3 kg’dan fazla ise ek ücret ödemeleri gerektiğini önceden bilmeleri gerekiyor.",Olumsuz
33,Pegasus,Emrecan C,2,1,Rezillik!,Samsun - Munich,Dış Hat,Ağustos 2025,4 Eylül 2025,"28.08.2025 tarihinde Samsun-İstanbul Sabiha Gökçen uçuşum tam bir kaosla başladı. Kalkış saati önce 13:50 olarak planlanmıştı, ardından yarım saat gecikme yaşandı. Daha sonra uçak geldi ve bir buçuk saat gecikmeli kalktık. Münih uçuşumuz 17:00’deydi, fakat Samsun-İstanbul uçuşundaki gecikme nedeniyle Münih uçağını kaçırdık. Pegasus çalışanlarının süreç yönetimindeki hataları, sistemde yanlış kalkış saatlerinin gösterilmesi ve müşterilere verilen yanlış bilgiler yüzünden ciddi mağduriyet yaşadık. 800 Euro ödediğimiz bilet için iade alamadık ve hiçbir özür veya telafi sunulmadı. Yolcuların değerinin hiçe sayıldığı ve şirketin iletişim konusunda tamamen yetersiz kaldığı net bir şekilde görülüyor. Bu tür bir deneyim, uçuş güvenliği kadar müşteri memnuniyeti açısından da büyük sorun teşkil ediyor.",Olumsuz
34,Pegasus,denizkyc,6,1,Uçuş gecikme tazminat talebi,Podgorica - Ankara,Dış Hat,Ağustos 2025,2 Eylül 2025,"Podgorica (TGD) – Ankara (ESB) uçuşu 3 saat 12 dakika gecikti. Avrupa Birliği EC261/2004 düzenlemesi ve Türkiye Sivil Havacılık Genel Müdürlüğü (SHGM) Yolcu Hakları Yönetmeliği kapsamında, varıştaki 3 saatten fazla gecikmeler tazminat hakkı doğurur. Mesafe kriterine göre (uluslararası uçuş, 1500–3500 km → €400) hak ettiğimiz tazminatın ödenmesini talep ediyoruz. Yolcuların haklarını bilmeleri ve gerektiğinde talepte bulunmaları gerektiğini vurgulamak istiyorum. Bu gibi gecikmeler yolculuk planlarını ciddi şekilde etkileyebilir ve şirketlerin sorumluluklarını yerine getirmesi önemlidir. Bu durum, havayolu şirketlerinin Avrupa ve Türkiye mevzuatına uyması gerektiğini bir kez daha gösteriyor.",Olumsuz
35,Pegasus,Seaside52572147196,1,1,Uçuş İptali,Tbilisi - Istanbul,Dış Hat,Ağustos 2025,2 Eylül 2025,"30 Ağustos Cumartesi günü Gürcistan’da bulunduğum sırada ertesi gün dönüş uçuşumun iptal edildiği bildirildi. Bu durum, planlarımı ciddi şekilde aksattı ve önemli mağduriyet yaşamama sebep oldu. Uçuş iptali hakkında çok kısa süreli bilgilendirme yapılması, konaklama, ulaşım ve günlük programlarımızı olumsuz etkiledi. Ailemle birlikte zor bir durum yaşadık ve alternatif düzenlemeler yapmamız gerekti. Bu tür iptallerin daha önceden ve düzenli bir şekilde bildirilmesi, yolcuların mağduriyetini önlemek açısından çok önemlidir.",Olumsuz
36,Pegasus,Hatice K,1,1,Kontrol görevlileri çok kaba ve ukala. Nezaket kurallarının öğretilmesi şart.,Elazığ Province - Amsterdam,Dış Hat,Ağustos 2025,27 Ağustos 2025,"Kötünün ötesinde kaliteli hizmet yerine birkaç kilo bagaj peşine düşmüşler. Bir kilo için 50 Euro talep ediliyor. Görevliler çok kaba. Bir daha asla Pegasus dışındaki havayollarını tercih edeceğim.",Olumsuz
37,Pegasus,Çiğdem B,6,1,Bebekli ailelere uygunsuz yer hizmetleri – hayal kırıklığı!,Dalaman - Stuttgart,Dış Hat,Ağustos 2025,13 Ağustos 2025,"Bebekli aile olarak bu uçuşumuz en kötü deneyimlerimizden biri oldu. Online check-in sırasında bagaj hakkımız konusunda bilgi karmaşası yaşandı. Bebek arabası kutusuyla teslim edilmek istendiğinde kabul edilmedi ve bagaj hakkımıza dahil edildi. Görevli kişi 58 kg bagajımız için 6000 TL ödeme talep etti ve ismi sorulduğunda polis çağırmakla tehdit etti. Koltuklarımız karıştırıldı ve bebeğimiz koridor koltuğuna yerleştirildi. Uçak geç kalktı ve bebeğimizin uykusu bölündü. El bagajımız izinsiz açıldı ve içine “şüpheli görüldüğü için arandı” notu bırakıldı. Pegasus yer hizmetleri donanımsız ve empati yoksunu.",Olumsuz
38,Pegasus,Hilal A,1,1,Hiç beğenmedim,Erzincan - Istanbul,İç Hat,Ağustos 2025,9 Ağustos 2025,"Uçak içindeki fiyatlar cafe bölümündeki QR kod fiyatları ile aynı değildi. Uçak içinde varış noktasını gösteren bir ekran da yoktu. Can sıkıntısı yaşadım ve yolculuk mecburi bir seyahate dönüştü.",Olumsuz
39,Pegasus,Olgatay,6,1,Pegasus havayolları sorumluluğu başından atıyor,Antalya - St. Petersburg,Russia,Ağustos 2025,7 Ağustos 2025,"Bagajımı hasarlı teslim aldım. Müşteri hizmetleri sorunu benim sorunum gibi değerlendirdi. Ucuz havayolu olsa da sorumluluğu reddetmeleri kabul edilemez.",Olumsuz
40,Pegasus,Necati Ö,1,1,Koltuk mesafesi rezaleti,Bonn - Bodrum District,Dış Hat,Temmuz 2025,29 Temmuz 2025,"Koltuk aralıkları çok dardı. Dizlerim ön koltuğa değecek kadar sıkıştım. Fazladan koltuk sığdırmak için konforun düşürüldüğünü düşünüyorum. Dönüş uçuşum farklı bir havayolundaydı ve orada daha rahat bir diz mesafesi vardı.",Olumsuz
41,Pegasus,Gezgin Kaşif,1,1,Deneyim Rezalet,Ankara - Windhoek,Dış Hat,Temmuz 2025,27 Temmuz 2025,"Pegasus Airlines iyi bir yer olarak bilirdim ancak son yaptığım seyahatte yemek hizmeti yoktu ve genel hizmet seviyesi çok düşüktü. Tam anlamıyla hayal kırıklığı yaşadım. Pegasus tercih edilirse dikkat edilmesi gerektiğini düşünüyorum.",Olumsuz
42,Pegasus,Şengül Ceylan eravci,18,4,Yorucu,Antalya - Istanbul,İç Hat,Temmuz 2025,1 Temmuz 2025,"Uçuşum son dakika iki kez rötar saati değişti. 01 Temmuz 2025 olan uçuşumuzu maalesef 02 Temmuz 2025 tarihinde yapmak zorunda kaldık. Bagaja verdiğimiz iki valizimiz de parçalanmıştı. Ancak ilgili bölüme gittiğimizde yaklaşık 40 saniye içinde iki adet valiz verilerek mağduriyetimiz giderildi. Verilen valizler bizim valizlerimizin kalitesinde değildi.",Olumsuz
43,Pegasus,sinan d,1,1,Pegasus fazla yük,Istanbul - Munich,Dış Hat,Haziran 2025,26 Haziran 2025,"Fazla bagaj durumunda çalışanların iletişim tarzı saygısızcaydı. Yüküm fazla olunca ödeme yapmazsam kapıyı kapatıp uçağı göndereceklerini söylediler. Yolculara yardımcı olunmadığını düşünüyorum.",Olumsuz
44,Pegasus,asli b,1,1,Garbage system,Oslo - Diyarbakır,Dış Hat,Haziran 2025,18 Haziran 2025,"Bu havayolu şirketi çöpten başka bir şey değil. Sürekli mağduriyet yaşatıyorlar. Hizmet kalitesi çok düşük. Bir yıldız bile hak etmiyor.",Olumsuz
45,Pegasus,Bülent B,1,1,Siz koyun musunuz,Nicosia - Istanbul,Dış Hat,Haziran 2025,17 Haziran 2025,"Müşterilerini sadece para olarak gören ilgisiz bir firma. Uçakta neredeyse nefes almaya bile ücret alacaklar. Bilet fiyatı ödeme aşamasında birkaç kat artıyor. Müşteri memnuniyeti çok düşük.",Olumsuz
46,Pegasus,Nusrettin Y,2,1,Bir daha asla tövbe Pegasusla yolculuk yapmak,Istanbul - Copenhagen,Dış Hat,Nisan 2025,6 Haziran 2025,"Danimarka’da yaşamaktayım. Buradan giderken el bagajının kilosuna hiç bakılmadı. Dönüşte iki kişilik biletimiz vardı ve el valizimizde kişi başı 3 kg hakkımız olmasına rağmen valizimizde 1,8 kg fazlalık çıktı. Üç tane ekmek ve biraz kuru yemiş almıştık. Personel 50 Euro bagaj fazlalık ücreti ödememizi söyledi. Ekmekleri el bagajından çıkarıp poşeti elime aldım ancak ona da izin verilmedi. Daha sonra eşyaları kendilerine bırakmak zorunda kaldım. Bir daha Pegasus ile yolculuk yapmayacağım. Türk Hava Yolları daha pahalı olsa da çok daha iyi hizmet veriyor.",Olumsuz
47,Pegasus,emre a,1,1,Pegasus pişmanlıktır. Paranızla rezil olmayın.,Nicosia - Antalya,Dış Hat,Haziran 2025,6 Haziran 2025,"Bilet fiyatı ekonomik görünse de iptal hakkı olmayan biletler ve kabin bagaj haklarının sınırlı olması sorun oluşturuyor. 12 kg bagaj için 1500 TL ek ücret ödemek zorunda kalınabiliyor. Check-in’i 1 dakika ile kaçırınca sonraki uçuşa yönlendirme yapılıyor ve ekstra ücret isteniyor. Bu nedenle havayolunu tavsiye etmiyorum.",Olumsuz
48,Pegasus,Curiosity60527927980,1,1,İlgisizlik ve mağduriyet,Frankfurt - Antalya,Dış Hat,Nisan 2025,26 Mayıs 2025,"15 Mayıs’ta Almanya’ya gittim. 17 Mayıs’ta Frankfurt Havalimanı’nda uçağa binecektim. 1,5 saat önce oradaydım ancak bagaj check-in’in kapandığını söylediler. Ekstra ücret ödeyerek uçağa binmek istedim ancak kalabalık nedeniyle yardımcı olunmadı. Kapıya 7 dakika kala geldiğimde kapı kapatılmıştı ve ismim anons edilmedi. Bagajımdan bazı eşyalar kayboldu ve kimse yardımcı olmadı. Mağduriyetimin giderilmesini istiyorum.",Olumsuz
49,Pegasus,fulya d,1,1,Terrible experience, Istanbul - Dublin,Dış Hat,Mayıs 2025,23 Mayıs 2025,"17 Mayıs 2025 tarihli PC1157 İstanbul–Dublin uçuşu 4 saat gecikti. 3 saat uçakta bekledik. Yemek satın almak istediğimizde kalmadığı söylendi, sadece kek ve su verildi. Gecikme için önce hava durumu sonra ekip değişikliği gerekçe gösterildi. Müşteri memnuniyeti sağlanmadı ve tazminat teklif edilmedi.",Olumsuz
50,Pegasus,Nail D,2,1,Ultra nazik görevliler,Istanbul - Bodrum District,İç Hat,Mayıs 2025,21 Mayıs 2025,"Yer hizmetlerinde çalışanların bilgi seviyesi yetersiz ve iletişimleri sertti. Sürekli yanlış yönlendirme yapılıyor ve bağırma tarzı iletişim kuruluyor. Hizmet kalitesinin artırılması gerektiğini düşünüyorum.",Olumsuz
51,Pegasus,Yusuf C,7,1,Pegasus pişmanlıktır,Diyarbakır - Nicosia,Dış Hat,Mayıs 2025,5 Mayıs 2025,"3 Mayıs 2025 tarihinde Diyarbakır çıkışlı Ercan Havalimanı’na iki kişilik bilet satın aldım. Bileti 17768 TL’ye alırken 3 gün sonra aynı biletin 10998 TL’ye düştüğünü gördüm. Bu nedenle fiyat farkından dolayı yaklaşık 6770 TL kayıp yaşadım. Müşteri hizmetlerini aradığımda fiyatların anlık değiştiği söylendi. Daha sonra bilet fiyatı 9258 TL’ye düştü ve toplam kaybım 8420 TL oldu.",Olumsuz
52,Pegasus,Yiğit Ege,2,5,Fiyata göre müthiş deneyim,Nicosia - Istanbul,İç Hat,Ocak 2025,3 Mayıs 2025,"Nazik kabin ekibi ve profesyonel uçuş personeli vardı. Yeni A321 ve A320 Neo uçakları ile karbon emisyonu ve yolcu konforu dengelenmiş. Catering hizmetleri ücretli olsa da fiyatlar adil ve ürün kalitesi iyiydi.",Olumlu
53,Pegasus,Nasibeyeter Ö,1,1,Şikâyetlere cevap verilmemesi,Gaziantep - Canton of Geneva,Dış Hat,Nisan 2025,2 Mayıs 2025,"Müşteri memnuniyetinden uzak bir firma. Şikâyet mailime geri dönüş yapılmadı. 1-2 kilo bagaj için kesilen ücretlerin kalıcı müşteri memnuniyetini sağlamayacağını düşünüyorum.",Olumsuz
54,Pegasus,Nurkan U,1,1,Bebeğimin valizini kırdılar,Skopje - Istanbul,Dış Hat,Nisan 2025,19 Nisan 2025,"Üsküp-İstanbul uçuşunda 3 yaşındaki oğlumun valizi kırıldı. Fermuarı ve çocuk bağlama kısmı zarar gördü. Bagaj hasarının bizden kaynaklanmadığı belirtildi ancak maddi ve manevi zararımız karşılanmadı. Valiz yeni alınmıştı ve ilk kullanımda hasar gördü.",Olumsuz
55,Pegasus,ibrahim y,1,1,Bagaj kontrol noktasında alınan fazladan 50 Euro bagaj ücreti,Istanbul - Sarajevo,Dış Hat,Nisan 2025,6 Nisan 2025,"Bagaj kontrol noktasında kabin bagajım olmasına rağmen fazladan 50 Euro ücret talep edildi. Fatura verilmedi ve zorla ödeme yaptırıldı. Ödediğim ücretin geri iade edilmesini istiyorum.",Olumsuz
56,Pegasus,emine a,1,1,Berbat bir firma,Adana - Istanbul,İç Hat,Mart 2025,28 Mart 2025,"14:10’daki yolculuğumuzu önce 17:35’e ertelediler. Uçak ancak 18:10’da kalktı ve havada yaklaşık yarım saat bekledikten sonra 20:00 civarında İstanbul Sabiha Gökçen’e vardık. İnsanların zamanını keyfi şekilde geciktiren kötü bir firma.",Olumsuz
57,Pegasus,Acun M,1,5,Güler yüzlü Pegasus uçuş ekibi,Basel - Istanbul,Dış Hat,Mart 2025,19 Mart 2025,"18 Mart günü Basel’den İstanbul’a PC942 uçuş numaralı uçakla seyahat ettim. Kabin görevlileri Özge hanım ve Ramazan bey’in ilgi, alaka ve güler yüzlü davranışları için teşekkür ederim.",Olumlu
58,Pegasus,Ayşe T,1,5,Kabin ekibi muhteşem,Istanbul - London,Dış Hat,Mart 2025,4 Mart 2025,"Kabin ekibi çok ilgili ve güler yüzlüydü. Her konuda yardımcı oldular. Çalışanların içtenliği uçuş deneyimini olumlu etkiledi.",Olumlu
59,Pegasus,radife a,2,1,Perperişan oldum,Antalya - Pristina,Dış Hat,Şubat 2025,27 Şubat 2025,"Dönüşte yeni bavulumun iki ayağı kırılmıştı. Rapor tutturmama rağmen bavul değerinin altında ödeme yapıldı. Bir sonraki uçuşta bavulum tekrar hasarlı geldi ve etiket karışıklığı nedeniyle bagajım kayboldu. Bavulumun nerede olduğu belli değil. Sürekli mağduriyet yaşadım.",Olumsuz
60,Pegasus,Nilden U,2,1,Pegasus perişanlık pişmanlık,Nicosia - Adana,Dış Hat,Şubat 2025,15 Şubat 2025,"Uçuşumuz yaklaşık 5 saat gecikti. Havalimanında uzun süre bekletildik ve kalkış saati hakkında net bilgi verilmedi. Yetkili bir kişi açıklama yapmadı. Büyük mağduriyet yaşadık.",Olumsuz
61,Pegasus,Hasan Ş,1,1,Din düşmanı çalışanlar var,Istanbul - Ankara,İç Hat,Mart 2024,13 Şubat 2025,"Eşim Somalili ve kapalı bir bayan. İstanbul’dan Ankara’ya Göç İdaresi işlemleri için uçmamız gerekiyordu. Pegasus’tan bilet aldık ve sıraya girdik. Görevli bir bayan, eşime tuhaf bir şekilde bakarak kimliğinin süresinin geçtiğini söyleyip ‘uçamazsınız’ dedi. Bebeğimiz de yanımızdaydı. Göç İdaresinden gerekli yazıyı aldım fakat görevli yine uçuşa izin vermedi. Bilet ücretinin iadesini istedim ancak görevli bizi küçümseyerek ve gülerek uzaklaştırmaya çalıştı. AnadoluJet ile sorunsuz bir bilet aldık ve Pegasus'un hatalı tutumuna rağmen eşimi güvenli şekilde uçurduk. Bu süreç sırasında Pegasus’un çalışanlarının tutumu son derece yanlış ve ayrımcıydı. Göç İdaresi’ne üç kez gidip mühür almak zorunda kaldık, zaman kaybı ve stres yaşadık. Pegasus hakkında şikayetçiyim, personelin tutumu insan haklarına aykırı ve müşteriyi mağdur eden davranışlar içeriyor.",Olumsuz
62,Pegasus,Imran Y,1,1,Rezalet,Istanbul - Gaziantep,İç Hat,Şubat 2025,11 Şubat 2025,"Biz İstanbul’dan kalkan Pegasus uçağı ile Gaziantep’e seyahat ettik. Uçağa binmeden önce gecikme yaşandı, ardından uçakta hava şartları nedeniyle yaklaşık 3 saat dolandık. Daha sonra iniş yapamayınca Adana’ya indirildik. Adadan başka bir otobüse bindik, ancak otobüs arızalandı ve yaklaşık 1 saat bekledik. Sonrasında başka bir otobüse bindik ve hedefimize ulaşabildik. Bu deneyim inanılmaz derecede stresli ve kaotikti. Uçuş süresi ve varış planları tamamen aksadı. Pegasus’u asla tavsiye etmem; yaşadığımız aksaklıklar ve personelin çözüm üretme konusundaki yetersizliği nedeniyle ciddi bir mağduriyet yaşadık.",Olumsuz
63,Pegasus,Murat Akkoyun,1,1,Bu ciddiyetsizlik uçak kazalarını beraberinde getirecek,Stuttgart - Konya,Dış Hat,Ocak 2025,11 Şubat 2025,"10 Şubat 2025 tarihinde Stuttgart’tan Sabiha Gökçen aktarmalı Konya uçuşuna Pegasus ile gittim. Önceki deneyimlerim SunExpress ile sorunsuzdu; ancak Pegasus’ta üçüncü uçuşumda ciddi aksaklıklar yaşadım. Aktarma sırasında 59 bagaj bir gün gecikmeli olarak gönderildi. Kalabalık ve yetersiz personel nedeniyle rapor tutturma süreci çok uzun sürdü. Bagajların geç ulaşması yolcular arasında büyük bir isyana yol açtı. Konya havalimanındaki personel ise özveriyle süreci çözmeye çalıştı ancak İstanbul’daki personel kaos ve düzensizlik yarattı. Pegasus’un aktarmalı uçuşlarda bagajları zamanında göndermemesi, ciddi güvenlik ve müşteri memnuniyeti sorunları yaratıyor. Toplu boykot ve bilinçli davranışın kaliteyi artırabileceğini düşünüyorum.",Olumsuz
64,Pegasus,interne Y,1,1,Çakallık diz boyu,Istanbul - Manchester,Dış Hat,Şubat 2025,4 Şubat 2025,"Hava muhalefeti nedeniyle uçuşum iptal edildi. Pegasus, yeni bir tarih atadı ve bu hizmet için 3022 TL ücret talep etti. Hava şartlarından kaynaklı sorun bizim kontrolümüzde değilken, ek ücret talep edilmesi kabul edilemez. Bu uygulama müşteriyi mağdur etmekte ve güveni zedelemektedir. Uçuş iptali ve ek ücretler konusundaki prosedürler tamamen müşteri aleyhine işlemektedir. Böyle bir uygulama, havayolu şirketinin sorumsuz ve etik dışı bir davranış sergilediğini göstermektedir.",Olumsuz
65,Pegasus,Cengiz K,1,1,Yanlış mesaj,Istanbul - Sharm El Sheikh,Dış Hat,Ocak 2025,15 Ocak 2025,"30 Ocak 2025 tarihli uçuşum için bilet almıştım. Pegasus, uçuş iptali nedeniyle yeni tarih belirlememi istedi. Ancak önceki uçuş için bilet almama rağmen 1150 TL iptal ücreti talep ettiler. Eşimin biletini değiştirirken uçak dolu olduğu söylendi ve ben eşimden ayrı bir uçuşla gitmek zorunda kaldım. Mağduriyetimin giderilmesini talep etmeme rağmen 96 saat dedikleri sürede herhangi bir çözüm olmadı, ne arayan ne soran oldu. Pegasus’un iletişim eksikliği ve süreç yönetimindeki başarısızlığı, müşteriyi büyük ölçüde mağdur ediyor.",Olumsuz
66,Pegasus,Engin U,1,5,En iyi lowcost,Istanbul - Marseille,Dış Hat,Haziran 2024,13 Ocak 2025,"Türkiye’nin en iyi lowcost havayolu olarak değerlendiriyorum. Pegasus, fiyat-performans açısından oldukça iyi ve sunduğu hizmetleri, ücretli eklemeler ve bagaj politikaları ile birlikte değerlendirince oldukça adil buluyorum. Uçak içi hizmetler, kabin ekibi ilgisi ve uçuş konforu açısından da beklentileri karşılıyor. Düşük maliyetli havayolu mantığını anlamayan yolcuların olumsuz yorumları, bu havayolu firmasının hak etmediği bir puan almasına yol açmış. Benim deneyimimde Pegasus zamanında kalkışlar, güvenli uçuş ve sorunsuz hizmet ile öne çıktı. Özellikle kabin ekibinin güler yüzlü ve yardımsever olması, yolculuğu çok daha rahat ve stressiz bir hale getirdi. Ayrıca, bilet fiyatlarının uygunluğu ve ek ücretlerin net şekilde belirtilmesi, yolculuk planlamasını kolaylaştırıyor. Lowcost havayolu mantığına uygun bir şekilde, ekstra hizmetler isteğe bağlı ve fiyatlandırması şeffaf. Genel olarak Pegasus ile yaptığım uçuş deneyimi beklentilerimin üzerinde oldu ve diğer yolculara da güvenle önerebilirim.",Olumlu
67,Pegasus,Salim Y,5,5,Uçuş Ekibinin Desteğiyle Rahat Bir Yolculuk,Istanbul - London,Dış Hat,Ocak 2025,12 Ocak 2025,"Güler yüzlü ve profesyonel uçuş ekibine çok teşekkür ediyorum. İlk defa uçuş sırasında ciddi bir rahatsızlık yaşadım ve ne yapacağımı bilemiyordum. Kabin ekibinin sürekli ilgisi ve yardımı sayesinde, uçuşu güvenli ve sorunsuz bir şekilde tamamladım. Özellikle Sıla ve Dilara Hanım’a gösterdikleri özen ve destek için teşekkür etmek istiyorum. Uçuş süresince diğer kabin ekibi üyeleri de sürekli durumumu kontrol etti ve ihtiyaçlarımı karşıladılar. Bu yaklaşım, yolculuk sırasında kendimi çok daha rahat hissetmemi sağladı. Lowcost havayolu olmasına rağmen bu tür bir müşteri odaklı hizmet sunulması, Pegasus’u rakiplerinden farklı kılıyor. Ayrıca check-in ve biniş süreçlerinde de ekibin ilgisi ve yönlendirmeleri oldukça yardımcı oldu. Bu deneyim, Pegasus’un sadece uygun fiyatlı uçuşlar sunmakla kalmayıp aynı zamanda müşteri memnuniyetine verdiği önemi de gösteriyor.",Olumlu
68,Pegasus,Roving06514000139,2,5,Thank you,Kayseri - Istanbul,İç Hat,Aralık 2024,11 Ocak 2025,"Yıllardır Pegasus ile uçuş yapıyorum ve genel olarak her zaman zamanında kalkışlar yaşadım. Çok nadiren rotar veya gecikme ile karşılaştım ve bu durumlar genellikle hava şartları gibi kontrolümüz dışında gelişen olaylardan kaynaklandı. Ücret açısından da Pegasus’un düşük maliyetli uçuş modeli, sunduğu hizmet kalitesi ile oldukça dengeli. Fiyat-performans açısından değerlendirdiğimde, özellikle Türkiye’deki diğer lowcost havayollarıyla kıyaslandığında Pegasus, beklentilerin oldukça üzerinde bir performans sergiliyor. Bu nedenle memnuniyetimi ifade etmek için bir teşekkür bırakmak istedim. Genel olarak, güvenli, zamanında ve ekonomik uçuş arayan yolcular için Pegasus oldukça iyi bir seçenek.",Olumlu
69,Pegasus,Yetiss C,1,1,Dolandırıcılık,Istanbul - Düsseldorf,Dış Hat,Ocak 2025,2 Ocak 2025,"Ucuza bilet aldığımızı düşündük ama sonuç hayal kırıklığı oldu. Küçük bir el bagajı için uçuş öncesi ve check-in sırasında problem yaşadım ve tam uçağa binerken 100€ ek ücret talep edildi. Check-in sırasında sorulduğunda herhangi bir sorun olmayacağı söylendi, fakat uçağa binerken bagaj kabul edilmedi ve ödemeyi yapmazsak uçağa alınmayacağımız söylendi. Çalışanların kaba tutumu ve belirsiz prosedürler, yolculuğu son derece stresli ve tatsız hale getirdi. Müşteri hizmetleri ile iletişime geçmeye çalıştım fakat henüz fatura tarafıma ulaşmadı ve hizmet eksikliği devam ediyor. Bu deneyim, Pegasus’un el bagajı ve ek ücret yönetiminde yeterli şeffaflık ve müşteri odaklı yaklaşım sunmadığını gösteriyor. Eğer bu konularda daha dikkatli ve adil bir yaklaşım sergilenseydi, düşük maliyetli havayolu olarak müşteri memnuniyetini korumaları mümkün olabilirdi.",Olumsuz
70,Pegasus,Burak C,1,1,Dolandırıcı,Istanbul - Baku,Dış Hat,Aralık 2024,29 Aralık 2024,"İstanbul-Bakü uçuşu için 3000 TL’ye bilet aldım ancak uçak içi küçük bir çanta için 2400 TL ek ücret talep edildi. Ayrıca uçak altı bagajı için 600 TL ödedim. Bu durum, uçuş deneyimimi ciddi şekilde olumsuz etkiledi ve kendimi dolandırılmış hissettim. Pegasus’un el bagajı ve ek ücret politikaları, yolculara net şekilde bildirilmediği sürece, düşük maliyetli havayolu modelinin avantajı kayboluyor. Bu tür uygulamalar, güven ve müşteri memnuniyetini ciddi şekilde zedelemektedir. Bu nedenle bu firmayı bir daha tercih etmeyi düşünmüyorum ve diğer yolculara da tavsiye etmiyorum. Yaşadığım olumsuz deneyimi paylaşarak, benzer durumları önlemeye çalışmak istiyorum. Özellikle düşük maliyetli havayolu modeli kapsamında, şeffaflık ve adil ücretlendirme politikası çok daha önem kazanıyor.",Olumsuz
71,Pegasus,haci k,1,1,Bol bol puan ile bilet almak hayal,Frankfurt - Istanbul,Dış Hat,Aralık 2024,21 Aralık 2024,"Bol bol puan ile bilet satın alma sistemi beklentilerimi karşılamadı. Puan biriktirmenin bilet fiyatlarında avantaj sağlamadığını düşünüyorum. Özellikle pahalı biletlerde bol bol puan kullanılamıyor. Puanlar sadece yemek veya bagaj gibi sınırlı hizmetlerde geçerli. Benim bagajım yok, yemek istemiyorum ve koltuk seçimi de yapmak istemiyorum. Bu nedenle puan sisteminin daha esnek hale getirilmesi gerektiğini düşünüyorum.",Olumsuz
72,Pegasus,Nurcivan K,1,4,Pegasus ekip desteği,Hannover - Istanbul,Dış Hat,Aralık 2024,15 Aralık 2024,"Uçuş ekibi, özellikle Lale Hanım ve diğer genç kabin görevlileri, uçuş sırasında yaşadığım rahatsızlık nedeniyle çok yardımcı oldular. Pozitif, güler yüzlü ve samimi yaklaşımları sayesinde yolculuğum daha rahat geçti. Sürekli olarak durumumu kontrol ederek ihtiyaçlarımı sordular. Bu destekleyici yaklaşım için kendilerine teşekkür ediyorum.",Olumlu
73,Pegasus,Mustafa A,1,2,Karşılaştığım olumsuzluklar,Kayseri - Jeddah,Dış Hat,Kasım 2024,4 Aralık 2024,"Kabin ekibi yolcuların istek ve taleplerine karşı yeterince ilgili değildi. Verilen yemeklerin ısıtılmadan sunulması nedeniyle yemekler soğuk ve tatsızdı. Ek olarak su ve çay taleplerimiz olumsuz karşılandı. Bu durum yolculuğun konforunu düşürdü. Bunun dışında ciddi bir sorun yaşamadım ancak hizmet kalitesinin geliştirilmesi gerektiğini düşünüyorum.",Olumsuz
74,Pegasus,Simge A,1,1,Öğrencinin parasını yedi,Diyarbakir - Nicosia,Dış Hat,Kasım 2024,23 Kasım 2024,"Yanlışlıkla satın aldığım koltuk için ödediğim 300 TL ücret iptal edilmedi. Bir öğrencinin 300 TL’sine kalınması bana göre etik değildir. Müşteri memnuniyeti açısından bu ücretin iade edilmesini beklerdim. Bu süreçte herhangi bir geri dönüş alamadım ve mağduriyetimin giderilmesini istiyorum.",Olumsuz
75,Pegasus,Levent K,2,1,Çok kötüydü,Oslo - Istanbul,Dış Hat,Ekim 2024,19 Ekim 2024,"Müşterisine ve işine saygı duymayan bir firma olduğunu düşünüyorum. İlk kez Pegasus ile uçuş yaptım ve kabin içinin kötü koktuğunu fark ettim. Uluslararası bir uçuş olmasına rağmen koltuklar oldukça rahatsızdı ve yatmayan sabit koltuklar yolculuğu zorlaştırdı. Dört saatlik uçuş süresi boyunca konfor seviyesi çok düşüktü.",Olumsuz
76,Pegasus,Mehmet Bulut,5,1,Peron A18 Ercan Havalimanı,Nicosia - Diyarbakir,Dış Hat,Eylül 2024,17 Ekim 2024,"Ercan Havalimanı Peron A18’de bilgi almak için Pegasus görevli personeline yaklaşmak istedim. Ancak personelin gergin ve anlayışsız bir tutum sergilediğini, sorularımı tersleyerek yanıtladığını ve arkamdan hakaret ettiğini düşündüğüm bir davranışla karşılaştım. Yol yorgunu olmama ve yaklaşık 1,5 saat uyumamış olmama rağmen herhangi bir tolerans gösterilmedi. Bu davranışın müşteri ilişkileri açısından uygun olmadığını düşünüyorum ve gerekli mercilere iletilmesini talep ediyorum.",Olumsuz
77,Pegasus,Safari54698735887,1,1,Sıfırdan düşük not varsa o,Istanbul - Bishkek,Dış Hat,Eylül 2024,8 Ekim 2024,"Aktarmalı uçuşum gecikmeli gerçekleşti ve bu nedenle İstanbul’daki bağlantılı uçuşumu kaçırdım. Bagaj ve uçuş planı konusunda net ve zamanında bilgi verilmedi. İki ayrı bilet almak zorunda kaldım ve bu durum ek maliyet oluşturdu. Uçuş organizasyonu ve iletişim süreçlerinin geliştirilmesi gerektiğini düşünüyorum.",Olumsuz
78,Pegasus,Leman B,1,5,Teşekkürler Pegasus ailesi,Istanbul - Berlin,Dış Hat,Ekim 2024,1 Ekim 2024,"Ekspres bagaj ve biniş makinelerini kullanarak işlemlerimi hızlı ve kolay şekilde tamamladım. Uçuşum zamanında kalktı ve genel olarak memnun kaldım. Yolculuğum sorunsuz geçti ve bu kolaylık sağlayan sistemleri diğer yolculara da tavsiye ediyorum.",Olumlu
79,Pegasus,Özgür T,2,1,Haksız ekstra el çantası ücreti,Istanbul - Rome,Dış Hat,Eylül 2024,28 Eylül 2024,"Küçük bir el çantası için 1919 TL ek ücret alındı. Dönüş yolculuğumda başka bir havayolu firması aynı çanta için ücret talep etmedi. Bu durum, ek bagaj ücretlendirme politikasının tutarsız ve müşteri aleyhine işlediğini düşündürüyor.",Olumsuz
80,Pegasus,Ayşegül T,2,5,Memnuniyet,Düsseldorf - Izmir,Dış Hat,Ağustos 2024,27 Eylül 2024,"25 Eylül 2025 tarihinde PC5306 Düsseldorf–İzmir uçuşumdan çok memnun kaldım. Kabin ekibinin ilgisi ve yardımsever yaklaşımı uçuş korkumu yenmeme yardımcı oldu. Personelin nazik ve profesyonel davranışı sayesinde yolculuğum oldukça rahat geçti. Bundan sonraki uçuşlarımda da Pegasus’u tercih etmeyi düşünüyorum.",Olumlu
81,Pegasus,Tayfun,1,1,Yeni bagaj kurallarımız saçmalığı,Saratov - Istanbul,Dış Hat,Ağustos 2024,25 Ağustos 2024,"Pegasus'un son dönemde uygulamaya koyduğu yeni bagaj kuralları ciddi anlamda kafa karışıklığı yaratıyor ve yolcular için büyük bir sorun teşkil ediyor. Normal şartlarda, yolcuların biletleri ile birlikte kabin bagajları ve gerekiyorsa uçak altı ekstra bagajları bulunur ve bunlar ek ödeme ile taşınır. Ancak Pegasus, yeni kurallarla bu sistemi tamamen karmaşık bir hâle getirmiş. Yolculara 3 ayrı mail gönderilerek kabin bagajlarının uçak kapısında kontrol edileceği ve 50 Euro ücret alınacağı belirtilmiş. Bu uygulama hem yolcuları strese sokuyor hem de havayolu standartlarının dışında, anlaşılması güç bir prosedür yaratıyor. Yolcuların ekstra bagaj ve kişisel eşyalar için sürekli endişelenmeleri gerekiyor, bu da uçuş deneyimini olumsuz etkiliyor. Özellikle bilet fiyatına dahil olan hakların ve bagaj limitlerinin net bir şekilde belirtilmemesi, müşteri memnuniyeti açısından ciddi sorunlar yaratıyor. Pegasus’un bu politikayı gözden geçirip daha anlaşılır ve adil bir uygulama getirmesi gerektiğini düşünüyorum.",Olumsuz
82,Pegasus,Zisan S,2,1,Gelmeyen bagaj,Istanbul - Frankfurt,Dış Hat,Temmuz 2024,22 Ağustos 2024,"16 Ağustos 2024 tarihinde İstanbul Sabiha Gökçen Havalimanı'ndan Frankfurt Main Havalimanı'na yaptığım uçuş sırasında bagajım teslim edildiği halde varışta gelmedi. Pegasus ile telefon ve e-posta yoluyla iletişime geçmeme rağmen bir haftadır hiçbir geri dönüş alamadım. Başvuru kayıt numarası oluşturuldu ve valizimin fotoğrafı ile tüm bilgiler gönderildi ancak hâlâ net bir bilgi paylaşılmadı. Her gün arayıp durumunu sormama rağmen sürekli olarak 'bakıyoruz, inceliyoruz' yanıtını aldım. Bu süreç hem zaman kaybı hem de büyük bir stres kaynağı oldu. Yolcuların özel eşyalarının bu kadar umursamaz bir şekilde yönetilmesi kabul edilemez. Eğer valiz 22 gün içinde gelmezse hukuki süreci başlatmayı düşünüyorum. Pegasus’un müşteri hizmetlerinin bu konudaki ilgisizliği, yolcu güvenini ciddi şekilde sarsıyor ve yeniden tercih edilmesini zorlaştırıyor.",Olumsuz
83,Pegasus,Yasemin A,1,1,Valiz kaybı,Istanbul - Jeddah,Dış Hat,Ağustos 2024,20 Ağustos 2024,"5 Ağustos 2024 tarihinde umre amacıyla yaptığımız Pegasus uçuşunda valizlerden biri kayboldu. Bu durum seyahatimizi büyük ölçüde etkiledi; ibadet için gerekli giysilerimiz ve malzemelerimiz eksik kaldı. Valizimiz ancak 15 gün sonra İstanbul Havalimanı’nda bulunabildi ve bu süreçte Pegasus müşteri hizmetlerinden yeterli destek almadık. Gerekli inceleme yapılmasına rağmen sürecin uzun ve yetersiz olması, hem maddi hem de manevi olarak mağduriyet yaşamamıza sebep oldu. Böyle bir durumda yolcuların mağduriyetlerinin hızlı ve etkin bir şekilde giderilmesi beklenir. Pegasus’un süreci yönetme şekli, müşteri memnuniyeti açısından ciddi bir eksiklik oluşturuyor ve yeniden bu havayolunu tercih etme konusunda tereddüt yaratıyor.",Olumsuz
84,Pegasus,Serkan Ç,2,1,Pegasus rezil eder,Antalya - Düsseldorf,Dış Hat,Ağustos 2024,16 Ağustos 2024,"Antalya’dan Düsseldorf’a yapacağımız uçuş için Pegasus’tan uygun fiyatlı bilet aldım. Ancak uçuş saatinden 24 saat önce iptal bildirimi aldık ve para iadesi yapılmadı. Değişiklik yapmak istediğimizde, ek ücretler talep edildi; önce 8500 TL istendi, ödendi, ardından 2500 TL daha eklenerek işlem yapılabileceği söylendi. Bu tür uygulamalar, yolcuları finansal olarak zor durumda bırakıyor ve havayolunun güvenilirliğini ciddi şekilde zedeliyor. Yolcuların haklarının korunması ve iletişim süreçlerinin şeffaf olması havayolunun sorumluluğundadır. Bu deneyim, Pegasus’un müşteri memnuniyeti konusundaki eksikliklerini açıkça ortaya koymaktadır.",Olumsuz
85,Pegasus,Aslı K,1,4,Valiz sorunu,Nicosia - Istanbul,Dış Hat,Ağustos 2024,12 Ağustos 2024,"Kıbrıs’tan İstanbul’a Pegasus ile yaptığımız uçuşta, Sabiha Gökçen Havalimanı’na indiğimizde valizimizin alt ön ve arka kısmının kırık olduğunu gördük. Kıbrıs’ta çalışan Pegasus personeli valizin sap kısmındaki küçük bir çizik nedeniyle tüm valizi hasarlı olarak sisteme kaydetmişti. Sabiha Gökçen Dış Hatlar gelen yolcu bölümündeki müdür sorunu anlayışla ve güleryüzle çözerek mağduriyetimizi giderdi. Bu durumun sık yaşandığını belirtmesi, havayolunun bagaj yönetiminde daha dikkatli olması gerektiğini gösteriyor. Sonuç olarak, valiz hasarı kısa sürede çözüme kavuşturuldu ve müdürün yaklaşımı takdire şayandı. Pegasus’un bazı personel eksiklikleri ve süreç yönetiminde yaşanan aksaklıklar olsa da doğru müdahalelerle sorunlar çözülebiliyor.",Olumlu
86,Pegasus,Cafer R,1,1,Bebek arabasının hasar gördü ve kimse ilgilenmiyor,Istanbul - Düsseldorf,Dış Hat,Temmuz 2024,5 Ağustos 2024,"Ailemle gerçekleştirdiğimiz uçuş sırasında yeni aldığımız taşınabilir bebek arabamız hasar gördü. Kabin bagajı olarak kabul edilmesi gerektiğini düşündüğümüz mobil bebek arabasının uçağın içine alınmasına izin verilmedi. Dönüş uçuşunda bebek arabası bagaj olarak teslim alındı ve teslim aldığımızda metal aksamında çizikler, kumaş kısmında yırtıklar ve mekanik bölümünde deformasyonlar oluştuğunu fark ettik. Bu bebek arabasını seyahat öncesinde sıfır olarak satın almıştık. Kabin bagajı politikası konusunda diğer havayollarında farklı uygulamalar olabildiğini gördük. Bebek arabasının hasarlı teslim edilmesi kabul edilemez bir durumdur ve yaşanan mağduriyetin giderilmesini talep ediyorum.",Olumsuz
87,Pegasus,Ahmet K,1,1,Kilo sınırı sorunları,Hamburg - Antalya,Dış Hat,Ağustos 2024,3 Ağustos 2024,"Dört kişi için toplam bagaj hakkımız 4x20 kg olmasına rağmen 4x21 kg valiz ve 2x8 kg el bagajı ile seyahat ettik. Toplamda 12 kg eksik olmamıza rağmen valizlerde 4 kg fazla olduğu gerekçesiyle 40 Euro ek ücret talep edildi. Bu ücretlendirme politikası mantıksız ve yolcular açısından anlaşılması zor bir uygulama olarak görünüyor.",Olumsuz
88,Pegasus,Melike T,3,5,Pegasus müşteri memnuniyeti,Bodrum District - Ankara,İç Hat,Temmuz 2024,27 Temmuz 2024,"Diğer havayolu şirketi çalışanlarının ilgisizliği ile kıyasladığımda Pegasus personelinin genel olarak daha ilgili olduğunu düşünüyorum. Özellikle Ankara’da yaşanan valiz karışıklığında Oğuzhan İsen isimli personelin yardımıyla sorunumuz hızlıca çözüldü. Bu yaklaşım müşteri memnuniyetini artıran önemli bir faktördür.",Olumlu
89,Pegasus,Hülya U,1,1,Çalışanların rezaleti,Antalya - Stuttgart,Dış Hat,Temmuz 2024,18 Temmuz 2024,"Uçuşumuzun iki saat ertelenmesi nedeniyle havaalanında uzun süre beklemek zorunda kaldık. Ayrıca 3 kg fazla bagaj için ücret ödemek zorunda bırakıldım. Uçak içinde boş koltuklar olmasına rağmen bagajım kabul edilmedi. Gecikme ve bagaj politikası birlikte değerlendirildiğinde deneyimim olumsuz oldu ve hizmet anlayışının geliştirilmesi gerektiğini düşünüyorum.",Olumsuz
90,Pegasus,Jindajin T,1,1,Yolculuğun dışında Pegasus firması insanı çok yoruyor,Istanbul - Vienna,Dış Hat,Temmuz 2024,18 Temmuz 2024,"Uçuş kalkışımız ciddi şekilde gecikti ve bagaj teslim süresi oldukça uzun sürdü. Valizleri almak için yaklaşık iki saat beklemek zorunda kaldık. Hizmet kalitesinin düşük olduğunu düşünüyorum ve benzer sorunların tekrar yaşanmaması için süreçlerin iyileştirilmesi gerektiğini düşünüyorum.",Olumsuz
91,Pegasus,Haydar S,1,1,Sürekli gecikmeli kalkıyor,Edremit - Istanbul,İç Hat,Temmuz 2024,14 Temmuz 2024,"İç veya dış hat fark etmeksizin yaptığım uçuşların büyük kısmında kalkışların geciktiğini gözlemledim. Uçuşların yaklaşık %90 oranında planlanan saatten sonra gerçekleşmesi ciddi zaman kaybına neden oluyor. Yolcuların planlarını olumsuz etkileyen bu gecikme probleminin çözülmesi gerektiğini düşünüyorum. Eğer bu durum devam ederse yolcu sayısının azalabileceğini düşünüyorum ve hizmet kalitesinin artırılması gerektiğini ifade etmek isterim.",Olumsuz
92,Pegasus,Rüveyda Çetin,187,5,Harika yolculuk,Istanbul - Canton of Geneva,Dış Hat,Temmuz 2024,13 Temmuz 2024,"Pegasus ile Temmuz ayında Cenevre’ye yaptığım uçuş genel olarak oldukça memnuniyet vericiydi. Kabin ekibi çok ilgili ve güler yüzlüydü. Uçağın temizliği ve düzeni dikkat çekiciydi. Bagaj kuralları net bir şekilde uygulanıyordu ve birden fazla kabin bagajı getiren yolcuların bagajlarının uygun şekilde yönlendirilmesi yolculuk düzenini sağladı. Uçak içi yemek seçeneklerinin havaalanı restoranlarına göre daha uygun fiyatlı olduğunu gözlemledim. Bir sonraki uçuşlarımda Pegasus’u tekrar tercih etmeyi düşünüyorum.",Olumlu
93,Pegasus,Harun D,1,1,Aldığınız paranın hakkını verin,Rotterdam - Istanbul,Dış Hat,Temmuz 2024,7 Temmuz 2024,"Pegasus ile yaptığım seyahat deneyiminde hizmet kalitesinin beklentilerimin altında kaldığını düşündüm. Uçuş öncesi stresli bir süreç yaşadım ve müşteri memnuniyetine daha fazla önem verilmesi gerektiğini düşünüyorum. Ek ücret politikalarının daha şeffaf olması ve yolculara daha iyi bilgilendirme yapılması gerektiğine inanıyorum.",Olumsuz
94,Pegasus,Global48769637532,1,1,Rezillik resmen,Basel - Istanbul,Dış Hat,Temmuz 2024,4 Temmuz 2024,"Bilet iptal ve iade işlemleri nedeniyle bir haftadan fazla süre boyunca süreçle uğraşmak zorunda kaldım. İade sürecinin yavaş ilerlemesi ve müşteri hizmetlerinden yeterli desteği alamamam nedeniyle mağduriyet yaşadım. Para iadesi konusunda daha hızlı ve etkili bir sistem oluşturulması gerektiğini düşünüyorum.",Olumsuz
95,Pegasus,Nagehan Y,5,1,Hostesimiz Yaren hanıma teşekkür,Istanbul - Sharm El Sheikh,Dış Hat,Mayıs 2024,29 Haziran 2024,"Uçak içi konfor beklentim düşük olmasına rağmen koltukların sabit olması ve uçuş sırasında su ikramı yapılmaması deneyimi olumsuz etkiledi. Ancak kabin ekibinden Yaren Hanım’ın ilgisi ve zarif yaklaşımı yolculuğu benim için çok daha katlanılabilir hale getirdi. Müşteri memnuniyetinin artırılması için temel konfor hizmetlerinin geliştirilmesi gerektiğini düşünüyorum.",Olumsuz
96,Pegasus,Ali,1,1,"Berbat, uçuş iptalleri",Konya - Basel,Dış Hat,Haziran 2024,24 Haziran 2024,"Konya–İstanbul–Basel uçuşumda planlanan kalkış saati 06:45 idi. Uçuşun iptal edildiği bilgisi gece saat 02:00 civarında bildirildi ve biz zaten üç saat önce yola çıkmıştık. Havaalanında yaklaşık 5 saat beklemek zorunda kaldık. Daha sonra 09:45’teki sonraki uçuşa biletimiz onaylandı. Kabin bagajım yaklaşık 4 kg idi ve görevli tarafından yanınıza alabilirsiniz denildi. Ancak uçağa binmek üzereyken bagajımda etiket olmadığı gerekçesiyle 50 Euro ödeme yapmam gerektiği söylendi ve ödemek zorunda kaldık.",Olumsuz
97,Pegasus,elacmazli,6,1,Asla tavsiye etmem,Amman - Istanbul,Dış Hat,Haziran 2024,23 Haziran 2024,"Amman’dan Türkiye’ye dönüşümüzü Pegasus ile yapmak zorunda kaldık. İşlerimizi uçuş saatine göre planlamıştık ancak uçuşun 2 saat rötar yapması nedeniyle işlerimize geç kaldık. Rötar hakkında yeterli bilgilendirme yapılmadı ve bu durum planlarımızı olumsuz etkiledi.",Olumsuz
98,Pegasus,Min S,1,1,Rezalet,Istanbul - Antalya,İç Hat,Haziran 2024,12 Haziran 2024,"08:10 kalkış saatli İstanbul–Antalya uçuşum bir saat gecikmeli olarak başladı. Uçuş sırasında önce 30 dakika havada dolaştıktan sonra tekrar İstanbul’a iniş yapıldı ve yolcular başka bir uçağa aktarıldı. Sebep hakkında net bilgi verilmedi. Yeni uçakta da uzun süre bekletildik ve müşteri hizmetleri iletişim numarası olarak verilen hat Pegasus’a ait olmadığı gerekçesiyle kapatıldı.",Olumsuz
99,Pegasus,BASRİ T,1,1,Rezalet,Berlin - Istanbul,Dış Hat,Mayıs 2024,28 Mayıs 2024,"Flexi bilet almama rağmen uçuş değişikliği yapmak istediğimde sürekli ek ücret talep edildi. İlk satın aldığım bileti değiştirmek istediğimde de yüksek bir değişiklik ücreti ile karşılaştım. Bilet esneklik politikalarının daha açık ve adil olması gerektiğini düşünüyorum.",Olumsuz
100,Pegasus,A K,1,1,Pegasus gene gecikme,Antalya - Canton of Geneva,Dış Hat,Mayıs 2024,25 Mayıs 2024,"Pegasus ile yaptığım uçuşta yine gecikme yaşandı. Uçuş hakkında hiçbir net bilgilendirme yapılmadı ve yolcular sadece bekletildi. Benzer gecikmelerin sık yaşanması nedeniyle bir daha Pegasus ile uçmayı düşünmüyorum.",Olumsuz
101,Pegasus,İbragim D,1,1,Çok kötü,Moscow - Istanbul,Dış Hat,Nisan 2024,21 Nisan 2024,"Moscow–Istanbul uçuşum sırasında Pegasus’un telefon müşteri hizmetleri ve uygulamalarının tamamen yanıltıcı olduğunu deneyimledim. Bilet alımı sırasında onay süreci karmaşık ve yanıltıcı bir şekilde düzenlenmişti; herhangi bir son onay almadan biletimiz iptal edilmiş ve ücretin büyük bir kısmı geri ödenmemiştir. Ödeme yapılan toplam miktar yaklaşık 20.000 TL iken, yalnızca 3.000 TL iade edildi. Bu durum hem finansal hem de psikolojik olarak ciddi bir mağduriyet yarattı. Sistemin bilerek tuzak şeklinde kurulmuş olması, kullanıcıların farkında olmadan paralarının ellerinden alınmasına neden oluyor ve güvenli bir rezervasyon yapılmasını imkânsız hale getiriyor. Kesinlikle böyle bir uygulamaya güvenilmemesi gerektiğini düşünüyorum.",Olumsuz
102,Pegasus,Ekim D,1,1,Lütfen okuyun!!!!!,Nicosia - Ankara,Dış Hat,Nisan 2024,13 Nisan 2024,"Nicosia–Ankara uçuşumda yaşadığım deneyim son derece stresli ve güvenlik açısından rahatsız ediciydi. Uçak ilk kalkışta gecikti, havada sürekli sallanmalar ve anormal sesler duyuldu. Yolcular arasında ciddi bir korku ve panik havası hakimdi; herkes birbirine bakıp durdu. Kabin ekibi uçuş boyunca hiçbir açıklama yapmadı ve yolcular bilgilendirilmedi. İnişe geçildiğinde ise defalarca 'bir indik, bir çıktık' gibi bir süreç yaşandı. Bu tür belirsiz ve düzensiz hareketler, yolcuların güvenlik algısını olumsuz etkiliyor. Yolculuk boyunca sürekli stres altında kalmak ve bilgi eksikliği yaşamak son derece olumsuz bir deneyimdi. Canınızın değerini biliyorsanız bu tür bir uçuşu tercih etmemenizi şiddetle tavsiye ederim.",Olumsuz
103,Pegasus,Leyli A,1,5,Çalışanlarına,Istanbul - Konya,İç Hat,Nisan 2024,11 Nisan 2024,"İstanbul–Konya uçuşum sırasında 11 Nisan tarihinde kabin ekibinden Kumral Beyefendiye gösterdiği güler yüz ve profesyonel tutum nedeniyle teşekkür etmek istiyorum. Uçuş sırasında yaşanan olumsuzluklara rağmen personelin samimi ve yardımsever yaklaşımı, yolculuğumu daha katlanabilir kıldı. Bu tür davranışlar, yolcuların firma ile ilgili olumlu izlenim kazanmasına ve güven duymasına büyük katkı sağlıyor.",Olumlu
104,Pegasus,Cihan Y,1,1,Pegasusa 1 yıldız dahi çokkk,Bonn - Istanbul,Dış Hat,Nisan 2024,7 Nisan 2024,"Bonn–İstanbul uçuşumda Pegasus’un bilet kontrol ve el bagajı uygulamalarını kullanırken son derece olumsuz bir deneyim yaşadım. Görevli personel, el bagajının boyutu veya eksik belgeler gerekçesiyle yolculardan ek ücret talep ediyordu ve bu ücretler çoğunlukla faturasız ve keyfi olarak alınıyordu. Elindeki küçük yetkiyi kötüye kullanmaları, yolcular üzerinde ciddi bir stres yaratıyor ve güveni tamamen ortadan kaldırıyor. Bu uygulama, yolculuk öncesi ve sırasında ciddi bir belirsizlik ve mağduriyet yaratıyor. Bundan sonra bilet alırken Pegasus’u tercih etmeyi düşünmüyorum.",Olumsuz
105,Pegasus,HÜSEYİN C,1,4,Pegasus yer hizmetleri,Berlin - Ankara,Dış Hat,Mart 2024,23 Mart 2024,"Berlin–Ankara gidiş-dönüş uçuşumuzda Pegasus’un yer hizmetleri konusunda karışık bir deneyim yaşadık. Gidiş uçuşunda normal bir süreç izlenmiş olsa da, dönüşte Berlin’de bir bay ve bir bayan çalışan bizi uçağa sorunsuz bir şekilde getirdi. Çalışanlar oldukça güler yüzlü ve yardımseverdi, ancak cüzi bir bahşiş teklif etmek istediğimizde bunu kabul etmediler. Aktarma uçuşu öncesi, yürüme zorluğu olup olmadığını sordular ve biz yürüyebileceğimizi söyledik. Bu hareketleri, personelin sorumluluk bilinci ve yardımlaşma anlayışını göstermekteydi, ancak aynı zamanda süreçlerin daha organize ve açık olması yolcular için faydalı olurdu. Genel olarak, çalışanların yaklaşımı olumlu olsa da sistemsel olarak bazı eksiklikler bulunmakta ve bu durum küçük de olsa yolcu deneyimini olumsuz etkileyebiliyor.",Olumlu
106,Pegasus,Sahin K,1,1,Asla uçmam Pegasus benim için bitmiştir,Berlin - Istanbul,Dış Hat,Şubat 2024,5 Mart 2024,"Fiyatlar neredeyse THY ile aynı ama yolcuları sadece para olarak görüyorlar. Hizmet yok, bagaj konusuna girmiyorum bile. Sürekli gecikme yaşanıyor. Çalışan kabin ekibinin bir günahı yok; kendilerine ne söyleniyorsa onu aktarmak zorunda kalıyorlar. Bazen uçakta yiyecek dahi verilmiyor. Sistem tamamen işleyişe göre düzenlenmiş. İşim gereği neredeyse her ay İstanbul’a gidiyorum ama bundan sonra gerekirse 200 Euro fazla öderim, yine de Pegasus ile uçmam.",Olumsuz
107,Pegasus,Hakan K,1,1,El bagajı hakkım olmasına rağmen ek ücret talep edildi,Istanbul - Nuremberg,Dış Hat,Şubat 2024,26 Şubat 2024,"El bagajı hakkım olmasına rağmen benden ek ücret talep edildi ve herhangi bir fatura kesilmedi. Deneyimim çok kötüydü. Hangi hatayı yazacağımı bilemiyorum; uğraşmaya değmez. Pegasus gerçekten berbat bir hizmet sundu.",Olumsuz
108,Pegasus,rasim o,2,1,Ne diyeyim ki?,Hamburg - Istanbul,Dış Hat,Şubat 2024,21 Şubat 2024,"Ucuz olarak tanımlanan bu havayolu aslında sandığınız kadar ucuz değil. Eğer eliniz boş şekilde uçacaksanız evet ucuz olabilir. Ancak bir valiziniz varsa ekstra ücret ödemeniz gerekiyor. Uçağa 55x40x20 cm ve 8 kg el bagajı alma hakkı veriliyor fakat bazen buna da ek ücret istenebiliyor. Yemekler ücretli ve ucuz değil, su bile parayla satılıyor. Koltuk seçmediyseniz uçağın en arka kısmında yer verilerek yolculuğu zorlaştırabiliyorlar. Pegasus için yolcu değil, gelir önceliklidir. Koltuğumu değiştirmek için siteye girdim fakat sürekli koltuk satın almaya yönlendirildim ve mesajlarıma dönüş yapılmadı. Bu benim son Pegasus uçuşum olacak.",Olumsuz
109,Pegasus,Mehmetmd69,351,1,Rezillikten başka bir şey değil…,Izmir - Nicosia,Dış Hat,Şubat 2024,18 Şubat 2024,"Sinirlerinizi bozup gününüzü mahvetmek istiyorsanız Pegasus ile uçabilirsiniz. Aslında toplam ödediğiniz ücrete baktığınızda en pahalı havayolu olabilir. Hizmet sıfır, güleryüz sıfır. Öncelikleri işi zorlaştırmak. Eşim ve ben önce rezervasyon yaptık, ardından kızım ve damadım için rezervasyon yaptık. Bavullarımızı önce alıp kilo hakkımızı kafalarına göre doldurmadan banttan geçirdiler. Soyisimler farklı olduğu için ekstra kilo ücreti talep edildi. Ekstra kilo satın almamıza rağmen önce 90 kg olan hakkımızı 70 kg olarak işlediler, sonra 80 kg hakkı olan bavullar 84 kg gelince sorun çıkardılar. Havalimanında uzun süre beklemek zorunda kaldık ve rötar 3 saati aşmıştı.",Olumsuz
110,Pegasus,Physio G,1,1,Berbat uçak firması – kanser olmamak için…,Amsterdam - Istanbul,Dış Hat,Şubat 2024,12 Şubat 2024,"Çağrı merkezi personeli arama tarifeleri hakkında yanlış bilgi verdi. 0850 numaranın Avrupa’dan ücretsiz olduğu söylendi ancak ücretli çıktı ve bu durum birkaç kez tekrarlandı. Aramalar sırasında dakika ücreti nedeniyle mağduriyet yaşadım. Müşteri hizmetlerine ulaşmak zor ve şikayet taleplerine günlerdir dönüş yapılmıyor. Bu durum büyük bir stres yarattı. Bir daha bu firmadan bilet almayı düşünmüyorum.",Olumsuz
111,Pegasus,Salih Y,1,1,Sözde uçmanın en ucuz yolu,Eindhoven - Istanbul,Dış Hat,Şubat 2024,10 Şubat 2024,"Pegasus, 'uçmanın en ucuz yolu' sloganıyla kendini pazarlıyor ancak uygulamada durum tamamen farklı. Uçak bileti fiyatları konforlu ve yüksek kaliteli diğer havayollarıyla karşılaştırıldığında çoğu zaman daha pahalıya mal oluyor. El bagajı hakkı sadece bir adet 8 kg olarak belirtiliyor, fakat bayan yolcuların yanlarında taşıdığı küçük çantalar ve kişisel eşyaları ikinci bagaj olarak sayılıyor ve buna göre 50 Euro ceza uygulanıyor. Uçuş sırasında yiyecek ve içecekler çok pahalı ve hizmet kalitesi oldukça düşük. Tüm masraflar ve ek ücretler toplandığında, Pegasus ile uçmak, maliyet açısından konforlu havayollarıyla eşdeğer veya daha pahalıya geliyor. Yolcuların konforu neredeyse hiç önemsenmiyor; kabin ekibi nazik olsa da, sistemin işleyişi yolcular için zorlayıcı. Uçakta tuvalet kullanımından yiyecek ve içeceklere kadar neredeyse her şey için ekstra ücret ödeniyor. Bu deneyim benim için tamamen hayal kırıklığı yaratmıştır ve bundan sonra Pegasus ile uçmayı kesinlikle düşünmüyorum.",Olumsuz
112,Pegasus,Neslihan,2,1,Tümü yeni nesil ama koltukları geriye yatmayan filoya sahip hava yolu!,Sharjah - Istanbul,Dış Hat,Şubat 2024,4 Şubat 2024,"Pegasus'un güncel filosu tümüyle yeni nesil uçaklardan oluşsa da, koltukların geriye yatmaması ciddi bir konfor sorunu yaratıyor. Sabah 05:25 kalkışlı uçuş için gece 02:30'da yola çıkan yolcular, 5 saat sürecek bir uçuşta dimdik oturmak zorunda kalıyor. Özellikle uzun süreli uçuşlarda, başını yaslayacak yer bulunmaması ve hareket alanının kısıtlı olması kas ve sırt ağrılarına yol açıyor. Teknik malzeme ve bakım konularında tasarruf yapılmış izlenimi veriyor. Filonun yeni ve genç olması, yolcuların gözünde itibar yaratmak yerine konfor eksikliği ve memnuniyetsizliği öne çıkarıyor. Yolcuların uzun uçuşlarda yaşadığı rahatsızlık, düşük maliyetli operasyon modelinin olumsuz bir sonucu olarak öne çıkıyor. Şehirlerarası otobüslerin bile uçaklardan daha konforlu olduğu hissi, Pegasus'un hizmet kalitesi konusunda ciddi eleştirilere açık olduğunu gösteriyor.",Olumsuz
113,Pegasus,Quest46680428428,1,1,Bir daha asla Pegasus,Ankara - Vienna,Dış Hat,Ocak 2023,12 Aralık 2023,"El bagajı hakkım 8 kg olmasına rağmen yanımda el bagajı bulunmamasına rağmen valiz hakkım 25 kg idi. Valizim 28 kg gelince benden 17 Euro ek ücret talep ettiler. Bilet görevlileri önce valizi kabul etmeyeceklerini söylediler ancak sonrasında ödeme yapmamı sağladılar. Bu durum çok stresli ve kafa karıştırıcıydı. Bu deneyim, Pegasus ile bir daha asla uçmayacağım kanaatini kesinleştirdi. Dünyada başka güvenilir havayolu seçenekleri varken, Pegasus'un uyguladığı ek ücret politikaları ve tutarsız kontrol prosedürleri, yolcuları mağdur etmekte ve güven kaybına yol açmaktadır.",Olumsuz
114,Pegasus,Fadime Y,1,5,Nadire Yilmaz,Kayseri - Eindhoven,Dış Hat,Aralık 2023,6 Aralık 2023,"Kayseri’den bana yardımcı olan Nadire Yilmaz’a teşekkür ediyorum. Yolculuğum sırasında sağladığı ilgi ve destek çok değerliydi. Kendisi sorularımı hızlı bir şekilde yanıtladı, bagaj ve uçuş işlemleri sırasında rehberlik etti ve genel olarak uçuş deneyimimi kolaylaştırdı. Bu tür personel yaklaşımı, yolcuların memnuniyetini artırıyor ve havayolu firması için olumlu bir izlenim yaratıyor. Nadire Hanım’ın gösterdiği profesyonellik ve nazik davranış, Pegasus deneyimimi daha olumlu bir hale getirdi.",Olumlu
115,Pegasus,Escape07457683550,1,5,Müşteri memnuniyeti,Copenhagen - Istanbul,Dış Hat,Kasım 2023,26 Kasım 2023,"26 Kasım’da Kopenhag-İstanbul / SAW hattında seyahat ettim. Uçuş sırasında bizimle ilgilenen Enes, Zekeriya ve Cemre Ada isimli hizmet personeline çok teşekkür ediyorum. Sağladıkları destek, hızlı ve çözüm odaklı hizmet, yolculuk sırasında karşılaştığım sorunları minimize etti. Bu tür personel davranışları, Pegasus Airlines ile uçmayı daha güvenli ve konforlu bir deneyim haline getiriyor. Bundan sonraki seyahatlerimde de Pegasus’u tercih etme konusunda motive oldum ve personelin sağladığı kaliteli hizmeti özellikle takdir ediyorum.",Olumlu
116,Pegasus,Salim A,1,1,Berbat,Istanbul - Lyon,Dış Hat,Kasım 2023,23 Kasım 2023,"Pasaport kontrolünde yaklaşık 1 saat bekledik ve kapıya 5 dakika geç kaldığımız için uçağa alınmadık. Personel anlayış göstermedi, güler yüz ve nezaket yoktu. Yeniden bilet almak zorunda kaldık. Uçuşların sürekli rötarlı olması da cabası. Bu deneyim beni hem maddi hem manevi olarak yıprattı. Tekrar tercih etmeyi düşünmüyorum.",Olumsuz
117,Pegasus,Hasan A,2,1,"Pegasus berbat Firma, hijyen sıfır uçaklar çok kirli personel çok kaba yiyecekler çok pahalı",Gaziantep - Düsseldorf,Dış Hat,Ekim 2023,3 Kasım 2023,"Aktarmasız uçuşumuz bilgilendirme yapılmadan iptal edilerek aktarmalı uçuşa çevrildi. Aktarmalı uçuş da rötarlı kalktı ve fiyat farkı iade edilmedi. Uçaklar kirli ve hijyen yetersizdi. Personelin kaba tavırları rahatsız ediciydi. Uçak içi yiyecek ve içecek fiyatları çok pahalıydı (örneğin kahve 8 Euro). Hizmet kalitesi açısından son derece memnuniyetsiz kaldım.",Olumsuz
118,Pegasus,Nilsu Bağıgüzel,19,5,Bahadır Atakan ve Ekibine kocaman sevgiler,Istanbul - Antalya,İç Hat,Ekim 2023,3 Kasım 2023,"26-10-2023 tarihinde PC4311 sefer sayılı uçuşta kabin ekibi amiri Bahadır Atakan ve ekibine teşekkür ederim. Güler yüzlü, ilgili ve profesyonel yaklaşımları sayesinde özellikle panik atak yaşayan bir yolcu olarak kendimi güvende hissettim. Pozitif enerjileri ve destekleri uçuş deneyimimizi çok daha iyi hale getirdi.",Olumlu
119,Pegasus,giz s,40,5,Yenilenmiş filo,Istanbul - Izmir,İç Hat,Ekim 2023,23 Ekim 2023,"Uçaklar yenilenmiş ve temizdi ancak koltuk aralıkları oldukça dar. Bir saatten uzun uçuşlar için konfor yetersiz kalıyor. Yiyecek ve içeceklerin ücretli olması anlaşılabilir fakat suyun dahi ücretli olması yolcu açısından olumsuz bir durum. Genel olarak fiyat-performans dengesi tartışmalı.",Olumsuz
120,Pegasus,Yiğit A,1,1,pegasus HAKSIZLIK YAPMAYIN!!!,Amsterdam - Istanbul,Dış Hat,Eylül 2023,11 Ekim 2023,"Online olarak daha uygun fiyata aldığım bilet iptal edildi ve daha pahalı bilet almak zorunda kaldım. Fiyat farkının iade edileceği söylendi ancak yaklaşık 1 yıldır ödeme yapılmadı. Gönderdiğim e-postalara yanıt alamıyorum. Bu süreç güven kaybına yol açtı ve resmi mercilere şikayet etmeyi düşünüyorum.",Olumsuz
121,Pegasus,Tayfun F,1,1,Pegasus hava yolları yolcuyu kandırıyor,Eindhoven - Istanbul,Dış Hat,Eylül 2023,3 Eylül 2023,"Eindhoven’dan İstanbul’a gerçekleştirdiğimiz uçuşta iki adet bilgisayar sırt çantası için 140 Euro ekstra ücret alındı. Yolculuk sırasında verilen sandviçlerin kalitesi de oldukça düşüktü ve iade talebimiz kabul edilmedi. Personel iletişiminde de sorun yaşadık; açıklamalar yetersiz ve yaklaşım soğuktu. Genel olarak ücret politikası ve hizmet kalitesi açısından hayal kırıklığı yaratan bir deneyim oldu.",Olumsuz
122,Pegasus,Mehmet A,1,1,Uçuş esnasında kırılan valizler,Diyarbakır - Istanbul,İç Hat,Haziran 2023,24 Ağustos 2023,"Uçuş sırasında valizim hasar gördü ve ilgili yetkililere başvurduğumda birkaç form doldurttular. 3 gün sonra gelen cevapta hasarın 'ufak çatlak ve delik' olarak değerlendirilerek yalnızca özür dilendi. Maddi zararımın karşılanmaması ve sürecin çok yüzeysel yürütülmesi büyük hayal kırıklığı yarattı.",Olumsuz
123,Pegasus,Faruk K,1,1,"Miserabel,ohne Qualität.",Bonn - Istanbul,Dış Hat,Ağustos 2023,19 Ağustos 2023,"Organizasyon eksikliği, sık yaşanan gecikmeler ve bagaj işlemlerindeki düzensizlikler nedeniyle son derece olumsuz bir deneyim yaşadım. Bekleyen yolcular arasında sohbet eden personel görmek de memnuniyetsizliği artırdı. Hizmet kalitesinin geliştirilmesi gerektiğini düşünüyorum.",Olumsuz
124,Pegasus,Filiz D,1,1,12 Ağustos 2023 PC2194 uçuş rötarı,Istanbul - Izmir,İç Hat,Ağustos 2023,12 Ağustos 2023,"PC2194 sefer numaralı uçuş, planlanan 13:00 kalkış saatine rağmen defalarca rötar yaparak 16:00’da gerçekleşti. Bu gecikme nedeniyle aktarma trenimi kaçırdım ve herhangi bir yetkiliye ulaşamadım. Maddi ve manevi zararımın karşılanmasını talep ediyorum.",Olumsuz
125,Pegasus,Relax826218,1,5,Tebrikler,Nicosia - Istanbul,Dış Hat,Temmuz 2023,2 Ağustos 2023,"Uçuş sırasında satılan yiyecek ve içeceklerin fiyatlarının makul seviyede olması memnuniyet vericiydi. Genel olarak hizmet politikasında olumlu değişimler olduğunu düşünüyorum ve uçuş deneyimimden memnun kaldım.",Olumlu
126,Pegasus,Beran G,1,2,Irkçı Kaba Davranışlar,Amsterdam - Istanbul,Dış Hat,Temmuz 2023,4 Temmuz 2023,"01.07.2023 tarihinde Amsterdam-Sabiha Gökçen uçuşunda check-in bagaj verme sırasında, 10 numaralı bankoda çalışan Pegasus çalışanı kadın görevli Türkçe konuştuğum için 'Burası Hollanda Türkçe konuşamazsın, benimle İngilizce konuşacaksın' şeklinde bir davranış sergiledi. Bagajımız 3 kg fazla geldiği ve kitap koruma çantamı ilave bagaj olarak gördüğü için ekstra ücret ödenmesini talep etti. Konuyu sorduğumda tehditkar ve kaba bir tutum sergileyerek 'Burası Hollanda git Türkiye’de söyle bunları' dedi. Eşim ile konuştuğumuzda sürekli 'Türkçe konuşma' uyarısı aldık. İngilizce bilmediğimi söylediğimde 'Neden buraya geldin, Türkçe konuşamazsın' dedi. Yanında bulunan başka bir çalışan Gülten isimli kişi de tehditkar bir şekilde, 'Sizi pilota söyler, kendisinden özür dilemezsem uçağa alınmazsınız' dedi. Tehdit, zorbalık, ırkçılık ve hakaret içerikli bu deneyim Türk vatandaşı olarak yaşadığım ciddi bir mağduriyet oldu. Kamera kayıtları ve tanıklar durumu doğrulayacaktır.",Olumsuz
127,Pegasus,Barış T,1,2,Berbat bir havayolu,London - Izmir,Dış Hat,Nisan 2023,3 Temmuz 2023,"Uçuş deneyimi tam anlamıyla rezaletti. Fazla bagaj ücreti iki kez talep edildi, çalışanlar son derece saygısız ve kaba davrandı. Uçaklar temiz değildi ve koltuklar rahatsızdı. Hizmet kalitesi çok düşük, süreçler düzensiz ve yolcu memnuniyeti yok denecek kadar az.",Olumsuz
128,Pegasus,Özgür Pazar,1,1,Pegasus Antalya çalışan personelin hakareti,Antalya - Istanbul,İç Hat,Haziran 2023,21 Haziran 2023,"Antalya Pegasus bagaj teslim check-in bölümünde genç ve tecrübesiz bir bayan çalışan mağduriyet yaşattı. İlgili personel, verilen yetkiyi kendi egosu doğrultusunda agresif bir şekilde kullandı. Hakaret ederek 'boş konuşuyorsunuz' gibi ifadeler kullandı. Mağduriyetimiz sadece hakaretlerle kalmadı, davranışlar ciddi şekilde rahatsız ediciydi. Kamera kayıtları incelenebilir ve durum doğrulanabilir.",Olumsuz
129,Pegasus,Derya D,1,1,Uçak saatlerinin gecikmesi,Istanbul - Antalya,İç Hat,Mayıs 2023,27 Mayıs 2023,"Mayıs 2023'te Antalya-İstanbul arasında dört farklı uçuşumda, özellikle İstanbul uçuşlarında dört saat havalimanında bekletildik. Hiçbir açıklama yapılmadı. Hava koşullarının etkisi olmadığını düşünüyorum; tamamen sorumsuzluk ve kötü yönetim kaynaklı bir durum söz konusu. Pegasus’u kimseye önermiyorum.",Olumsuz
130,Pegasus,Deniz K,1,5,TEŞEKKÜR,Istanbul - Prague,Dış Hat,Mayıs 2023,15 Mayıs 2023,"PC301 sefer sayılı 13:50 Pegasus İstanbul-Prag uçağındaki kabin ekibine tüm incelikleri, samimiyetleri ve işlerinde gösterdikleri özen için sonsuz teşekkür ederim. Berfin Hanım, Doğukan Bey ve Yakup Bey, profesyonel ve samimi yaklaşımları sayesinde uçuş korkum olmasına rağmen keyifli ve konforlu bir yolculuk geçirdik. Pegasus Ailesi’ne tekrar teşekkür ederim.",Olumlu
131,Pegasus,Dilan B,1,5,Antalya istanbul sabiha gökçen 22:05 uçağı hk.,Antalya - Istanbul,İç Hat,Mayıs 2023,13 Mayıs 2023,"Antalya-Sabiha Gökçen 22:05 seferli uçuşumda kabin memuru Ozan Bey’in ilgisi ve yardımları sayesinde uçuş sırasında yaşadığım korkuyu yenmem konusunda büyük destek aldım. Kendisi uçuş öncesi ve uçuş sırasında sürekli olarak benimle ilgilenerek, gerekli açıklamaları yaptı ve güven vermeyi başardı. Bu profesyonel ve samimi yaklaşımı sayesinde yolculuğum çok daha rahat geçti. Kendisine ve kabin ekibine teşekkür ederim. Bu deneyim, Pegasus’u gelecekte de tercih etme sebeplerimden biri oldu.",Olumlu
132,Pegasus,Ayse S,2,1,Pegasus bıktırdı,Istanbul - Rome,Dış Hat,Eylül 2022,27 Nisan 2023,"Pegasus ile yaşadığım uçuş deneyiminde iptal edilen uçuş ücretimin yarısını kesip kalanını geri iade etmediler. Defalarca telefonla aradım, e-posta gönderdim ve haftalar boyunca sonuç alamadım. Bu durum ciddi bir sorumsuzluk ve müşteri memnuniyetsizliği yaratmaktadır. İlgili geri ödeme süreci tamamen aksadı ve iletişim eksikliği, firmanın müşteri hizmetleri konusunda ciddi problemleri olduğunu gösteriyor. Bu deneyim Pegasus’a olan güvenimi olumsuz etkiledi.",Olumsuz
133,Pegasus,Hayta,16,2,İlgisizlik kendini beğenmişlik laubali havalı Personel (işçi),Copenhagen - Adana,Dış Hat,Nisan 2023,7 Nisan 2023,"Kopenhag-İstanbul aktarmalı Adana uçuşumda uzun süre beklememize rağmen Pegasus personeli oldukça ilgisiz ve kabaydı. Online check-in yapan yolculara ayrıcalık tanınırken, diğer yolculara sert ve bağırarak anons yapılması adaletsizdi. Görevliye durumu ilettiğimde sorun çözülmedi ve personel arkamızı dönüp gitmekle yetindi. Ailemle birlikte seyahat ediyordum, iki küçük çocuğum vardı ve bu davranışlar son derece rahatsız ediciydi. Pegasus’un Avrupa’daki personel eğitimlerinin yetersiz olduğunu gözlemledim; müşteriyle doğru iletişim ve empati eksikti. Bu tür durumların önlenmesi için şirketin personeline kapsamlı müşteri hizmetleri eğitimi vermesi gerektiğini düşünüyorum. Yaşadığımız aksaklık ve haksız davranışlar nedeniyle masraflarımızın ve uğradığımız mağduriyetin tazmin edilmesini talep ediyorum.",Olumsuz
134,Pegasus,V B,1,1,"Kaçırılan uçağımızın bagaj ve vergi parasını söz verildiği gibi (70-80$) geri istiyoruz!!! SAW-VIE 08/01/2021 PC903",Istanbul - Vienna,Dış Hat,Mart 2023,13 Mart 2023,"08/01/2023 tarihinde PC903 sefer sayılı İstanbul-Viyana uçuşumuzu kaçırdık. Bu durum sonrasında Pegasus ile onlarca e-posta ve telefon görüşmesi yaptım. Uçuş sırasında ödenmiş bagaj ve vergi bedeli olan 70-80$ halen tarafıma geri ödenmedi. Maillerime cevap alamadım ve sürecin takip edilmediğini gördüm. Bu tür durumlar, müşteri hizmetleri ve geri ödeme süreçlerinin ne kadar yetersiz olduğunu ortaya koymaktadır. Pegasus’a olan güvenimi ciddi şekilde sarstı ve bu nedenle gelecekte tercih etmeyi düşünmüyorum.",Olumsuz
135,Pegasus,Selçuk T,1, 1,kabin amiri,Antalya - Istanbul,İç Hat,Şubat 2023,17 Şubat 2023,"Antalya-İstanbul PC2005 sefer sayılı uçuş sırasında kabin amiri görevini gerektiği gibi yerine getirmedi. Uçak iniş anında, kemer ikaz ışıkları hâlâ yanarken yolcular ayağa kalkıp bagajlarını almak istedi. Kabin amirine şikayette bulunduğumda yalnızca anons yapabildiklerini ve başka prosedürlerinin olmadığını belirtti. Pilot da durumu teyit etti. Daha sonra PC2010 seferinde tekrar uçağa binerken aynı kabin amirine durumu ilettim, ancak tutanak tutulabileceğini belirttiler ve polis çağrıldı. Uçaktan polis eşliğinde indirildim ve bir saatten fazla tutulduk. Tüm yaşananlar video kayıtları ile belgelenmiş durumda. Bu deneyim, Pegasus’un kabin yönetimi ve yolcu güvenliği prosedürlerinde ciddi eksiklikler olduğunu gösteriyor ve ilgili yetkililerin açıklama yapması gerekmektedir.",Olumsuz
136,Pegasus,Gökhan Bey,2,1,Müşterilerini mağdur etmekten hiç çekinmeyen bir firma,Istanbul - Athens,Dış Hat,Aralık 2022,23 Ocak 2023,"Evraklarım tam olmasına rağmen güvenlik riski gerekçesiyle uçağa alınmadım. Bu durum bana yaklaşık 5000 TL maddi zarar verdi. Almadığım ve aldırmadığım her bilet için şirkete ciddi zarar vereceğimi söylemek istemem ancak yaşadığım mağduriyetin telafi edilmesini beklerdim.",Olumsuz
137,Pegasus,Onur S,1,1,Ölüm uçuşu,Istanbul - Antalya,İç Hat,Aralık 2022,14 Aralık 2022,"21:50 uçuşumuz gecikmeli kalktı ve pilotun çok hızlı ve sarsıntılı uçuşu yolculuk boyunca korku yaşattı. Antalya’ya iniş sırasında piste çok hızlı yaklaşıldı, ardından ani manevra ile tekrar yükselindi. Antalya üzerinde bir süre dolaştıktan sonra Sabiha Gökçen’e geri dönüldü. İniş sırasında da motorların zorlandığı hissedildi. Uçuş sonrası konaklama için otele yönlendirildik ve oda almak için uzun süre sıra bekledik. Açıklama ve bilgilendirme yetersizdi. Hayat güvenliğini riske atan bu deneyim nedeniyle Pegasus’u önermiyorum.",Olumsuz
138,Pegasus,s a,1,1,Para kes bilet yok!!!!!!!,Amsterdam - Istanbul,Dış Hat,Kasım 2022,9 Kasım 2022,"Bilet tarihimi değiştirmek için işlem yaptım. Onayı verdikten sonra banka hesabımdan ödeme çekildi ancak bilet tarafıma gönderilmedi. Müşteri hizmetlerini aradığımda hatanın bankadan kaynaklandığı söylendi. Ancak aynı hatanın sürekli tekrar etmesi ve sorumluluğun müşteriye yüklenmesi güven sarsıcıdır. Dekontlarımı saklıyorum ve gerekli şikayetleri yapacağım.",Olumsuz
139,Pegasus,Burcu Ç,3,1,Rezalet.,Hatay Province - Nicosia,Dış Hat,Kasım 2022,6 Kasım 2022,"Yaklaşık 50 dakika boyunca hiçbir açıklama yapılmadan bekletildik. Reklamlarda belirtilen ‘%100 zamanında kalkış’ iddiası gerçekçi görünmüyor. Bilgilendirme eksikliği ve gecikme süreci yolcuları zor durumda bıraktı. Hizmet kalitesinin geliştirilmesi gerektiğini düşünüyorum.",Olumsuz
140,Pegasus,Zynpzynp,2,1,Berbatsınız!,Amsterdam - Istanbul,Dış Hat,Ekim 2022,31 Ekim 2022,"Amsterdam-İstanbul uçuşumda kabin boy bagajım ve içinde bilgisayarım olan sırt çantam vardı. Tek parça bagaj kuralı nedeniyle uçuş öncesinde 70 Euro ekstra ödeme yapmak zorunda kaldım. Arkadaşımın da yalnızca sırt çantası vardı ancak gecikmeden dolayı düzenlemeye yetişemedik. Bu uygulamanın yolcuları zor durumda bıraktığını düşünüyorum ve bu durumdan şikayetçiyim.",Olumsuz
141,Pegasus,Ali Yıldırım,2,2,PEGASUS BÜYÜK HAYAL KIRIKLIĞI,Nicosia - Antalya,Dış Hat,Ekim 2022,30 Ekim 2022,"Kıbrıs-Antalya uçuşumuz kalkış öncesinde teknik bir arıza nedeniyle iptal edilme noktasına geldi. Uçağın içinde yoğun ve rahatsız edici bir benzin kokusu hissedildi ve bu durum yolcular arasında ciddi bir güvenlik endişesi yarattı. Arıza sebebiyle uçuştan tahliye edildik ve alternatif bir uçağa yönlendirildik. Bu süreç yaklaşık 3 saatlik ekstra zaman kaybına neden oldu. Personelin yaklaşımı ise profesyonel ve bilgilendirici olmaktan uzaktı; yolculara yeterli açıklama yapılmadı ve davranışlar şehir içi minibüs muavini tavrına benzetildi. Bu deneyim oldukça olumsuz ve güvenlik açısından da kaygı vericiydi.",Olumsuz
142,Pegasus,Coshkun,1,1,"30 dakika dendi, 2saat rötar oldu",Istanbul - Baku,Dış Hat,Ekim 2022,17 Ekim 2022,"16 Ekim 2022 tarihinde İstanbul-SAW Bakü GYD uçuşum planlanan saat olan 23:25 yerine ciddi gecikmelerle gerçekleşti. İlk olarak 20:39’da sadece 30 dakika gecikme bildirimi gönderildi. Uluslararası uçuşlar için havalimanında erken bulunmam gerektiği için zaten havaalanındaydım. Uçak nihayet 01:14’te kalktı ve gecikme hakkında herhangi bir açıklama yapılmadı. Kabin görevlilerine gecikmenin nedeni sorulduğunda sayım yapıldığı söylendi. Ayrıca kabin bagajımı başüstü bölmeye yerleştirmek istediğimde boş yer bulamadım ve kabin görevlilerinden yardım talep ettim; ancak görevli sadece koltuğumun altına yerleştirebileceğimi söyleyerek ilgilenmedi ve muhabbetine devam etti. Yolculuk süresince hizmet kalitesi oldukça düşüktü.",Olumsuz
143,Pegasus,YeicGeztoz✔,34553,3,Pegasus,Malatya - Istanbul,İç Hat,Haziran 2022,27 Eylül 2022,"Pegasus ile gerçekleştirdiğim uçuşlarda genel olarak rötar yaşamadım ve uçuşlar zamanında gerçekleşti. Uçakta ikram hizmeti bulunmuyor; yiyecek ve içecekler ücretli olarak sunuluyor. Bilet alırken menüdeki ürünleri önceden ödeme yaparak sipariş edebiliyorsunuz ve kabin ekibi servis konusunda düzenli ve hızlı davrandı. Rahat bir seyahat deneyimi yaşadım ancak ikramların tamamen ücretli olması bazı yolcular için dezavantaj oluşturabilir.",Olumlu
144,Pegasus,Abdullah D,187, 1,Köylü Kurnazı,Antalya - Zurich,Dış Hat,Eylül 2022,25 Eylül 2022,"Bilet satın alma sürecinde bagaj haklarının sistemsel olarak değiştirildiğini ve bu nedenle ekstra ücret ödendiğini deneyimledim. Millerle alınan bilette bagaj hakkımın iptal edilmesi ve sonraki biletleme işleminde tekrar satılması yaklaşık 750-800 TL ek maliyete yol açtı. Şirketin biletleme ve bagaj politikalarının müşteri açısından kafa karıştırıcı ve ek ücret odaklı olduğu izlenimini edindim. Bilet alırken bagaj hakkı ve ek ücret detaylarının dikkatle kontrol edilmesi gerekiyor.",Olumsuz
145,Pegasus,Neda Ö,1,4,Ucus,Kayseri - Stuttgart,Dış Hat,Eylül 2022,16 Eylül 2022,"Kayseri-Stuttgart uçuşumda kabin ekibi oldukça ilgili ve güler yüzlüydü. Özellikle Bahadır Bey’in profesyonel ve yardımsever yaklaşımı uçuş deneyimimi olumlu yönde etkiledi. Hosteslerin samimi ve destekleyici davranışları sayesinde korku yaşayan yolcuların daha rahat ettiği bir ortam sağlandı. Genel olarak bu uçuşta hizmet kalitesi ve personel iletişimi başarılıydı.",Olumlu
146,Pegasus,Serkan G,2,1,Rezalet !!!,Bodrum District - Berlin,Dış Hat,Eylül 2022,8 Eylül 2022,"Pegasus ile gerçekleştirdiğim uçuş deneyimi tam anlamıyla hayal kırıklığıydı. Müşteri temsilcilerinden hiçbir konuda destek veya yardım alamadım. Check-in sırasında gişe görevlinizin Almanya gümrük polislerinden bile sert ve tuhaf bir tavır sergilemesi beni 20 yıllık yolculuk tecrübeme rağmen şoke etti. Tüm bu olumsuz deneyimlerin yanı sıra, sadece Almanya’ya tek yön uçuş için ödediğim 13.000 TL gibi astronomik ücret, Pegasus ile bir daha asla çalışmamak için yeterli oldu. Bu mentaliteyle Pegasus’un çok sayıda müşteri kaybedeceğini düşünüyorum.",Olumsuz
147,Pegasus,esma k,6,1,Hizmeti hic iyi değil,Istanbul - Munich,Dış Hat,Eylül 2022,7 Eylül 2022,"Pegasus ile gerçekleştirdiğim uçuş deneyimi beklentilerimin çok altında kaldı. Bavullarım hasar gördü ve irtibat numaralarına ulaşmak neredeyse imkânsızdı. E-postalara cevap almak oldukça zor ve karmaşık bir süreçti. Servis hizmetleri genel olarak yetersizdi ve herhangi bir çözüm sunulmadı. Yolculuk boyunca karşılaştığım aksaklıklar ve ilgisizlik, Pegasus’un müşteri memnuniyetine yeterince önem vermediğini gösteriyor.",Olumsuz
148,Pegasus,doguhan G,2,1,Rezalaet daniskası berbat,Istanbul - Ankara,İç Hat,Eylül 2022,5 Eylül 2022,"5 Eylül tarihinde İstanbul-Ankara uçuşumda tam anlamıyla bir rezalet yaşadım. Uçağın kalkış saati 10:30 olarak planlanmışken, 11:30’da ancak kalkabildi. Uçakta tam 1 saat 20 dakika koltukta beklemek zorunda kaldım ve bu süreçte hiçbir bilgilendirme yapılmadı. Hem zaman kaybı hem de yaşanan belirsizlik, uçuş deneyimimi olumsuz etkiledi. Pegasus’un planlama ve yolcu bilgilendirme süreçlerinde ciddi eksiklikler mevcut.",Olumsuz
149,Pegasus,Mert M,1,5,Rezalet,Ankara - Antalya,İç Hat,Ağustos 2022,8 Ağustos 2022,"Uçak biletine ödediğim 1.500 TL ücrete rağmen uçuş sırasında herhangi bir ikram yapılmaması son derece hayal kırıklığı yarattı. Ucuz otobüs firmalarının dahi ikram sunduğu bir ortamda Pegasus’un bu hizmet eksikliği ciddi bir memnuniyetsizlik yarattı. Bir bardak su bile ikram edilemiyorsa, bu durum yolcu hakları açısından kabul edilemez. Bu deneyim, paranın karşılığını alamama hissiyle yolculuğu olumsuz bir hale getirdi.",Olumsuz
150,Pegasus,Özlem S,1,1,Bebek,Kayseri - Izmir,İç Hat,Temmuz 2022,17 Temmuz 2022,"Bebek arabasıyla seyahat eden yolculara Pegasus’u kesinlikle tavsiye etmiyorum. Kayseri-İzmir uçuşum sırasında bebek arabamın kulpu kırıldı, yüzeyi çizildi ve kullanılamaz hale geldi. Karşılığında Pegasus müşteri hizmetleri küçük bir hasar olarak değerlendirip herhangi bir çözüm sunamayacaklarını belirtti. Yaşadığım bu olumsuz deneyim, hem maddi kayba hem de ciddi memnuniyetsizliğe yol açtı. Müşteri hizmetlerinin ilgisiz ve çözüm odaklı olmaması, bu seyahati son derece olumsuz bir deneyim haline getirdi.",Olumsuz
151,Pegasus,Ayse K,1,1,Berbat,Adana - Antalya,İç Hat,Temmuz 2022,14 Temmuz 2022,"15 dakika gecikmeli kalkışını bir nebze tolere edebilirdim ancak uçuş sonrası yaşanan bagaj teslim süreci tam anlamıyla kabul edilemezdi. Uçaktan indikten sonra tam bir saat boyunca bagajımızı bekledik, bu süre hem fiziksel olarak yorgunluk hem de zihinsel olarak ciddi bir rahatsızlık yarattı. Böyle bir süreç, özellikle acil işleri olan veya başka ulaşım planları yapan yolcular için büyük bir problem teşkil eder. Pegasus’un bagaj dağıtım organizasyonu ve personel koordinasyonu ciddi şekilde gözden geçirilmesi gereken alanlar arasında. Maalesef, bu deneyim nedeniyle Pegasus’u hiçbir şekilde tavsiye edemiyorum ve gelecekte olası yolcuların benzer sorunlar yaşamaması için şirketin bu konuda ciddi önlemler alması gerektiğini düşünüyorum.",Olumsuz
152,Pegasus,Nilüfer S,2,5,"Guleryüzlu, yardımsever personel",Istanbul - London,Dış Hat,Temmuz 2022,5 Temmuz 2022,"Sabiha Gökçen Havalimanı’ndan Londra Stansted’e gerçekleştirdiğim seyahati unutulmaz kılan Pegasus personelinin yaklaşımı oldu. Özellikle Levent Akkusa, ilk uçuş deneyimimde bana gösterdiği ilgi, alaka ve güler yüzle misafirperverliğin ne demek olduğunu somut olarak gösterdi. Uzun yıllardır turizm sektöründe çalışan biri olarak, Pegasus’un personelinde mesleki etik ve müşteri odaklı davranışları görmek gerçekten takdire şayandı. Bu deneyim, uçuş boyunca kendimi özel hissetmemi sağladı ve Pegasus’un müşteri memnuniyetine ne kadar önem verdiğini gösterdi. Böyle profesyonel ve sıcak kanlı çalışanların bulunması, firmanın uzun vadede güçlü bir itibar kazanmasına katkı sağlar.",Olumlu
153,Pegasus,Mahmud A,1,1,Mükemmel bir Hizmet,Istanbul - Samsun,İç Hat,Haziran 2022,28 Haziran 2022,"Sabiha Gökçen Havaalanı'ndan Samsun’a gerçekleştirdiğimiz uçuşta, evcil hayvanım olduğu için online check-in yapamayarak kontuardan işlem yapmak zorunda kaldık. D3 kontuarına yönlendirildik ancak yoğunluk nedeniyle uzun süre beklemek zorunda kaldık. Uçuşa 55 dakika kala durumu belirttim ve görevlinin hızlı müdahalesi sayesinde sisteme girişimiz sağlandı, ayrıca evcil hayvan bilgilerim de doğru şekilde sisteme işlendi. Bu süreç, personelin müşteri odaklı ve çözüm üretme becerisi ile olumlu bir deneyim haline dönüştü. Pegasus’un bu tür özel durumlarda gösterdiği anlayış ve hızlı çözüm yeteneği, yolculuğu çok daha rahat ve sorunsuz hale getirdi. Bu deneyim için görevliye ve Pegasus’a teşekkür ederim.",Olumlu
154,Pegasus,Aslideni,90,1,Kaçarak uzaklaşın,Dalaman - Istanbul,İç Hat,Haziran 2022,25 Haziran 2022,"Dalaman-İstanbul uçuşumda yaşadığım deneyim, Pegasus’un kurumsal işleyişten ne kadar uzak olduğunu gözler önüne serdi. Teknik arızalar olabilir ve bu durum anlaşılabilir, ancak tüm yer ekibinin acemiliği, anons yapma beceriksizliği ve İngilizce yetersizliği ciddi sorunlar yarattı. Uçağın kalkması gereken saatten çok sonra hala havaalanında beklemek, otel ve diğer hizmetlerin koordinasyon eksikliğini gözler önüne serdi. İki günlük tatilde gidiş-dönüş toplam bir gününüzü havaalanında geçirebilirsiniz. Bu deneyim hem zaman kaybı hem de stres anlamında çok olumsuzdu. Bir daha Pegasus ile uçmam, çocuklarımı da bindirmem ve kimseye de tavsiye etmem.",Olumsuz
155,Pegasus,idris k,1,1,Müşteri düşmanı Pegasus,Batman Province - Istanbul,İç Hat,Temmuz 2021,19 Mayıs 2022,"Pandemi sürecinde biletimi açığa alma hakkımı kullanarak biletimi açığa aldım. Ancak biletimi kullanmak istediğimde, 31.12.2021 tarihinde Pegasus herhangi bir bildirimde bulunmadan biletimi iptal etti. Bu durumla ilgili hukuki haklarımı arayabilmek için beş defa mail yazdım, üç defa müşteri hizmetlerini aradım ancak hiçbir yanıt alamadım ve bilet bilgilerim bile verilmedi. Bu, müşterisine karşı son derece sorumsuz ve adaletsiz bir yaklaşım olup, Pegasus’un müşteri memnuniyetini umursamadığını ve hakları ihlal eden bir havayolu şirketi olduğunu göstermektedir. Böyle bir deneyim, yolcu güveni ve sadakati açısından ciddi bir zarar yaratmaktadır.",Olumsuz
156,Pegasus,Caner E,10,1,Asla Bilet Almayın,Istanbul - Hurghada,Dış Hat,Ocak 2022,19 Nisan 2022,"Babamın hastalığı ve pandemi nedeniyle uçuşumu gerçekleştiremedim. Bilet ücretimi puana çevirmemi önerdiler ve puanların %100 kullanılabileceğini söylediler. Ancak sonraki bilet alışımda sistem puanların yalnızca %30’unu kullandırdı. Çağrı merkezi sorunu çözmedi ve şikayet kaydı oluşturulduğu söylenmesine rağmen geri dönüş yapılmadı. Ameliyat olduğum dönemde biletlerimi açığa almak zorunda kaldım fakat iade edilmesi gereken tutar hesabıma yatırılmadı. Tüm başvurularıma rağmen destek alamadım. Pegasus’un yolcu haklarını yeterince korumadığını düşünüyorum.",Olumsuz
157,Pegasus,erol i,7,1,Uçuş iptali ve maddi zarar,Oslo - Istanbul,Dış Hat,Nisan 2022,2 Nisan 2022,"Mayıs 10’da planladığımız uçuş Pegasus tarafından iptal edildi. Otel rezervasyonumuz ve seyahat planımız zarar gördü. İki kişilik bilet için 1450 Norveç kronu ödemiştik ve yeni bilet almak zorunda kaldık. Yeni bilet fiyatı 3667 krona çıktı ve bu durum ciddi maddi kayba yol açtı. Önemli seyahatlerde Pegasus’un tercih edilmemesini öneriyorum.",Olumsuz
158,Pegasus,TarkanKisioglu,14,1,Hayal kırıklığı ve iptal sorunu,Gaziantep - Istanbul,İç Hat,Şubat 2022,10 Mart 2022,"Hava şartları nedeniyle uçuşumuzun iptal edildiği SMS ile bildirildi. Ancak aynı zamanda başka havayolları uçuşlarını sürdürüyordu. Otel ve ulaşım desteği konusunda yeterli bilgi verilmedi ve müşteri hizmetlerine ulaşmak zor oldu. İngilizce açıklama içeren bir e-posta dahi tarafımıza gönderilmedi. Seyahat sigortası kapsamında olası zararlarımızı karşılayabilirdik ancak gerekli belgeleri temin edemedik. Yolcu mağduriyetinin daha iyi yönetilmesi gerektiğini düşünüyorum.",Olumsuz
159,Pegasus,Hatice Yolaç,1,5,Pilot ve kabin ekibine teşekkür,Edremit - Istanbul,İç Hat,Şubat 2022,20 Şubat 2022,"PC-2943 EDO-SAW 20/02/2022 23:25 seferi benim için bugüne kadar yaptığım Pegasus uçuşları arasında en iyi deneyimdi. Kalkış ve iniş sırasında kaptan pilotun profesyonel yaklaşımı yolculuğu çok konforlu hale getirdi. Ayrıca ikram edilen Türk kahvesinin kalitesi de oldukça iyiydi. Çok sık tercih etmesem de bu uçuşta personelin tutumu ve hizmet kalitesi şirket hakkında olumlu bir izlenim bıraktı.",Olumlu
160,Pegasus,Pınar T,17,1,Hosteslerin yaptırım gücü yetersiz,Antalya - Istanbul,İç Hat,Şubat 2022,17 Şubat 2022,"Antalya-İstanbul uçuşum sırasında ön koltukta oturan yolcu yolculuk boyunca maske takmadı. Kabin görevlileri 1-2 kez uyarı yaptı ancak yolcu kurala uymadı. Covid döneminde güvenlik kurallarının daha sıkı uygulanması gerektiğini düşünüyorum. Maskesiz yolcu için daha güçlü yaptırımlar uygulanmalı, gerekirse tutanak tutulmalı ve güvenlik birimine bildirilmelidir. Yolcu güvenliğinin sadece ikram hizmeti ile sınırlı olmaması gerektiğini düşünüyorum.",Olumsuz
161,Pegasus,Asir T,1,1,Konya Hava Limanı Deneyimi,Konya - Copenhagen,Dış Hat,Şubat 2022,6 Şubat 2022,"Konya Hava Limanı’nda yaşadığım deneyim oldukça olumsuzdu. Pasaport kontrolü sırasında görevli personelin tutumu son derece kabaydı ve yolculara karşı saygısız bir şekilde davranıyordu. Çekin işlemleri sırasında sorun çıkmaması için gözlemler yaptıklarını söylediler ama uygulamada elindeki el bagajına bakarken laf sokma gibi davranışlar sergiledi. Bu durum hem bekleme sürecini stresli hale getirdi hem de yolcuların güvenliğini ve konforunu olumsuz etkiledi. Personelin yaklaşımı profesyonellikten uzak, iletişim ve müşteri hizmetleri konusunda ciddi eksiklikler içeriyor. Havalimanı yönetiminin, yolcu deneyimini geliştirmek ve çalışanlarının davranışlarını denetlemek için ciddi önlemler alması gerektiğini düşünüyorum.",Olumsuz
162,Pegasus,özlem öz,1,5,Pegasus Host ve Hosteslerine Teşekkürler,Istanbul - Bodrum District,İç Hat,Şubat 2022,2 Şubat 2022,"31 Ocak 2022 tarihinde gerçekleştirdiğim İstanbul-Bodrum uçuşum sırasında Pegasus ekibi gerçekten takdire şayandı. Uçuşta görevli hostes Tuğba Kavun ve host Mürsel Akbal, uçuş boyunca özellikle uçuş korkusu ve kaygım nedeniyle bana büyük destek verdiler. 1 saatlik kısa bir uçuş olmasına rağmen, hem güvenlik hem de psikolojik destek açısından oldukça dikkatli ve özenliydiler. Personelin mesleki yetkinliği, yolcuya gösterdiği içten ilgi ve samimiyet, uçuş deneyimimi çok daha konforlu ve güvenli hale getirdi. Böyle profesyonel bir ekip ile uçmak, hava yolculuğu korkusunu aşmamda büyük rol oynadı. Pegasus yönetimine ve ilgili personele teşekkürlerimi sunuyorum, böyle bir ekiple yolculuk etmek her yolcu için büyük bir avantaj.",Olumlu
163,Pegasus,Selda G,1,2,Pegasus Yine Hayal Kırıklığı,Bonn - Istanbul,Dış Hat,Ocak 2022,21 Ocak 2022,"22 Ocak 2022 tarihinde Bonn-İstanbul uçuşum Pegasus tarafından gerçekleştirildi. Uçuş geçerli olsa da, yolculara verilen bilgiler ve açıklamalar büyük hayal kırıklığı yarattı. İstanbul’daki hava koşulları nedeniyle uçuşun iptal edilebileceği söylenmesine karşın, aynı saatte Türk Hava Yolları uçuşlarını sorunsuz gerçekleştirdi. Bu durum yolcuların yanıltılması ve güvenilir bilgi verilmemesi anlamına geliyor. Pegasus’un iletişim politikası ve kriz yönetimi ciddi eksiklikler içeriyor. Yolcular, uçuş planlamalarında ve bağlantılı seyahatlerinde aksaklıklar yaşamış olabilir. Şirketin hava koşulları gibi durumlarda daha şeffaf ve güvenilir bilgilendirme yapması elzem.",Olumsuz
164,Pegasus,YeicGeztoz✔,34553,3,Pegasus Airlines,Istanbul - Dalaman,İç Hat,Ekim 2021,4 Ocak 2022,"Pegasus Airlines ile gerçekleştirdiğim İstanbul-Dalaman uçuşunda fiyat performans açısından uygun bir seçenek sunduğunu söyleyebilirim. Kabin ekibi güler yüzlü ve yardımseverdi, bu da uçuş boyunca konforlu bir deneyim yaşamamı sağladı. Bununla birlikte, koltuk diz mesafesinin dar olması nedeniyle uzun yolculuklarda rahat hareket edemiyorsunuz ve bu durum özellikle bacakları uzun yolcular için rahatsızlık yaratıyor. Uçuş sırasında ikram hizmeti bulunmuyor, ancak personelin yaklaşımı ve yardımseverliği, uçuş deneyimini olumlu etkiliyor. Genel olarak uygun fiyatlı bir hava yolu olarak değerlendirilebilir ancak konfor konusunda beklentilerin düşük tutulması gerekiyor.",Olumlu
165,Pegasus,Elçin E,1,1,Pegasus Dolandırıcıdır,Antalya - Nicosia,Dış Hat,Aralık 2021,12 Aralık 2021,"Antalya-Nicosia uçuşum Pegasus ile tam bir hayal kırıklığıydı. Şirket personelinin tutumu, satış sırasında ve uçuş öncesi uygulamalardaki iletişimsizlik, yolcu memnuniyetini ciddi şekilde etkiliyor. Elemanların bağırıp çağırması, uyarı ve bilgilendirme eksiklikleri, çağrı merkezi personelinin ilgisizliği gibi durumlar, yolcunun güvenini zedeliyor. Ayrıca bilet satış sürecinde ortaya çıkan teknik ve iletişim sorunları, yolcuların haklarını korumakta yetersiz kalıyor. Pegasus’un müşteri hizmetleri ve personel yönetiminde ciddi geliştirmelere ihtiyacı var; özellikle yolcuların sorularına hızlı, doğru ve saygılı yanıt verilmesi gerekiyor.",Olumsuz
166,Pegasus,Elham Parsarad,6,1,Pegasus is Very Very Bad Airline,Tehran - Antalya,Dış Hat,Kasım 2021,4 Kasım 2021,"Pegasus Airlines ile gerçekleştirdiğim uçuşum tam anlamıyla hayal kırıklığıydı ve deneyimim boyunca büyük bir memnuniyetsizlik yaşadım. Uçak oldukça küçük ve koltuklar son derece rahatsızdı; bu durum bacak ağrısı yaşamama ve yolculuğunuzun keyifsiz geçmesine neden oldu. Ayrıca uçuş sırasında hiçbir ikram sunulmadı ve hap almak zorunda olan bir yolcuya bile bir bardak su vermeyi reddettiler. Küçük bir şişe su için orijinal fiyatın tam 60 katını ödemek zorunda kaldım, bu tamamen kabul edilemez bir durumdur. Rezervasyon, hizmet kalitesi ve uçuş deneyimi açısından Pegasus, ulusal ve uluslararası anlamda oldukça yetersiz bir hava yolu olarak değerlendirilebilir. Bu deneyim, bu hava yolunu tercih etmeyeceğim ilk ve son yolculuğum olmasına sebep oldu. Yolcuların haklarını göz ardı eden, müşteri memnuniyetine önem vermeyen bir hizmet anlayışı ile karşılaştım ve kesinlikle tekrar Pegasus ile seyahat etmeyeceğim.",Olumsuz
167,Pegasus,Drone H,1,1,5-10 Lira Fazla Verin Bu Aşağılık Firmadan Uzak Durun,Istanbul - Ankara,İç Hat,Ekim 2021,29 Ekim 2021,"Pegasus Airlines ile yaptığım uçuş deneyimi çok olumsuzdu. Yaptıkları hatalar ve hizmet kalitesindeki eksiklikler, yolculuğu büyük ölçüde rahatsız edici kıldı. Firma, kendisini diğer düşük maliyetli havayolları ile kıyaslayarak savunmaya geçiyor ancak gerçek deneyim, tamamen farklı ve hayal kırıklığı yaratıcı. Yolcuların hakları ve memnuniyeti neredeyse hiç önemsenmiyor, ufak bir fiyat farkıyla daha kaliteli ve güvenilir bir alternatif tercih etmek çok daha mantıklı. Pegasus’un hizmet anlayışı, ciddi derecede problemli ve yolculara yönelik adil olmayan uygulamalar içeriyor. Bu nedenle, mümkünse bu firmadan uzak durmak ve başka hava yollarını tercih etmek en güvenli seçimdir.",Olumsuz
168,Pegasus,Can A,4,1,Anladık Kar Etmek İstiyorlar da Bu Kadar Akbabalığa Ne Lüzum Var,London - Istanbul,Dış Hat,Ekim 2021,28 Ekim 2021,"Pegasus ile uçmak zorunda kaldığım kısa yolculukta, firmanın temel amacının sadece kar elde etmek olduğunu net şekilde gözlemledim. Yolcular üzerinde uygulanan sistematik ek ücretler, ikram eksiklikleri ve sınırlı hizmet seçenekleri, şirketin agresif gelir politikalarının bir göstergesi. Yolculara sunulan hizmetin sınırlı olması ve destek taleplerinin yetersiz yanıtlanması, yolculuk deneyimini ciddi şekilde olumsuz etkiliyor. Pegasus’u yalnızca mecbur kaldığınızda tercih edin; aksi takdirde sürekli suistimal ve memnuniyetsizlikle karşılaşmanız kaçınılmaz. Yolcuların haklarına saygı göstermeyen bu yaklaşım, uzun vadede firmanın güvenilirliği ve müşteri bağlılığı açısından büyük bir sorun teşkil ediyor.",Olumsuz
169,Pegasus,Seyfettin S,2,1,Haysiyetsiz,Istanbul - Stuttgart,Dış Hat,Eylül 2021,29 Eylül 2021,"Pegasus Airlines çalışanlarının tavır ve davranışları yolculuk deneyimimi ciddi şekilde olumsuz etkiledi. Personelin yolculara karşı sergilediği kabalık, ilgisizlik ve saygısızlık, profesyonellikten uzak bir hizmet anlayışını gösteriyor. Yolcuların sorunlarına yaklaşım biçimi, çözüm odaklı değil, çoğunlukla görmezden gelme şeklinde gerçekleşiyor. Bu hava yoluyla seyahat etmek yerine, biraz daha fazla ücret ödeyerek Türk Hava Yolları gibi saygın ve müşteri odaklı firmaları tercih etmek, hem güvenli hem de memnuniyet garantili bir yolculuk sağlayacaktır. Pegasus’un personel eğitiminde ve müşteri ilişkilerinde ciddi iyileştirmelere gitmesi şarttır.",Olumsuz
170,Pegasus,kübra y,9,1,"Berbat Bir Deneyim, Sonu Hüsran,Huzun",London - Istanbul,Dış Hat,Eylül 2021,29 Eylül 2021,"London-İstanbul uçuşum sırasında yaşadığım Pegasus deneyimi son derece olumsuzdu. Valizimiz hasar gördü ve içinde bulunan pahalı, orijinal marka bir parfüm kırıldı; tüm kıyafetlerimiz cam ve metal tozlarıyla kaplandı. Tatil süresince Pegasus’un sorumluluklarını yerine getirmesi için sürekli takip yapmak zorunda kaldık. Maddi ve manevi kayıplarımız büyük oldu; tatilimiz mahvoldu ve sinir sistemimiz ciddi şekilde etkilendi. Pegasus’un müşteri hizmetleri, yaşanan bu olumsuzluklar karşısında çözüm üretmekten uzak ve ilgisiz kaldı. Valiz hakkı ve hasar durumlarıyla ilgili önlemler yetersizdi; firmanın, yolcuların mağduriyetlerini önceden düşünmesi ve gerekli aksiyonları alması beklenirdi. Özür dileme, hatayı kabul etme ve çözüm üretme konularında firma tamamen yetersiz kaldı. Bu deneyim, Pegasus ile uçmanın riskli ve stresli olabileceğini net şekilde göstermektedir.",Olumsuz
171,Pegasus,Kocaeli Nakliyat,5,5,En Uygun Fiyatlı Hava Taşımacılığı,Elazig Province - Sindh Province,Dış Hat,Mart 2021,12 Eylül 2021,"Pegasus Airlines ile yaptığım seyahat oldukça ekonomik ve avantajlıydı. Özellikle uçuşu önceden planlayıp bilet aldığınızda, otobüsle yapacağınız yolculuklardan daha uygun fiyatlara gidiş-dönüş sağlayabiliyorsunuz. Uçak içi konfor ve hizmet açısından da genel olarak memnun kaldım; koltuklar nispeten rahat ve kabin ekibi nazik ve yardımseverdi. Ayrıca check-in ve biniş süreçleri hızlı ve sorunsuz ilerledi, temizlik ve hijyen konularında da yeterli standartlar sağlanmıştı. Yeme-içecek seçenekleri fiyat-performans açısından değerlendirildiğinde tatmin edici düzeydeydi. Özellikle yoğun dönemlerde ve uzun rotalarda Pegasus’un fiyat avantajı ve hizmet standardı, yolculuğu daha keyifli ve uygun maliyetli hale getiriyor.",Olumlu
172,Pegasus,tecrube1958,112,1,PC 2732 ve PC 2739 İstanbul-Kayseri-İstanbul,Istanbul - Kayseri,İç Hat,Ağustos 2021,13 Ağustos 2021,"11 Ağustos 2021 tarihli PC 2732 Sabiha Gökçen-Kayseri seferinde, 6D koltuğunda seyahat ettim. Covid-19 pandemi kuralları gereği maske takma zorunluluğu anonslarla duyurulmasına rağmen, kabin görevlilerinin bu konuda oldukça duyarsız davranması moral bozucuydu. 5C koltuğundaki yolcuyu uyarmam sonucunda dahi görevli müdahale etmedi ve uçuş boyunca maske takılmaması görmezden gelindi. 12 Ağustos 2021 tarihli PC 2739 seferinde de benzer durum yaşandı; uçuşta 10’dan fazla yolcu maske takmamış olmasına rağmen herhangi bir uyarı yapılmadı. Bu durum hem yolcuların sağlığını riske atıyor hem de seyahat deneyimini ciddi şekilde olumsuz etkiliyor. Pegasus’un pandemi döneminde güvenlik ve hijyen konularına daha titiz yaklaşması gerektiğini düşünüyorum. Bu nedenle, gelecekte bu firma ile uçmak istemiyorum ve tanıdığım herkesin de bu konuda bilgilendirilmesini sağlayacağım. Yolcuların güvenliğini ve hijyen standartlarını göz ardı eden bu yaklaşım ciddi bir sorun teşkil ediyor.",Olumsuz
173,Pegasus,Huseyin,2,1,"Havacılık Sektörünün Tartışmasız Metro Turizmi,Yine Yanıltmadı",Istanbul - Ankara,İç Hat,Ağustos 2021,6 Ağustos 2021,"Pegasus Airlines, Metro Turizm ile kıyaslanabilecek kadar şaşırtıcı bir deneyim sunuyor. İstanbul-Ankara seferinde yaşadığımız yaklaşık 1 saatlik gecikme, firmanın zamana uyum ve planlama konusundaki eksikliklerini gözler önüne serdi. Uçuş sırasında verilen bilgiler yetersiz ve personelin hizmet anlayışı genellikle yolcuları bekletmeye yönelik. Bu durum, hava taşımacılığı sektöründe güven ve konfor beklentisi taşıyan yolcular için oldukça hayal kırıklığı yaratıyor. Metro Turizm’in otobüs taşımacılığında gösterdiği hizmet kalitesini Pegasus’un uçuş deneyiminde bulmak mümkün değil. Bu nedenle, Pegasus ile yapılan uçuşlar sırasında özellikle gecikme ve iletişim eksikliği risklerini göz önünde bulundurmak gerekiyor.",Olumsuz
174,Pegasus,Jasmine H,1,1,Nie Wieder!,Istanbul - Frankfurt,Dış Hat,Ağustos 2021,2 Ağustos 2021,"İstanbul-Frankfurt seferinde yaşadığım Pegasus deneyimi son derece olumsuzdu. Uçakta uyurken kemerim bağlı ve koltuğum düzgün olmasına rağmen, kabin ekibi tarafından sürekli uyandırıldım ve gereksiz kağıt doldurmam istendi. Hostesin ısrarcı ve saygısız tavrı, yolculuk sırasında kendimi rahatsız ve stresli hissetmeme yol açtı. Daha sonra, bir host’un bana karşı uygunsuz el hareketi yaptığı bir durum da yaşandı; bu olay sonrası herhangi bir özür ya da telafi sunulmadı. Yolculuk boyunca, insan ilişkilerinde ve müşteri hizmetlerinde ciddi eksiklikler gözlemledim. Pegasus’un personel eğitiminde ve yolcu memnuniyetine yaklaşımında acilen iyileştirmeler yapması gerektiğini düşünüyorum. Bu tür deneyimler, yolcuların güvenliğini ve konforunu ciddi şekilde etkiliyor ve firmaya duyulan güveni zedeliyor.",Olumsuz
175,Pegasus,Gerçek Pilav,64,5,Her Yaz Ankara - Kiev,Ankara - Kyiv,Dış Hat,Mayıs 2021,19 Temmuz 2021,"Her yaz, iki çocuklu bir aile olarak Ankara’dan Kiev’e seyahat ediyoruz ve Pegasus’u tercih etmeye devam ediyoruz. Son dört-beş yıldır fiyat avantajı ve hizmet kalitesi nedeniyle Pegasus, diğer firmalara göre çok daha öne çıkıyor. Bavul hakkı, check-in süreçleri ve biniş işlemleri genellikle sorunsuz ilerliyor. Temizlik ve hijyen standartları iyi seviyede, kabin ekibi nazik ve yardımsever. Genellikle gece uçuşlarını tercih ederken, bu sene ilk defa gündüz uçuşunu deneyimledik ve genel deneyimimiz olumlu oldu. Pegasus, aileler için uygun fiyatlı ve güvenilir bir seçenek sunmaya devam ediyor. Yolculuklarımız sorunsuz ve konforlu geçtiği için firma ile ilgili memnuniyetimiz yüksek ve öneriyoruz.",Olumlu
176,Pegasus,Emrah Gökşin G,2,5,Kabin Amiri Behiye Hanım,Istanbul - Canton of Geneva,Dış Hat,Haziran 2021,30 Haziran 2021,"İzmir-Cenevre uçuşumda hava muhalefeti nedeniyle yaşanan zorunlu iniş ve aktarma sürecinde Pegasus ekibi yolcularla yakından ilgilendi. Özellikle kabin amiri Behiye Hanım ve ekip arkadaşları profesyonel, yardımsever ve liderlik vasfı güçlü bir hizmet sundu. Ağlayan bir bebek için kağıt bardaklardan oyuncak yapması ve sağlık problemimle uçuş boyunca ilgilenmesi, müşteri memnuniyetine verilen değeri gösterdi. Uzun yıllardır uçan biri olarak bu derece özverili çalışan kabin amirleri çok nadir görülür. Pegasus’un marka değerine katkı sağlayan bu tür personellerin artırılması gerektiğini düşünüyorum.",Olumlu
177,Pegasus,Nesrin Ş,1,5,Ebru Kara Pegasus,Istanbul - Izmir,İç Hat,Haziran 2021,18 Haziran 2021,"Sabiha Gökçen Havalimanı’nda yoğunluk ve aksaklıklar yaşanırken bilet satış görevlisi Ebru Kara’nın ilgisi ve desteği sayesinde uçağımı kaçırmadan İzmir’e seyahat edebildim. Son dakika sürecinde gösterdiği güleryüz ve profesyonel yaklaşım, stresli anımı kolaylaştırdı. İşini iyi yapan ve insan ilişkilerine önem veren personelin varlığı, firma güvenilirliğini artırıyor. Kendisine teşekkür ediyorum.",Olumlu
178,Pegasus,Gülnur A,1,5,Harika,Baku - Antalya,Dış Hat,Haziran 2021,16 Haziran 2021,"Eşimle birlikte Bakü’den Antalya’ya yaptığım uçuş oldukça rahat ve konforlu geçti. Servis kalitesi genel olarak iyiydi; içecek servisi temiz ve düzenli şekilde gerçekleştirildi. Kabin ekibi ilgili ve yardımseverdi. Özellikle uçuş süresince sunulan hizmetlerin standartlara uygun olması memnuniyet yarattı. Genel olarak keyifli bir seyahat deneyimi yaşadık ve Pegasus’u tercih etmekten memnun kaldık.",Olumlu
179,Pegasus,Barış B,1,1,Fahiş Bilet İptal Kesintisi,Istanbul - Nicosia,Dış Hat,Haziran 2020,13 Nisan 2021,"1800 TL civarında satın aldığım uçak biletini salgın nedeniyle aldıktan bir gün sonra iptal ettim. Ancak Pegasus Airlines tarafından 810 TL tutarında kesinti yapıldı. Mücbir sebep kapsamında değerlendirilen bu durumda bu kadar yüksek iptal bedeli uygulanmasını adil bulmuyorum. Özellikle pandemi döneminde yolcuların mağdur edilmemesi gerektiğini düşünüyorum. Müşteri hizmetleri sürecinde de net bir bilgilendirme yapılmadığı için bir daha bu firma ile seyahat etmeyi tercih etmeyeceğim.",Olumsuz
180,Pegasus,Gonca Arslan,1,5,Sıla Çalık Pegasus Ankara - Bodrum,Istanbul - Bodrum District,İç Hat,Mart 2021,26 Mart 2021,"Pegasus personeli Sıla Çalık’ın müşteri memnuniyetini ön planda tutan, güleryüzlü ve yardımsever yaklaşımı sayesinde olumlu bir deneyim yaşadım. Yoğunluk anında verdiği destek ve profesyonel tutum, firmanın güvenilirliğini artıran önemli bir unsur oldu. İşini severek yapan personelin varlığı müşteri sadakatini olumlu yönde etkiliyor. Böyle çalışanların sayısının artırılması gerektiğini düşünüyorum.",Olumlu
181,Pegasus,Gezginimgezerim,1350,1,"5 Yaşındaki Çocuğumla Ayrı Koltuklar",Istanbul - Antalya,İç Hat,Eylül 2020,19 Mart 2021,"5,5 yaşındaki çocuğumla aynı uçuşta ayrı koltuk verilmesi inanılmaz bir durumdu. Çocuklu bir aile olarak bu durum uçuş sırasında ciddi sıkıntılar yarattı ve hem benim hem de çocuğumun konforunu olumsuz etkiledi. Bunun dışında, yeni aldığım bagajım darbe görmüş, düzgün taşınmamıştı. Uçakta su ve maske gibi temel ihtiyaçlar için ekstra ücret talep edilmesi ise oldukça rahatsız ediciydi. Personel davranışları da oldukça kabaydı, yardım talep ettiğimde ters ve ilgisiz tepkiler aldım. Bu uçuş deneyimi hem zaman hem de psikolojik olarak çok zorlayıcıydı. Bir daha Pegasus ile seyahat etmeyi düşünmüyorum ve özellikle çocuklu ailelere bu durumu göz önünde bulundurmalarını tavsiye ediyorum. Yaşadığımız sorunlar, yolcuların haklarının göz ardı edildiğini ve müşteri memnuniyetinin neredeyse tamamen ihmal edildiğini gösteriyor.",Olumsuz
182,Pegasus,Fatoş,2,1,Mağduriyet,Van - Adana,İç Hat,Ocak 2021,29 Ocak 2021,"Van-Adana uçuşumuzda ciddi rötarlarla karşılaştık. Başlangıçta 14:50 olan uçuşumuz 13:40’ta bilgilendirilmiş olmamıza rağmen, havaalanında 15:40 olarak anons edildi, ardından 17:10, 18:00 ve 18:30’a ertelendi. Teknik arıza gerekçesiyle yolcular, pandemi koşullarında kalabalık ve kapalı alanlarda saatlerce bekletildi. Sonrasında İstanbul’dan boş bir uçak gönderileceği ve 22:20’de Van’dan kalkış yapılacağı söylendi. Bu uzun bekleyiş sırasında sadece kek ve meyve suyu dağıtılması, Pegasus’un müşteri memnuniyetine verdiği önemin yetersizliğini gösteriyor. Bu tür gecikmeler ve kötü iletişim, özellikle salgın döneminde yolcuların sağlığını ve güvenliğini tehlikeye atıyor. Bir daha Pegasus’u tercih etmeyi düşünmüyorum ve yaşanan mağduriyeti çevremle paylaşıyorum.",Olumsuz
183,Pegasus,Adnan T,1,1,"Pegasus,Uçuş Sorunu ve Bilet Kaybı",Istanbul - Adana,İç Hat,Ocak 2021,25 Ocak 2021,"Biletimi satın almama rağmen, biletim başka bir yolcuya satıldığı için uçağa binemedim. Bu durum ailevi bir aciliyet olan cenazeye yetişme çabamı ciddi şekilde etkiledi. Pegasus’un bu hatası, müşterilerin mağduriyetine yol açtı ve sorun çözümü için herhangi bir önlem alınmadı. Üstelik aynı rotada yeniden bilet almak zorunda kaldım ve farklı bir fiyat ödendi. Bu tür uygulamalar, müşteri güvenini zedeleyen ve ciddi mağduriyetlere sebep olan davranışlar olarak değerlendirilebilir. Pegasus’u kesinlikle önermiyorum.",Olumsuz
184,Pegasus,Mustafa E,1,1,Berbatttttt,Adana - Amsterdam,Dış Hat,Ocak 2021,5 Ocak 2021,"Pegasus’un müşteri hizmetleri son derece yetersiz ve olumsuz bir deneyim sundu. Bedavaya bilet sağlansa dahi, verilen hizmetin kalitesizliği ve çalışanların tutumu nedeniyle tekrar bu firmayla uçmayı düşünmüyorum. Müşteri odaklı yaklaşımın eksikliği ve personelin kaba davranışları, seyahat deneyimini ciddi şekilde olumsuz etkiliyor. Bu deneyim, Pegasus’un müşteri memnuniyeti ve hizmet kalitesi açısından ciddi eksiklikleri olduğunu gösteriyor.",Olumsuz
185,Pegasus,Mustafa A,1,1,Personel Hakkında,Istanbul - Antalya,İç Hat,Aralık 2020,17 Aralık 2020,"Pegasus çalışanlarının tutumu oldukça kabaydı ve yolculara karşı sert bir dil kullanıyorlardı. Yardım talep ettiğimde gerekli destek sağlanmadı ve personel yaklaşımı son derece olumsuzdu. Özellikle bilet satış ve ön büro çalışanlarının bu şekilde davranması, müşteri memnuniyeti açısından ciddi bir problem oluşturuyor. Firmanın personel eğitimine daha fazla önem vermesi ve yolcu ilişkilerini geliştirmesi gerekiyor.",Olumsuz
186,Pegasus,Hatice,3,5,Pilot,Antalya - Adana,İç Hat,Eylül 2020,16 Eylül 2020,"Uçuş deneyimim sırasında karşılaştığımız pilot son derece mütevazı, şefkatli ve profesyonel bir yaklaşım sergiledi. Hem güvenliğimiz hem de yolculuk konforumuz için gerekli tüm önlemleri aldı ve uçuş boyunca yolcuların rahat etmesini sağladı. Pilotun sakin ve sabırlı tavrı, özellikle uçuş esnasında oluşabilecek stres ve kaygıyı minimize etti. Yolculuk sırasında yaptığı açıklamalar, uçuşun her aşamasında bizi bilgilendirmesi ve tüm ekibiyle koordineli çalışması, Pegasus’un profesyonellik açısından ne kadar özen gösterdiğini gösteriyor. Böyle bir pilotla seyahat etmek, yolculuk deneyimini daha keyifli ve güvenli hale getirdi. Emeğine ve yüreğine sağlık, bu tür bir hizmetin devam etmesi Pegasus’un marka değerini de yükseltiyor.",Olumlu
187,Pegasus,Mert K,2,5,MÜKEMMEL MÜŞTERİ MEMNUNİYETİ,Istanbul - Samsun,İç Hat,Eylül 2020,16 Eylül 2020,"Uçuş sırasında bavulumun kırıldığını fark ettiğim anda Pegasus görevlileri anında yanımıza geldi ve hızlı bir şekilde çözüm üretti. Sadece 10 dakika içerisinde imza işlemleri tamamlandı ve bavulum teslim edildi. Bu hızlı ve çözüm odaklı yaklaşım, müşteri memnuniyetini üst seviyeye taşıdı. Personelin ilgisi, nezaketi ve soruna gösterdikleri titizlik, Pegasus ile ilgili önyargılarımı tamamen değiştirdi. Uçuş öncesi işlemler de sorunsuz bir şekilde yürütüldü ve bu durum yolculuğumu oldukça rahat ve stressiz bir deneyim haline getirdi. Böyle bir hizmet anlayışı, yolcuların güvenini kazanmak için oldukça önemli.",Olumlu
188,Pegasus,tgbozcan,40, 5,Denemek gerekli,Istanbul - Bodrum,Districtİç Hat,Ağustos 2020,9 Eylül 2020,"Pegasus ile seyahat etmeye başta çekincelerim vardı, çünkü çevremden olumsuz yorumlar duymuştum. Ancak uçuş öncesi check-in, bagaj teslimi ve diğer işlemler sorunsuz bir şekilde tamamlandı. Uçakta rahat bir ortam vardı, koltuk konforu ve genel düzen beklentilerimi karşıladı. Tüm işlemler hızlı ve düzenli bir şekilde gerçekleştirildi, bu da seyahat stresini minimuma indirdi. Pegasus’un operasyonel süreçlerindeki hız ve verimlilik, yolculara güven veriyor. Bu deneyim sayesinde Pegasus’u tekrar tercih etmeyi düşünebilirim ve uçuş sırasında herhangi bir aksaklık yaşamadım.",Olumlu
189,Pegasus,gentlewomen x,1,1,İnsani ve etik dışı çalışanların davranışı!,Adana - Istanbul,İç Hat,Eylül 2020,4 Eylül 2020,"Daha önceki uçuşlarımızda valizlerimizdeki süslemeler ya sökülmüş ya da eksik alınmıştı. Bu sefer kumaş valizimizin fermuarının ucundaki harf sembolü tamamen koparılmıştı. Valizleri uçağa yerleştiren personelin dikkatsiz ve zaman zaman etik dışı davranışları, Pegasus’un bazı operasyonel eksikliklerini ortaya koyuyor. Ayrıca, pilot ve ekibin davranışları ile kıyaslandığında, yer personelinin tutumu yolculuk deneyimini ciddi şekilde olumsuz etkiliyor. Böyle durumlarda, yolcuların haklarının korunması ve personel eğitimine daha fazla önem verilmesi gerekiyor. Genel olarak, bu deneyim hem zaman kaybı hem de moral bozucu bir durum yarattı.",Olumsuz
190,Pegasus,deniz_gunes_doga,6427, 5,"TEMA Hayrettin Karaca cenazesi için gittiğim istanbul'dan yine pegasus ile döndüm",Istanbul - Ankara,İç Hat,Ocak 2020,23 Ocak 2020,"Hayrettin Karaca’nın cenazesi için İstanbul’a gittikten sonra Pegasus ile Ankara’ya dönüş yaptım. O gün hava trafiği oldukça yoğundu ve uçağımız yaklaşık yarım saat gecikmeli havalandı. Cam kenarında oturduğum için iniş ve kalkış sırasında diğer uçakları gözlemleyip güzel kareler yakaladım ve bunları TripAdvisor’a yükledim. Kalkış gecikmesine rağmen havada bu süre büyük ölçüde telafi edildi ve varış zamanına yakın indim. Kabin ekibi güler yüzlü ve yardımcıydı, genel olarak uçuştan memnun kaldım ve Pegasus’un zaman yönetimi konusunda genellikle güvenilir olduğunu düşünüyorum.",Olumlu
191,Pegasus,deniz_gunes_doga,6427, 5,ankara istanbul sabiha gökçen ile pegasus keyfi,Ankara - Istanbul,İç Hat,Ocak 2020,23 Ocak 2020,"TEMA Vakfı kurucusu Hayrettin Karaca’nın cenazesi için Ankara’dan İstanbul’a Pegasus ile uçtum. Uçuş zamanında kalktı ve inişi de sorunsuz gerçekleşti. Tüm kabin ve yer personeli oldukça güler yüzlü ve ilgiliydi, bu da yolculuk boyunca içten bir güven ve rahatlık hissettirdi. Her aşamada gösterilen bu ilgi, uçuş deneyimini olumlu yönde etkiledi. Pegasus’un hem fiyat hem de hizmet kalitesi açısından memnuniyet verici olduğunu söyleyebilirim.",Olumlu
192,Pegasus,Murat S,1, 5,Kaptan anonsları etkileyiciydi,Istanbul - Düsseldorf,Dış Hat,Aralık 2019,22 Ocak 2020,"Düsseldorf uçuşumuz Pegasus’un standart ekonomik havayolu hizmetleri çerçevesinde geçti. Uçak zamanında kalktı ve uçuş boyunca hava koşulları nedeniyle hafif türbülans yaşansa da genel olarak rahat bir yolculuk oldu. Kendi hazırlıklarım (tablette kayıtlı dizi) sayesinde uzun yolculuk boyunca sıkılmadım. Kaptanın yaptığı anonslar oldukça etkileyiciydi ve bilgi verici bir deneyim sağladı. Kabin ekibi de yardımsever ve profesyoneldi, bu da yolculuğun sorunsuz geçmesini sağladı.",Olumlu
193,Pegasus,Hüseyin A,2, 3,Tercih değil zorunluluk,Konya - Istanbul,İç Hat,Ocak 2020,22 Ocak 2020,"Konya’dan İstanbul’a yaptığımız standart Pegasus uçuşu genel anlamda rutin geçti. Ancak pilotun uçuş boyunca bilgi vermemesi yolculuk deneyimini olumsuz etkiledi; bence pilotların ara sıra anons yapması yolcuları rahatlatabilir. Kabin ekibi yorgun görünüyordu, bu da hizmet kalitesine hafifçe yansıyordu. Genel olarak zorunlu olmadıkça Pegasus’u tercih etmeyi düşünmüyorum.",Olumsuz
194,Pegasus,Gul U,1, 4,Brüksel'e Sabiha Gökçen'den Uygun Fiyata Uçuş,Istanbul - Brussels,Dış Hat,Ekim 2019,20 Ocak 2020,"Sabiha Gökçen Havalimanı’ndan Brüksel’e Pegasus ile yaptığım uçuş oldukça ekonomik ve sorunsuz geçti. Charleroi Havalimanı’ndan şehir merkezine ulaşım için 15 Euro ödeyerek 45 dakikada merkeze varabildim. Kabin hizmetleri yeterli ve personel ilgiliydi. Uçuş boyunca konforlu bir deneyim yaşadım, Pegasus’un fiyat–performans oranı özellikle bütçe dostu yolcular için memnuniyet vericiydi.",Olumlu
195,Pegasus,C. DEMIR,1,5,Hostes,Sabi Sand Game Reserve - Basel,Dış Hat,Eylül 2020,4 Eylül 2020,"İstanbul-Basel uçuşum sırasında panik atak yaşadım ve hostesin profesyonel yaklaşımı sayesinde sakinleştim. Özellikle kredi kartı ile ödeme yapılması nedeniyle bazı ikramları alamadım, ancak hostes bana yardım ederek meyve suyu ikram etti. Hostesin sakin, ilgili ve profesyonel tutumu, benim gibi panik atak yaşayan yolcular için büyük bir destek sağladı. Bu tür bir hizmet anlayışı, Pegasus’un müşteri memnuniyetine verdiği önemi gösteriyor. Yolculuk boyunca gösterilen ilgi ve destek, uçuş deneyimini çok daha güvenli ve rahat hale getirdi. Bu hostesin yaklaşımı, Pegasus’un marka değerine de olumlu katkı sağlıyor.",Olumlu
196,Pegasus,Melek S,2,1,Memnuniyetsizlik,Istanbul - Kayseri,İç Hat,Ağustos 2020,21 Ağustos 2020,"Pegasus'u genellikle uygun fiyatlı olduğu için tercih ediyoruz, ancak bu uçuşta yaşadığımız deneyim oldukça olumsuzdu. Online check-in mesajı gelmediği için havaalanına yaklaşık bir saat erken geldik. Buna rağmen check-in işlemlerimiz kapatıldığı için gerçekleştiremedik. Bilet satış noktasına yönlendirildik, ancak orada da sorunumuz çözülmedi. Sonraki sefere tekrar denendi ve uçağa binmek için ekstra 100 TL talep edildi. Uçak boş olmasına rağmen, bir saat önce geldiğim halde uçağa binememek oldukça can sıkıcıydı. Bu durum, 'ucuz' denilen biletin aslında yolcuları mağdur edebilecek şekilde kısıtlandığını gösteriyor. Müşteri memnuniyetine yönelik ciddi bir eksiklik var ve bu tür uygulamalar, Pegasus’un güvenilirliğini olumsuz etkiliyor. Yolcuların yaşadığı aksiliklerde hızlı ve etkili çözüm üretilmemesi, hizmet kalitesini düşürüyor ve ekstra ücret talep edilmesi tamamen gereksiz bir uygulama olarak görünüyor.",Olumsuz
197,Pegasus,melike a,3,5,Pilotunuz efsane,Edremit - Istanbul,İç Hat,Ağustos 2020,20 Ağustos 2020,"Uçuş sırasında türbülans olmasına rağmen pilotun profesyonel ve güven verici yaklaşımı sayesinde herhangi bir panik yaşamadım. Uçağa zamanında bindim ve iniş sırasında hiçbir şekilde sarsıntı veya çarpma yaşanmadı. Pilotun özgüveni ve yetkinliği, panik atak gibi durumları olan yolcular için büyük bir rahatlık sağladı. Uçağın güvenli inişi ve sorunsuz seyahati, Pegasus’un eğitimli ve deneyimli pilot kadrosunun kalitesini ortaya koyuyor. Böyle bir pilotla uçmak, yolculuk sırasında güven ve rahatlık hissi veriyor ve Pegasus’un hizmet standartlarının yüksek olduğunu gösteriyor. Teşekkürler Pegasus.",Olumlu
198,Pegasus,DomeJess,3, 1,Cancelación de viaje a 2 semanas de la salida,Barcelona - Sharm El Sheikh,Dış Hat,Ağustos 2020,11 Ağustos 2020,"Şirket hakkındaki deneyimim son derece olumsuz oldu. Aralık 2019’da Ağustos 2020 için aldığım biletler, uçuştan iki hafta önce SMS ile iptal edildi. İptal sonrasında çağrı merkezi ile iletişim kurmak imkânsızdı; belirtilen İspanyol cep telefonu meşgul ya da doluydu ve e-posta ile de geri dönüş yapılmadı. Bu süreçte toplamda 5 bilet iptal edildiği için ciddi bir maddi kayıp oluştu. Pegasus ile iletişime geçmek ve hak talebinde bulunmak neredeyse imkânsızdı. Bu tür bir uygulama, müşteri haklarının hiçe sayıldığı ve yolcuların mağduriyetinin önemsenmediği bir deneyim yaşattı. Bu nedenle kimseye Pegasus’u tavsiye etmiyorum. Yolculuk planlarının önceden yapılması ve ciddi maddi harcamalar yapan yolcuların böyle bir muameleye maruz kalması kabul edilemez.",Olumsuz
199,Pegasus,Seda Ö,10,2,"sıfır mesafe, aşırı sosyal samimiyet.",Istanbul - Erzincan,İç Hat,Temmuz 2020,5 Ağustos 2020,"Uçuş öncesi sosyal mesafe kurallarına sürekli dikkat edilmesi yolcular için iyi bir önlem olsa da, uygulamada ciddi eksiklikler gözlemlendi. Kapı açıldığında sıraya girerken sosyal mesafe uyarıları yapıldı, ancak bindirildiğimiz otobüs son derece kalabalıktı ve dolmadan kalkmadı. Bu sıkışıklık, özellikle pandemi koşullarında sağlık açısından risk oluşturuyordu; önümdeki yolcunun dirseği yanağımda, yanımdaki kişinin çantası neredeyse kolumdaydı. Uçuş sırasında maskesini çıkaran yolculara herhangi bir uyarı yapılmadı, hostesler yanlarından geçmesine rağmen müdahale etmedi. Bu durum, Pegasus’un pandemi önlemleri konusunda tutarsız uygulamalar sergilediğini gösteriyor. Sosyal mesafe ve hijyen kurallarının etkin bir şekilde uygulanmaması, yolculuk deneyimini hem rahatsız edici hem de potansiyel olarak riskli hale getirdi.",Olumsuz
200,Pegasus,deniz b,1, 5,Yurtdışı uçusu,Istanbul - Canton of Geneva,Dış Hat,Şubat 2020,22 Temmuz 2020,"Yurtdışı uçuşu sırasında Pegasus ile oldukça keyifli bir deneyim yaşadık. Hem uçak içi konfor hem de hizmet kalitesi beklentilerimizin üzerindeydi. Koltuk düzeni, temizlik, müşteri hizmetleri ve check-in süreçleri sorunsuz bir şekilde yürütüldü. Fiyat açısından da diğer firmalara göre daha uygun olması, Pegasus’u tekrar tercih etme isteğimizi artırdı. Genel olarak, yurtdışı uçuşunda konforlu, güvenli ve ekonomik bir seçenek sundukları için memnuniyetimiz yüksek oldu. Bu deneyim, Pegasus’un uluslararası uçuşlarda da rekabetçi ve yolcu odaklı hizmet sunabildiğini gösteriyor.",Olumlu
201,Pegasus,Gokturk Bulbul,1, 1,Sıfır koordinasyon...,Nicosia - Istanbul,Dış Hat,Haziran 2020,25 Haziran 2020,"15 Temmuz 2020 KKTC-İstanbul uçuşum için aldığım biletin iptal edilmesi sonrası müşteri hizmetlerine yaklaşık 13 saat boyunca ulaşamadım. Telefonlara cevap verilmemesi ciddi bir koordinasyon eksikliği olduğunu gösterdi. Yolcuların mağdur edilmesi kabul edilemez bir durumdu ve bu süreçte hiçbir bilgilendirme yapılmadı. Hizmet kalitesi ve iletişim açısından oldukça yetersiz bir deneyim yaşadım. Bu nedenle bir daha bu firmayı kullanmayı düşünmüyorum.",Olumsuz
202,Pegasus,Gamze Gül Meydan,7, 1,Hasarlı bagaj ve Pegasus'un ödememekteki ısrarı,Antalya - Istanbul,İç Hat,Haziran 2020,15 Haziran 2020,"Evcil hayvan taşıma çantam hasar gördü ve firma sadece 2013 yılında aldığım fatura bedelini ödemeyi teklif etti. Ancak hasarlı ürünüm kullanılamaz hale geldiği için yeni ürün almak zorunda kaldım. Piyasa değeri güncellenmeden eski fiyat üzerinden ödeme yapılması mağduriyet yarattı. Hasarı veren tarafın yolcunun zararını tam olarak karşılaması gerektiğini düşünüyorum. Empati ve müşteri memnuniyeti yaklaşımının yetersiz olduğu bir deneyim yaşadım ve konuyu tüketici hakları kapsamında takip edeceğim.",Olumsuz
203,Pegasus,Zhanna T,6, 4,Donus gayet iyidi bu sefer tskr ederim.,Almaty - Dalaman,Dış Hat,Ocak 2020,4 Mayıs 2020,"Yaklaşık 10 yıldır bu havayolu ile uçuş yapıyorum ve genel olarak uygun fiyat avantajı nedeniyle tercih etmeye devam ediyorum. Bu uçuş deneyimimde de dönüş yolculuğu oldukça iyiydi. Hizmet kalitesini geliştirme çabalarının fark edilebilir olması memnuniyet verici. Özellikle zor geçen dönemlerde yolcularla iletişimin sürdürülmesi olumlu bir yaklaşım olarak değerlendirilebilir. Uygun fiyatlı uçuş arayanlar için alternatif bir seçenek olmaya devam ediyor.",Olumlu
204,Pegasus,WhiteElephantTenedos,2, 1,No refund,London - Izmir,Dış Hat,Nisan 2020,14 Nisan 2020,"19 Mart tarihinde iptal edilen biletlerim için geri ödeme talebinde bulundum ancak uzun süre geri dönüş alamadım. Müşteri hizmetleri ile yapılan görüşmelerde sürekli farklı yönlendirmeler yapıldı ve finans departmanına bildirildiği söylenmesine rağmen ödeme gerçekleşmedi. İade sürecinin uzaması ve temsilcilerin net bilgi vermemesi ciddi memnuniyetsizlik yarattı. İptal edilen uçuşların geri ödeme süreçlerinin daha şeffaf ve hızlı yönetilmesi gerektiğini düşünüyorum.",Olumsuz
205,Pegasus,Asil C,4, 1,Berbat ötesi,Istanbul - Hannover,Dış Hat,Mart 2020,24 Mart 2020,"Virüs salgını nedeniyle Almanya dönüş uçuşumuzla ilgili bilgi almak istedik ancak müşteri hizmetlerinden net bir yanıt alamadık. Check-in sürecinin nasıl yapılacağına dair gönderilen mesajlar belirsizdi ve uçuş iptali son anda bildirildi. Bu durum planlarımızı bozdu ve maddi zarar oluşmasına neden oldu. Yolculara daha saygılı ve zamanında bilgilendirme yapılması gerektiğini düşünüyorum.",Olumsuz
206,Pegasus,Selen B,2, 1,Sadece hacıları alıp sizin biletiniz iptal dediler,Jeddah - Istanbul,Dış Hat,Mart 2020,16 Mart 2020,"Suudi Arabistan-Türkiye uçuşunda corona virüsü nedeniyle biletim iptal edildi ve yalnızca hacı yolcuların alınacağı söylendi. Diğer yolcuların biletlerinin iptal edilmesi ve bunun açıklamasının net yapılmaması büyük bir hayal kırıklığıydı. Müşteri hizmetlerini aradım, yoğun olduklarını belirttiler, ancak bu durum iletişimsizlik ve belirsizlik nedeniyle yolcuların mağdur olmasına yol açtı. Açıklama ve çözüm talep ettim ama yeterli yanıt alamadım. Bu tür uygulamalar yolcuların güvenini ciddi şekilde zedelemektedir.",Olumsuz
207,Pegasus,Mehtapaksu,51, 4,Uçmak güzeldir,Istanbul - Kars,İç Hat,Mart 2020,16 Mart 2020,"Pegasus, benim için her zaman güvenilir ve uygun fiyatlı bir seçenek olmuştur. Seyahat sırasında su ve diğer ikramların paralı olması gibi uygulamalar eleştirilebilir; ancak genel olarak şirketin fiyat politikası ve hizmet kalitesi benim için tatmin edici. Personel ve yönetimle ilgili olumlu deneyimlerim oldu ve genel olarak şirketin yolcularına saygılı davrandığını düşünüyorum. Talihsiz olaylar her havayolu için yaşanabilir ve Pegasus’un bunları yönetme şekli makul seviyededir.",Olumlu
208,Pegasus,Aysun Ç,2, 3,Ortalama,Istanbul - Rome,Dış Hat,Ocak 2020,14 Mart 2020,"Yurtdışı uçuşlarında hizmet kalitesinin daha iyi olması gerektiğini düşünüyorum. Uçuş sırasında talep edilen her hizmetin ücretli olması, su ve ikramlar dahil, memnuniyeti düşürüyor. Eskiden ücretsiz sunulan çay ve kahve gibi hizmetlerin artık paralı olması, yolcu deneyimini olumsuz etkiliyor. Ayrıca fiyatların yüksek olması, sunulan hizmetle kıyaslandığında beklentiyi karşılamıyor. Yolculara daha iyi hizmet ve ikram sağlanması, Pegasus’un uluslararası uçuşlardaki prestijini artırabilir.",Olumsuz
209,Pegasus,hakan özkan,16, 3,Uçağın gereğinden fazla sallanması,Adana - Istanbul,İç Hat,Mart 2020,14 Mart 2020,"Uçakların gereğinden fazla sallanması ve hava koşullarının bahane olarak gösterilmesi yolcu güvenliğini ve konforunu olumsuz etkiliyor. Ayrıca içecek ve yiyeceklerin ücretli olması, standart hizmet beklentilerini karşılamıyor. Buna rağmen, fiyatların diğer havayollarına göre biraz daha uygun olması nedeniyle tercih edilebiliyor. Genel olarak uçuş deneyimi güvenlik ve konfor açısından geliştirilmeye ihtiyaç duyuyor.",Olumsuz
210,Pegasus,Ahmet Erdur,49, 3,artık gecikmeden uçamayan ülkemizin en rötarlı havayolu,Sinop - Istanbul,Dış Hat,Mart 2020,12 Mart 2020,"Uçuşların sık sık gecikmesi, koltuk konforunun düşük olması ve uçak içi yiyecek-içecek fiyatlarının yüksek olması Pegasus deneyimini olumsuz etkiliyor. Gecikmeleri gizlemek amacıyla son anda yapılan duyurular, yolcuların planlamalarını zorlaştırıyor. Cep telefonları üzerinden bilgilendirme yapılabilecekken, bu imkan kullanılmadığı için yolcular mağdur oluyor. Fiyat açısından diğer havayollarına göre avantaj sağlansa da, hizmet kalitesindeki eksiklikler, yolcu memnuniyetini düşürüyor ve firmanın güvenilirliğine gölge düşürüyor.",Olumsuz
211,Pegasus,Meltem A,1, 5,Müşteri memnuniyeti,Ankara - Vienna,Dış Hat,Mart 2020,12 Mart 2020,"Pegasus firmasına teşekkür ederek başlamak istiyorum. Ankara-İstanbul-Viyana-İstanbul-Ankara uçuşlarımızı mücbir sebep nedeniyle iptal etmek durumunda kaldık ve Pegasus, sadece 3 gün içinde bizimle iletişime geçerek ertesi gün ödemeyi iade etti. Bu hızlı ve çözüm odaklı yaklaşım, yaşadığımız stresli süreçte bizleri oldukça memnun etti. İlgili personelin göstermiş olduğu anlayış ve destek, müşteri memnuniyetine verdikleri önemi açıkça gösteriyor. Bu deneyim, Pegasus’un zorlu durumlarda bile yolcularına karşı duyarlı ve sorumlu davranabildiğini kanıtladı.",Olumlu
212,Pegasus,BedrosC,1, 3,Vasat,Istanbul - Milan,Dış Hat,Şubat 2020,12 Mart 2020,"Pegasus’u yalnızca fiyat avantajı nedeniyle tercih ettik ve hizmet kalitesinin buna göre şekillendiğini gördük. Uçak ve koltuklar temiz değildi, kabin görevlileri ise oldukça asık suratlı ve isteksizdi. Genel olarak hizmet vasattı; beklentiyi karşılamadı. Uygun fiyatlı bir seçenek olarak değerlendirilse de, konfor ve müşteri deneyimi açısından olumsuz bir izlenim bıraktı. Daha iyi bir hizmet deneyimi için şirketin standartlarını yükseltmesi gerekiyor.",Olumsuz
213,Pegasus,junior1907,194080, 4,Vaktinde,Prague - Istanbul,Dış Hat,,12 Mart 2020,"PC 302 sefer sayılı uçuş ile Prag’dan Sabiha Gökçen Havalimanı’na zamanında kalkış ve iniş gerçekleşti. 2 saat 10 dakikalık uçuş oldukça sakin geçti. Klasik Pegasus hizmeti deneyimledik ve uçuşun sorunsuz ve uygun fiyatlı olması memnuniyet vericiydi. Bu tür uçuşlar, şirketin güvenilirliğini ve ekonomik fiyat politikasını öne çıkarıyor.",Olumlu
214,Pegasus,Baha A,1, 5,Başarılı hizmet,Izmir - Ankara,İç Hat,Mart 2020,11 Mart 2020,"Uçuş zamanında gerçekleşti ve yolculuk sorunsuz geçti. Güler yüzlü personel, temiz kabin ve ekonomik fiyatlar, beklentilerimizi karşıladı. Pegasus’un müşteri odaklı yaklaşımı ve zamanında hizmet anlayışı, bu deneyimi olumlu kıldı. Konfor ve hizmet kalitesi ile fiyat-performans dengesinin sağlanması, Pegasus’u tercih edilebilir bir seçenek yapıyor.",Olumlu
215,Pegasus,Tekinturk11,1, 4,Memnuniyet verici,Brussels - Istanbul,Dış Hat,Şubat 2020,11 Mart 2020,"Kalkışımız yarım saat rötarlı olsa da uçuş genel olarak sorunsuz ve rahat geçti. Kabin ekibi saygılı ve yardımseverdi, uçuşun zamanında tamamlanması memnuniyetimizi artırdı. Yolculuk boyunca sunulan hizmet ve personelin ilgisi, Pegasus ile yapılan seyahatin olumlu bir deneyim olmasını sağladı. Küçük aksaklıklara rağmen müşteri memnuniyeti ön planda tutuldu.",Olumlu
216,Pegasus,Tekinturk11,29, 4,Sorunsuz ve başarılı,Istanbul - Paris,Dış Hat,Şubat 2020,11 Mart 2020,"Kalkış ve iniş sırasında kaptanın gösterdiği profesyonellik ve güven, uçuş deneyimimizi oldukça olumlu hale getirdi. Özellikle iniş sırasında hava koşullarının zorlu olmasına rağmen, beklediğimizden çok daha rahat ve güvenli bir şekilde seyahat ettik. Uçuş boyunca kabin ekibi son derece ilgili ve nazikti, yolcuların konforunu sürekli gözettiler. Koltuklar ve kabin alanı temizdi, hizmet kalitesi beklentilerimizi karşıladı. Pegasus’un hem uçuş güvenliği hem de müşteri memnuniyeti odaklı yaklaşımı, bu uçuşu bizim için unutulmaz bir deneyim haline getirdi. Genel olarak hem ekonomik hem de sorunsuz bir yolculuk yaşamak isteyenler için Pegasus güvenilir bir tercih olarak öne çıkıyor.",Olumlu
217,Pegasus,junior1907,194080, 4,Klasik hizmet,Istanbul - Prague,Dış Hat,,11 Mart 2020,"Sabiha Gökçen Havalimanı’ndan vaktinde kalkış yapan uçuşumuz, Boeing 737-800 tipi uçak ile sorunsuz bir şekilde Prag Havalimanı’na ulaştı. Yolculuk sırasında Pegasus’un klasik hizmet anlayışı ve kalite standartları bir kez daha kendini gösterdi. Uygun fiyatlı bir uçuş olmasına rağmen, kabin içi konfor ve personelin ilgi düzeyi tatmin ediciydi. Yolculuk boyunca herhangi bir aksaklık yaşanmaması, Pegasus’un planlı operasyonlarının ve müşteri memnuniyetine verdiği önemin bir göstergesidir. Bu tür ekonomik ve güvenilir uçuşlar, Pegasus’u sık tercih edilen bir seçenek haline getiriyor ve yolcuların bütçesini zorlamadan kaliteli bir seyahat deneyimi sunuyor.",Olumlu
218,Pegasus,yunusemrek-tam35-,16, 5,Sorunsuz bir uçuş,Izmir - Nicosia,Dış Hat,Mart 2020,11 Mart 2020,"8 Mart gidiş ve 10 Mart dönüş olmak üzere İzmir-Ercan-İzmir hattında gerçekleştirdiğim Pegasus uçuşu Airbus A320 Neo ile gerçekleşti. Uçuşlar zamanında kalktı ve sorunsuz bir şekilde tamamlandı. Uçaklar son derece temiz ve bakımlıydı, kabin ekibi ilgili ve profesyoneldi. Fiyat/fayda oranını değerlendirdiğimde, aldığım hizmetin karşılığını fazlasıyla aldığımı gördüm. Bu seyahat, hem güvenlik hem de konfor açısından beklentilerimi karşıladı. Pegasus’un planlı operasyonları ve personelin profesyonel yaklaşımı sayesinde yolculuk boyunca herhangi bir aksaklık yaşamadım ve memnuniyetle uçtum. Gelecek uçuşlarımda da Pegasus’u tercih etmeyi düşünüyorum.",Olumlu
219,Pegasus,Cengiz D,49, 5,Pegasus ile seyahat harika,Adana - Düsseldorf,Dış Hat,22 Şubat 2020,11 Mart 2020,"Adana’dan Düsseldorf’a sabah saatlerinde gerçekleşen direkt uçuşumda Pegasus ile seyahat etme deneyimim oldukça memnun ediciydi. Normalde Pegasus’u sık tercih etmiyor olsam da bu sefer uçak geniş, rahat ve konforluydu. Kabin ekibi profesyonel ve ilgiliydi; yolculuk boyunca her ihtiyacım hızlı bir şekilde karşılandı. Bu uçuş, Pegasus’a karşı olan önyargımı kırdı ve kalite standartlarının beklediğimden yüksek olduğunu gösterdi. Sorunsuz bir seyahat ve iyi bir hizmet deneyimi yaşadım. Bundan sonra Pegasus’u konforlu ve güvenilir bir uçuş için tercih etmeye devam edeceğim. Personelin güler yüzlü ve yardımsever olması, uçuşu daha da keyifli hale getirdi.",Olumlu
220,Pegasus,ALİ İHSAN G,151, 4,"Bazen harika,bazen kötü",Istanbul - Gaziantep,İç Hat,Mart 2020,10 Mart 2020,"Gidiş ve dönüş uçuşlarımız genellikle zamanında gerçekleşti ve büyük gecikmeler yaşanmadı. Uçuş sırasında gözlemlediğim olumlu noktalar arasında, özellikle son dönemde artan kadın pilot sayısı ve onların profesyonel yaklaşımı beni memnun etti. Uçakların temizliği ve hijyen koşulları önemsenmeli ve yolculara güven vermelidir. Ancak biniş sırasında ve kalkış anında yeterli havalandırma olmaması biraz rahatsız ediciydi. Genel olarak, Pegasus bazı uçuşlarda harika bir deneyim sunarken, bazı uçuşlarda ise eksiklikler olabiliyor. Yolcuların güvenliği ve konforu için sürekli iyileştirme yapılması gerektiğini düşünüyorum.",Olumlu
221,Pegasus,Aysun M,15, 5,Seyrüsefer,Ankara - Antalya,İç Hat,Mart 2020,10 Mart 2020,"Kısa sürede varış noktasına ulaşmamız seyahatin en memnun edici kısmı oldu. Uçuş süresi planlandığı gibi gerçekleşti ve Mayıs ayındaki gezimiz için şimdiden yer ayırtmayı düşünüyoruz. Ekonomik bilet avantajı sayesinde ulaşım maliyetimizi kontrol altında tutabildik. Genel olarak sorunsuz, pratik ve hızlı bir yolculuk deneyimi yaşadık. Bu tür kısa mesafe uçuşlarda uygun fiyatlı seçenek arayanlar için Pegasus tercih edilebilir.",Olumlu
222,Pegasus,Derviş Uğur,4, 1,Gecikme süresi,Adana - Antalya,İç Hat,Mart 2020,10 Mart 2020,"08/03/2020 tarihli 17:20 uçuşumuz önce 19:00’a, ardından 19:35’e ertelendi. Daha hızlı ulaşım için daha yüksek fiyatlı olmasına rağmen başka bir havayolunu değil Pegasus’u tercih etmiştik. Ancak yaşanan gecikme nedeniyle planlarımız aksadı ve seyahatimiz riskli hale geldi. Bu deneyim, zorunlu olmadıkça aynı havayolunu tekrar tercih etmememiz gerektiğini düşündürdü. Gecikme süresi boyunca yeterli bilgilendirme yapılmaması da memnuniyetsizliğimizi artırdı.",Olumsuz
223,Pegasus,Drhodja,1353, 2,Pegasus’un da işi zor,Casablanca - Istanbul,Dış Hat,Mart 2020,10 Mart 2020,"Casablanca – İstanbul uçuşu yarı yabancı yolculardan oluşan oldukça dolu bir uçaktı. Uçuş sırasında İngilizce bilmeyen ve istediği yere oturmaya çalışan çok sayıda yolcu olması nedeniyle başlangıçta kaotik bir ortam oluştu. Kabin ekibinin ve bazı yolcuların yardımıyla düzen sağlandı. Uçak koltuklarının cebinin olmaması ve yiyecek-içecek fiyatlarının yüksek olması gibi klasik ekonomik havayolu özellikleri gözlendi. Buna rağmen uçuş teknik olarak sorunsuzdu, kalkış ve iniş zamanında gerçekleşti. Kabin ekibinden Yasemin Hanım ve Emre Bey’in profesyonel ve yardımsever tutumu uçuşu olumlu yönde etkiledi.",Nötr
224,Pegasus,Marin07,8, 4,"Hiç şikayet etmeyin, gayet iyi",Antalya - Istanbul,İç Hat,Şubat 2020,10 Mart 2020,"Düşük fiyat beklentisiyle uçuş tercih eden yolcuların, ekonomik bilet karşılığında VIP seviyesinde hizmet beklemesinin doğru olmadığını düşünüyorum. Pegasus’un ülkemiz için gerekli bir havayolu olduğunu ve operasyonlarını iyi yürüttüğünü değerlendirmekteyim. Şirketin daha da gelişebileceğine inanıyorum. Kazasız, belasız ve güvenli yolculuklar sağlanması en önemli temennidir.",Olumlu
225,Pegasus,Takıcadısı,1, 5,Pegasusluyum😍,Kayseri - Istanbul,İç Hat,Şubat 2020,10 Mart 2020,"Uzun süredir Pegasus ile seyahat ediyorum ve genel olarak zamanında kalkış yapması benim için en önemli tercih sebebi. Ekonomik bilet fiyatları sayesinde sık seyahat eden yolcular için uygun bir seçenek sunuyor. Uçuş deneyimimde büyük aksaklıklarla karşılaşmadım. Özellikle kısa mesafeli uçuşlarda pratik ve hızlı ulaşım sağlaması memnuniyetimi artırıyor.",Olumlu
226,Pegasus,by gurme,1, 1,ucuz değil,Ankara - Kuwait City,Dış Hat,Aralık 2019,10 Mart 2020,"Biletler ucuz olarak tanımlansa da uçuş deneyimi beklendiği kadar ekonomik olmayabiliyor. Uçakta içeceklerin ücretli olması ve uzun boylu yolcular için koltuk mesafesinin dar hissedilmesi rahatsızlık yaratabiliyor. Özellikle 3–3,5 saatlik uluslararası uçuşlarda sıkışık oturma düzeni yolculuğu zorlaştırabiliyor. Aktarmalı ve uzun uçuşlarda konfor beklentisi olan yolcuların alternatifleri de değerlendirmesi önerilir.",Nötr
227,Pegasus,Mehmet B,4,1,Rezalet,Nicosia - Adana,Dış Hat,Mart 2020,10 Mart 2020,"Sis nedeniyle geciken uçuş sürecinde yolcular yaklaşık 16 saat havalimanında beklemek zorunda kaldı. Transfer organizasyonu ve bilgilendirme süreçlerinde ciddi aksaklıklar yaşandığı, özellikle yaşlı, hamile ve çocuklu yolcuların zor durumda kaldığı ifade edildi. Uçuş planının birkaç kez değiştirilmesi ve yetkili personelin yolcularla doğrudan iletişim kurmaması ciddi memnuniyetsizlik oluşturdu.",Olumsuz
228,Pegasus,junior1907,194080, 4,Uygun fiyatlı...,Izmir - Istanbul,İç Hat,Mart 2020,4 Mart 2020,"İzmir–İstanbul uçuşunda kapı kapatma işlemi zamanında yapıldı ve uçuş yaklaşık planlanan süreden önce varış noktasına ulaştı. Boeing 737-800 tipi uçağın temiz ve bakımlı görünmesi yolculuk konforunu artırdı. 79 TL gibi düşük sayılabilecek bilet fiyatı nedeniyle ekonomik bir tercih olarak değerlendirildi. Temel hizmet beklentisi olan yolcular için makul bir seçenek olduğu belirtildi.",Olumlu
229,Pegasus,junior1907,194080, 4,Vaktinde,Istanbul - Izmir,İç Hat,Mart 2020,4 Mart 2020,"Sabiha Gökçen–İzmir hattında uçuş 10 dakika gecikmeli kalkmasına rağmen tarifeli varış saatinden yaklaşık 15 dakika önce iniş gerçekleştirildi. Uçuş sırasında hafif türbülans yaşansa da genel olarak sorunsuz bir seyahat oldu. Ekonomik bilet fiyatı ve uygun kampanyalar, havayolunu tercih etmede önemli rol oynadı.",Nötr
230,Pegasus,cihanarslann,147, 3,19.02.20 ve 20.02.20 tarihli Elazığ Uçuşlarımız hk.,Istanbul - Elazig Province,İç Hat,Şubat 2020,2 Mart 2020,"20 Şubat 2020 sabahı Pegasus ile İstanbul-Elazığ uçuşumuz sis nedeniyle iptal edildi ve sefer 17:40'a alındı. Ancak uçak, planlanan saatte kalkamadı ve 19:30 civarında havalandı. Sürekli değişen kalkış saatleri ve uzun bekleme süreleri yolculuk sürecini oldukça stresli ve sinir bozucu hale getirdi. Özellikle aynı gün diğer havayolu şirketlerinin uçuşlarının sorunsuz şekilde yapılması, Sabiha Gökçen Havalimanı’ndaki organizasyon eksikliklerini daha belirgin kıldı. Pegasus'un planlama ve kriz yönetimi süreçlerinin yetersiz olduğu, yolculara gerekli bilgilendirmeyi sağlayamadığı gözlemlendi. Bu nedenle, havayolunu tercih etmekteki tek sebebim alternatif destinasyon ve saat seçeneklerinin sınırlı olmasıydı.",Olumsuz
231,Pegasus,Suha K,18,5,İstanbul-Münih-İstanbul seyahati,Munich - Istanbul,Dış Hat,Şubat 2020,2 Mart 2020,"Münih seyahatimiz oldukça keyifli geçti ve şehirdeki festivaller gezimizi daha da renklendirdi. Gidiş dönüş uçuşlarımız Pegasus tarafından gerçekleştirildi. Ancak dönüşte karşılaştığımız en önemli olumsuzluk, yer hizmetleri sırasında bavulumuzun açılıp içinden bazı küçük parçaların çalınması oldu. Durumu eve dönünce fark ettik ve gerekli şikayetleri yaptık. Bu olay, bagaj güvenliği ve havalimanı yer hizmetlerinin yolcu memnuniyetine etkisi açısından dikkat edilmesi gereken bir konudur. Genel olarak uçuş memnuniyetimiz iyiydi ama bagaj güvenliği eksikliği, yolculuk deneyimini olumsuz etkiledi.",Olumsuz
232,Pegasus,Aycemeal,14,4,Pegasusla uçmak,Istanbul - Mulhouse,Dış Hat,Şubat 2020,22 Şubat 2020,"Hem gidiş hem dönüş uçuşlarımızda Pegasus ile yolculuk yaptık ve genel olarak deneyimimiz olumlu geçti. Kabin ekibi güler yüzlü ve yardımcıydı, bu da yolculuğu rahat ve keyifli kıldı. Ancak uçak içi temizlik konusunda bazı eksiklikler vardı; özellikle katlanabilir masalar ve dergi bölmeleri pisliğe maruz kalmıştı. Bu durum, uçuş sırasında hijyen beklentisi olan yolcular için rahatsızlık yaratabiliyor. Temizlik konusunda daha dikkatli olunması, yolcu memnuniyetini artıracaktır.",Nötr
233,Pegasus,Bahtınur U,7, 5,PEGASUS Havayolları,Lviv - Istanbul,Dış Hat,Şubat 2020,21 Şubat 2020,"Pegasus ile Lviv-İstanbul hattında gerçekleştirdiğimiz uçuşlar genel olarak harikaydı ve memnuniyet vericiydi. Uygun fiyatlı olması ve nispeten konforlu bir uçuş sağlaması sayesinde ekonomik seyahat açısından oldukça avantajlıydı. Kabin ekibi profesyonel ve yolculara karşı saygılıydı, uçak içi hizmetler yeterli düzeydeydi. Türkiye için bu havayolu firmasının sunduğu hizmetin gurur verici olduğunu düşünüyorum. Küçük aksaklıklar dışında yolculuk deneyimimiz sorunsuz geçti.",Olumlu
234,Pegasus,junior1907,194080, 4,Vaktinde...,Stuttgart - Istanbul,Dış Hat,Şubat 2020,16 Şubat 2020,"PC 972 sefer sayılı uçuşla Stuttgart-İstanbul hattında Pegasus ile seyahat ettik ve kapı kapatma işlemi tam zamanında yapıldı. Boeing 737-800 tipi uçak filonun eski uçaklarından biri olsa da uçak koltuklarının durumu incelendiğinde makul seviyede konfor sunuyordu. Macaristan ve Romanya hava sahalarında yoğun türbülans yaşansa da uçuş sırasında başka ciddi bir sorunla karşılaşılmadı. Pegasus'un klasik hizmet anlayışıyla yolculuk güvenli ve planlanan saatte tamamlandı. Açık park pozisyonundan terminale transferde kullanılan otobüs hizmeti de zamanında ve düzenliydi. Genel olarak uçuş deneyimi sorunsuz ve memnuniyet vericiydi.",Olumlu
235,Pegasus,junior1907,194080, 4,Rötar...,Istanbul - Stuttgart,Dış Hat,Şubat 2020,15 Şubat 2020,"Stuttgart uçuşumuz yaklaşık bir saatten fazla rötar yaptı. Son haftalarda Pegasus ile yaptığım uçuşlarda benzer gecikmelerin tekrar etmesi dikkat çekiciydi. Uçuşa atanan uçak filonun eski modellerinden biriydi ve koltukların fiziksel durumu konfor açısından zayıf kalıyordu. Buna rağmen uçuş güvenli bir şekilde tamamlandı. Düsseldorf hattında yaşanan ve fren sisteminde duman ile alev görüldüğü bildirilen olay yolcu güvenliği açısından üzüntü vericiydi. Genel olarak uçuş gerçekleşmiş olsa da zaman yönetimi ve filo bakım süreçlerinin daha dikkatli yürütülmesi gerektiğini düşünüyorum.",Nötr
236,Pegasus,Seyma G,2,1,Niee wieder pegasus kein kundenservice flug gestrichen,Hamburg - Istanbul,Dış Hat,Şubat 2020,14 Şubat 2020,"Uçuşumun iptal edilmesi nedeniyle müşteri hizmetlerine ulaşmakta ciddi sorun yaşadım. Almanya hattı ve Türkiye hattı üzerinden defalarca aramama rağmen uzun süre cevap alamadım. Cenaze nedeniyle acil seyahat planım bozuldu ve zor durumda kaldım. Yeni bilet almak zorunda kaldım ve bu süreç hem maddi hem manevi zarar oluşturdu. İptal edilen uçuşa ilişkin ücret iadesi konusunda da gecikmeler yaşandı. Müşteri iletişim kanallarının daha erişilebilir olması gerektiğini düşünüyorum.",Olumsuz
237,Pegasus,Ergün,5, 4,Sorunsuz bir yolculuk yaptik,Düsseldorf - Istanbul,Dış Hat,Ocak 2020,14 Şubat 2020,"Düsseldorf-İstanbul hattında gerçekleştirdiğimiz uçuşta check-in işlemlerini sorunsuz tamamladık ve zamanında havalandık. Kabin ekibi yolculuk boyunca yardımsever ve güler yüzlüydü. Uçuş planlanan süreden önce İstanbul’a ulaşmamız da memnuniyet vericiydi. Bagaj teslim süreci de yaklaşık on dakika içinde tamamlandı. Genel olarak konforlu ve problemsiz bir seyahat deneyimi yaşadık.",Olumlu
238,Pegasus,Aslan C,20, 1,Rezalet,Istanbul - Nicosia,Dış Hat,Şubat 2020,13 Şubat 2020,"İki aile olarak İstanbul’dan Ercan hattına uçuşumuz vardı. Check-in sırasında kontuar görevlisi Mert Yaz isimli personelin, uçak overbook olduğu gerekçesiyle uçağa alınamayacağımızı ve ücret iadesi yapılacağını söylediği ifade edildi. Duruma itiraz edildiğinde ise kaba tavır ve hakaret içeren davranışlarla karşılaşıldı. Fiziksel müdahaleye kadar varan gerginlik yaşandığı belirtildi. Bu olay, yer hizmetleri personel iletişim kalitesi ve overbooking yönetimi açısından ciddi bir memnuniyetsizlik oluşturmuştur.",Olumsuz
239,Pegasus,junior1907,194080, 4,Gecikme,Frankfurt - Istanbul,Dış Hat,Şubat 2020,12 Şubat 2020,"Frankfurt-İstanbul uçuşumuzda check-in bankosunda sistemsel sorun nedeniyle bagaj teslim süreci yaklaşık yarım saat sürdü. Sabiha Gökçen Havalimanı pist çalışması nedeniyle uçağımız yaklaşık bir buçuk saat geç geldi ve planlanan varış saatinden yaklaşık bir saat sonra İstanbul’a iniş yapıldı. Buna rağmen uçuş sırasında ciddi bir sorun yaşanmadı. Bagaj teslim süreci terminale varıştan sonra yaklaşık on dakika içinde tamamlandı. Genel değerlendirmede uçuş deneyimi orta düzeyde memnuniyet sağlamıştır.",Nötr
240,Pegasus,ferdigunay, 10, 4,başarılı...,Izmir - Baku,Dış Hat,Ağustos 2019,12 Şubat 2020,"İzmir-Bakü hattındaki uçuşum oldukça sorunsuz ve keyifli geçti. Uçuş sırasında herhangi bir teknik ya da operasyonel aksaklık yaşanmadı. Kabin ekibi oldukça yardımsever ve güler yüzlüydü, yolcuların sorularına içtenlikle cevap verdiler. Uçuş güvenliği, zamanında kalkış ve iniş süreçleri beklentilerimi karşıladı. Genel olarak memnun kaldım ve Pegasus ile uçmayı tekrar tercih edebilirim.",Olumlu
241,Pegasus,VeysiYoldaş,501, 2,Bu yorum Sabiha Gökçendeki Pegasus kazası sonrasında yazılmıştır,Istanbul - Nicosia,Dış Hat,Şubat 2020,9 Şubat 2020,"Soğuk ve kar yağışlı bir günde gerçekleşen uçuşumuzda, kalkış öncesi uçakların güvenlik kontrolleri ve ilaçlanma işlemleri nedeniyle belirli bir rötar yaşandı. Pegasus geleneği olarak uçakta ücretsiz ikram yapılmadı, ancak kalkış ve iniş süreçleri sorunsuz tamamlandı. Önceki kazanın ardından pilotların ve ekiplerin baskı altında olabileceği endişesi yolcular arasında merak konusu oldu. Bu durum, özellikle güvenlik ve operasyon yönetimi açısından dikkatle değerlendirilmesi gereken bir noktadır.",Nötr
242,Pegasus,Mert TOSUN,1,1,TEK KELİME İLE REZALET BİR FİRMA,Istanbul - Trabzon,İç Hat,Ocak 2020,9 Şubat 2020,"Tam anlamıyla hayal kırıklığı yaratan bir uçuş deneyimi yaşadım. Pegasus’un hizmet kalitesi ve operasyonel süreçleri beklentilerimin çok altındaydı. Kabin konforu, uçak içi hizmetler, müşteri iletişimi ve zaman yönetimi açısından ciddi eksiklikler gözlemledim. Bu tür aksaklıklar, yolcu güvenliği ve memnuniyeti açısından oldukça olumsuz bir izlenim bırakıyor. Firmanın hizmet kalitesini acilen gözden geçirmesi gerektiğini düşünüyorum.",Olumsuz
243,Pegasus,Bahadir Ü,60, 1,Ucmayi beceremediniz bari zarar vermeyin,Nicosia - Amsterdam,Dış Hat,Kasım 2019,7 Şubat 2020,"Geçmiş bir uçuşta bagajım ciddi şekilde hasar gördü ve firma ile iletişime geçtiğimde yaşadığım sıkıntılar daha da arttı. Çocukla birlikte taşıdığımız valizler zarar gördü ve bu konuda tutanak ve resimler göndermeme rağmen tamir veya tazminat süreçleri etkin bir şekilde yönetilmedi. Firma yetkilileri süreci takip etmek yerine sorumluluğu başka noktalara yönlendirdi ve yaşadığım maddi ve manevi mağduriyet giderilmedi. Yolcuların bagaj güvenliği ve müşteri hizmetlerinin etkinliği açısından ciddi eksiklikler söz konusu.",Olumsuz
244,Pegasus,Bahadir Ü,60, 2,Rezalet bekleme sureleri rotarlariyla ayni sahne,Sarajevo - Nicosia,Dış Hat,Şubat 2020,7 Şubat 2020,"Sarajevo-Nicosia uçuşumda bekleme süreleri ve rötarlar neredeyse rutin bir durum haline gelmişti. Aldığım biletler sürekli gecikmelerle karşılaşıyor ve bu durum planlamayı zorlaştırıyordu. Ayrıca yemek siparişi vermiş olmama rağmen buzun altında beklemiş ve kalitesiz bir yemek sunuldu. Pegasus’un operasyonel planlama ve yolcu hizmetleri konusundaki süreçlerinin geliştirilmesi gerektiğini düşünüyorum, çünkü hem zaman yönetimi hem de yolcu deneyimi açısından ciddi eksiklikler mevcut.",Olumsuz
245,Pegasus,nerdem,67, 4,Fiyatına göre yeterli düzeyde,Istanbul - Milan,Dış Hat,Ocak 2020,6 Şubat 2020,"Ekonomik fiyat avantajı nedeniyle tercih ettiğim bir uçuş oldu. Kalkış ve varış saatleri planlandığı gibi gerçekleşti. Uçak içi ikramların ücretli olması dezavantaj olsa da sunulan yiyecek ve içeceklerin lezzeti ve yeterliliği genel memnuniyet sağladı. Fiyat–performans dengesini gözeten yolcular için uygun bir seçenek olduğunu düşünüyorum.",Nötr
246,Pegasus,junior1907,194080, 4,Güzeldi,Istanbul - Frankfurt,Dış Hat,Ocak 2020,5 Şubat 2020,"Frankfurt uçuşunda kalkış işlemleri yaklaşık on dakika gecikmeli gerçekleşti ancak varış planlanandan erken oldu. Lodoslu hava şartlarına rağmen uçuş güvenli ve rahattı. Kabin ekibinin standart hizmet anlayışı korundu. Uçak temiz ve bakımlı görünüyordu. Genel olarak klasik Pegasus hizmet deneyimini yaşadım ve uçuşumdan memnun kaldım.",Nötr
247,Pegasus,junior1907,194080, 4,Vaktinde...,Milan - Istanbul,Dış Hat,Ocak 2020,27 Ocak 2020,"Bergamo–İstanbul uçuşum tam zamanında kalkışla başladı ve yaklaşık iki saat kırk dakikalık rahat bir yolculuğun ardından planlanandan önce varış gerçekleşti. Boeing 737-800 tipi uçakta yolculuk yaptım; kabin ve koltukların genel temizliği yeterli düzeydeydi. Operasyonel olarak büyük bir sorun yaşamadan standart bir uçuş deneyimi elde ettim.",Nötr
248,Pegasus,Levent B,4,2,Engelli yolcu hizmeti,Copenhagen - Antalya,Dış Hat,Ocak 2020,27 Ocak 2020,"Kopenhag–Antalya aktarmalı uçuşumuzda, önceden call center ve check-in sırasında defalarca bildirim yapmamıza rağmen tekerlekli sandalye kullanan engelli yolcu için yeterli kabin yardımı sağlanamadı. Yolcu, kendi imkanlarımızla koltuğuna taşınmak zorunda kaldı. Engelli yolcu hizmetleri konusunda daha fazla empati ve operasyonel hassasiyet gösterilmesi gerektiğini düşünüyoruz.",Olumsuz
249,Pegasus,kaplan s,52, 4,Şansıma En Arkada Uçtum,Istanbul - Hatay Province,İç Hat,Aralık 2019,8 Ocak 2020,"Istanbul - Hatay Province hattında gerçekleştirdiğim uçuşta koltuk seçimi için ek ücret talep edilmesi nedeniyle standart koltuk atamasını tercih ettim. Bu nedenle uçağın en arka sıralarında seyahat etmek durumunda kaldım. Arka koltuklarda uçuş sırasında türbülans ve sarsıntı daha fazla hissedildiği için zaman zaman sallantılı bir yolculuk yaşadım. Buna rağmen uçuş planlanan saatinde kalktı ve herhangi bir gecikme yaşanmadı. Kabin içi genel olarak temizdi ve hijyen açısından olumsuz bir durumla karşılaşmadım. Kısa mesafeli bir iç hat uçuşu olması sebebiyle büyük bir konfor beklentim yoktu; bu açıdan temel hizmetler yeterliydi. Fiyat-performans açısından değerlendirildiğinde, ek hizmetler ücretli olsa da zamanında ve sorunsuz bir ulaşım sağlanmış olması olumlu bir deneyim sundu.",Olumsuz
250,Pegasus,Mehmet Ali S,1,4,Kısa Mesafe Olduğu İçin Yorgunluk Olmadı,Nicosia - Gaziantep,Dış Hat,Aralık 2019,8 Ocak 2020,"Nicosia - Gaziantep uçuşum kısa mesafeli olduğu için oldukça rahat ve yorucu olmayan bir seyahat deneyimi sundu. Uçuş öncesinde pilotun Kıbrıslı olduğunu öğrenmek özellikle Kıbrıslı yolcular için ayrı bir güven ve motivasyon kaynağı oldu. Kalkış oldukça başarılı ve sorunsuz gerçekleşti. Uçuş boyunca herhangi bir olumsuzluk yaşanmadı ve iniş son derece yumuşaktı. Bu kadar yumuşak bir inişi daha önce Türkmenistan’da dört pervaneli bir uçakta deneyimlemiştim; bu uçuşta da benzer bir profesyonellik gözlemledim. Kabin ekibi görevini düzgün şekilde yerine getirdi ve genel atmosfer sakindi. Kısa süreli bir uçuş olmasına rağmen güven veren pilotaj ve sorunsuz operasyon sayesinde memnun kaldığım bir seyahat oldu.",Olumlu
251,SunExpress,Ali C,1,1,Tercih etmeyin,Ankara - Frankfurt,Dış Hat,Ocak 2026,25 Ocak 2026,"Sunexpress havayolları 22 Ocak'ta Ankara Havalimanı'ndan Frankfurt, Almanya'ya olan uçuşumuzu geciktirdi ve Almanya'ya varmadan önce kalkmış olan Lufthansa havayolları ile Detroit, Amerika Birleşik Devletleri'ne aktarmalı bir uçuşumuz vardı. O gün Almanya'ya vardığımızda, Almanya'daki Sunexpress havayolları temsilcisiyle görüştük ve bize 23 Ocak'ta Detroit'e Lufthansa havayolları ile başka bir uçuş için rezervasyon yaptıklarını söylediler. 23 Ocak'ta, check-in için Lufthansa kontuarıyla görüştüğümüzde, biletin görünmediği bir sorun olduğunu söylediler. Daha sonra United'tan Sunexpress'in 23 Ocak'taki Detroit uçuşumuz için biletimizi iptal ettiğini öğrendik. Sunexpress havayolları temsilcisiyle tekrar görüşmeye çalıştığımızda ise kimse yoktu. Bu, şimdiye kadar gördüğüm en kötü havayolu ve en kötü müşteri hizmeti.",Olumsuz
252,SunExpress,Huzeyfe E,1,1,Rezalet SunExpress deneyimi!! Asla kullanmayin ve tavsiye etmeyin,Amsterdam - Konya,Dış Hat,Aralık 2025,2 Ocak 2026,"Sunexpress'in 27 Aralık 2025 09.35 tarihli Amsterdam-Konya seferi önce birkaç defa ertelendi. Saat 12'de kapılar açıldıktan sonra uçuşun iptal olduğu bilgisi geldi. Herhangi bir yetkilinin bilgi vermesini birkaç saat bekledikten sonra, hiç ilgilenilmeden ve yönlendirme olmadan otellere gitmemiz gerektiği söylendi. Ertesi güne ertelendiği söylenen uçuşun tam saatine dair hiçbir bilgi verilmedi ve check-in yapmak imkansızdı. 28 Aralıkta 12.00'de uçağa boarding sağlandıktan sonra uçağın içinde de 2 saat beklemek zorunda kaldık. Pilot uçuşun havalimanı sisteminde görünmediğini söyledi. 27 Aralık 09.35 olarak planlanan uçuşumuz 28 Aralık 14.00 civarında, planlanan saatten 28 saat sonra kalkabildi. Uçuş esnasında herhangi bir ikram sağlanmadı. Tazminat başvurusu ise olağanüstü rüzgar sebebiyle reddedildi. Ancak ertelenme sebebinin operasyonel sıkıntı olduğu söylenmişti. Hayatımda yaşadığım en kötü uçuş deneyimiydi. Bir daha asla kullanmayacağım ve çevremdeki hiç kimsenin de bu müşterisiyle ilgilenmeyen ve mağdur eden şirketi kullanmamasını tavsiye edeceğim.",Olumsuz
253,SunExpress,Nigar A,1,5,Teşekkür yazısı,Antalya - Diyarbakir,İç Hat,Aralık 2025,30 Aralık 2025,"Diyarbakır uçağına bilet aldık. Diyarbakır'a yoğun kar yağışı sebebiyle uçuşlar iptal edildi ve Sunexpress bizi mağdur etmeyerek hemen 5 yıldızlı otele yerleştirdi. Sabah da kahvaltı ettikten sonra transfer aracı yollayıp otelden aldılar. Tüm uçak seferi neredeyse otelde kaldık. Diğer uçuşa kadar bizimle ilgilenip sürekli içecek dağıtıldı. Tekrardan teşekkür ederim.",Olumlu
254,SunExpress,gezer23,1,1,Hizmet ve çalışan kalitesizligi,Stuttgart - Elazig Province,Dış Hat,Aralık 2025,16 Aralık 2025,"Buradan daha kaliteli ve sağlıklı bir yolculuk yapmak isteyenlere naçizane tavsiyemdir. İlk olarak çok kalitesiz bir havayolu ve çalışanları kesinlikle eğitimsiz. Yapmış olduğum seyahat neticesinde valizim ciddi hasar gördü ve hiçbir şekilde yardımcı olmuyorlar, sorumluluğu tamamen size yüklüyorlar. Başka firmalardan uçmanızı naçizane tavsiye ederim.",Olumsuz
255,SunExpress,Mariana M,15,1,Sun Express kalitede eriyor ..,Belirtilmemiş,Belirtilmemiş,Kasım 2025,22 Kasım 2025,"İkinci kez arka arkaya 1 saat gecikti. Ben senelerdir Sun Express yolcusu idim. Artık alternatiflerine bakacağım. Sun Express eski Sun Express değil artık. Yazık oldu.",Olumsuz
256,SunExpress,Duygunur A,1,2,Gaziantep–İzmir Salı 22.45 Uçuşunun Kış Tarifesinde Kaldırılması Nedeniyle Mağduriyet,Gaziantep - Izmir,İç Hat,Kasım 2025,20 Kasım 2025,"SunExpress ile uzun süredir her hafta düzenli olarak Gaziantep–İzmir hattında seyahat eden bir yolcuyum ve genel anlamda hizmetten memnun kaldığımı söyleyebilirim. Ancak kış tarifesiyle birlikte Salı günleri 22.45 Gaziantep–İzmir uçuşunun kaldırılması, iş ve akademik programımı ciddi şekilde etkiledi. Mesleki sorumluluklarım gereği sabah uçuşlarını kullanmam mümkün olmadığı için bu değişiklik beni oldukça mağdur etti. Düzenli yolcular açısından bu seferin önemli olduğunu düşünüyorum ve yeniden değerlendirilmesini içtenlikle rica ediyorum.",Nötr
257,SunExpress,sezai c,2,5,Güler yüz ve samimiyet….👍,Zürih - İzmir,Dış Hat,Kasım 2025,9 Kasım 2025,"9 Kasım Pazar 2025 SunExpress XQ 961 saat 14.00 Zürih-İzmir uçuşunda bütün personel çok sempatik ve güler yüzlüydü. Özellikle Murat ve Yasin Bey’e teşekkür ederim. İlerleyen zaman sonra Elçin Hanım’ı gördüm ve yakasında Atatürk rozeti vardı. Çok güzel göründüğünü söyledim ve o saniyede rozeti bana hediye etti. İnanın çok mutlu oldum. Başarılarının devamını dilerim. Daha nice uçuşlara.",Olumlu
258,SunExpress,Aleksandra V,3,5,Recommend,Prague - Antalya,Dış Hat,Kasım 2025,7 Kasım 2025,"Düşük maliyetli bir havayolunun bu kadar güler yüzlü ve sıcak olabileceğini görmek bizi gerçekten şaşırttı. Kabin ekibi harikaydı — çok nazik, ilgili ve özellikle çocuklara karşı son derece sevecendi. Herkes kibar ve gülümseyendi, uçuşun başından itibaren güzel bir atmosfer vardı. Prag’dan Antalya’ya uçtuk ve her şey mükemmeldi. Sabah erken uçuş bile bu kadar iyi hizmet sayesinde çok rahat geçti. Artık çocuğumuzla seyahat etmekten korkmuyoruz ve SunExpress’i herkese tavsiye ediyoruz.",Olumlu
259,SunExpress,Nurcan S,1,5,Almanya’ya aile ziyareti,Belirtilmemiş - Hannover,Dış Hat,Ekim 2025,22 Ekim 2025,"14 Ekim’de saat 21.00’de Hannover’e uçtuk. Yolculuğumuz esnasında 5 kişiydik. Bilet işlemleri sırasında Atike Hanım’ın nazik tutumundan dolayı çok memnun kaldık. Uçuştaki hosteslerimiz de çok iyiydi. Ailece genel anlamda çok memnun kaldık, teşekkür ediyoruz.",Olumlu
260,SunExpress,Ramazan Y,2,1,eger bagajınızın sizde iki gün sonra gelmesini istiyorsanız tabili sunexpress en iyisi,Gaziantep - London,Dış Hat,Eylül 2025,17 Eylül 2025,"İki kez bagajım gelmedi. Geçen yıl da aynı olayı yaşadım, bugün de yaşadım. Stansted Airport’tan Gaziantep’e gelen bagajlarımız uçağa sığmadığı için gelmedi dediler, yarın gelecek diyorlar. Ben bu parayı neden ödüyorum, bu rezalet servis için mi? Aynı olayı bir yıl önce yaşadım, bir şans daha verdim yine aynı rezalet. Asla bir daha kullanmayacağım ve önermeyeceğim.",Olumsuz
261,SunExpress,Kadir D,1,1,No Mercy Every Breath You Take They Ask For Money,Amsterdam - Izmir,Dış Hat,Eylül 2025,15 Eylül 2025,"Dinleri imanları para olan bir uçuş şirketi. Kamil Koç'ta olsanız dandik de olsa bir topkek verirler. Utanmasalar uçağın içinde alınan nefesten para isteyecekler. Yediniz yediniz doymadınız. Patron emir vermiş bu yolculuklara su bile vermeyin diye. En arka koltuğu 8 euroya satma fikrini kimden aldınız, bu nasıl bir işletme anlayışı? Zihniyetiniz batsın.",Olumsuz
262,SunExpress,Özdemir V,1,1,SUNEXPRESS MAGDURİYETİ,Nicosia - Antalya,Dış Hat,Ağustos 2025,28 Ağustos 2025,"28.08.2025 tarihinde saat 10:40’ta Kıbrıs Ercan Havalimanı’ndan SunExpress’in Antalya uçağına gri renk Polo Club marka valizimi sağlam bir şekilde teslim ettim. Saat 11:30 civarında Antalya Havalimanı’na vardığımda valizimi teslim aldım. Ancak valizimin sap bölümünün olduğu kısmın tamamen kırıldığını ve gövde kısmının hasar aldığını gördüm. Durumu hemen Antalya Havalimanı’ndaki SunExpress yetkililerine bildirdim. Ancak bana geçiştirici cevaplar verildi, valizlerin güvenle taşındığı ve böyle bir ihtimalin olmadığı söylendi. Önceden kırık olma ihtimalini sordular ve hiçbir şekilde ilgilenmediler. O sırada acil çıkış yapmam gerektiği için tutanak tutulmadan havaalanından ayrılmak zorunda kaldım. Valizimi kırık bir şekilde valiz taşıma arabasında aracıma kadar kucağımda taşımak zorunda kaldım.",Olumsuz
263,SunExpress,Nihat U,1,1,COK KABA HOSTESLERI VAR OZELLIKLE GOKCE HANIM,Samsun - Stuttgart,Dış Hat,Ağustos 2025,13 Ağustos 2025,"Çok kaba hostesleri var, özellikle Gökçe Hanım. Geri dönüş uçağı olduğu için yemeklerin bir kısmı yoktu, içecekler soğuk değildi. Kalitesiz bir yolculuk oldu.",Olumsuz
264,SunExpress,Sibel Ş,1,5,Harika müthiş,Antalya - Gaziantep,İç Hat,Ağustos 2025,10 Ağustos 2025,"İlk uçak deneyimimdi. İlk defa korkarak bindim ama pilot o kadar güzel kalkış ve iniş yaptı ki hiç hissetmeden, otobüsteymiş gibi çok rahat geldim. Sonsuz teşekkür ederim 9 Ağustos uçuşundaki pilota.",Olumlu
265,SunExpress,Salih K,1,1,SunExpress Havayolları Değerlendirmem,Hamburg - Dalaman,Dış Hat,Ağustos 2025,3 Ağustos 2025,"SunExpress ile yaptığım seyahat deneyimim ne yazık ki oldukça olumsuz oldu. Çalışanların genel tutumu sanki zorla çalışıyorlarmış gibi bir izlenim uyandırıyor. Müşterilere karşı sergiledikleri sabırsız ve saygısız davranışlar hizmet kalitesini ciddi şekilde düşürüyor. Herhangi bir sorun yaşandığında çalışanlar problemi çözmek yerine müşterileri başlarından savma eğiliminde ve bunu yaparken de rahatsız olduklarını hissettiriyorlar. Örneğin bir yetkiliyle görüşme talebinde bulunduğumuzda, yetkili kişi isteksizce ve son dakikada ortaya çıktı. Bu durum müşteri memnuniyetine önem verilmediği izlenimini güçlendirdi. Personelin genel olarak eğitim eksikliği olduğu hissediliyor. Daha profesyonel ve çözüm odaklı bir yaklaşım beklerdim. SunExpress'in çalışanlarının eğitimine ve müşteri hizmetleri politikalarına daha fazla özen göstermesi gerektiğini düşünüyorum.",Olumsuz
266,SunExpress,Curiosity46130712511,1,1,REZİLLİK,Bonn - Bodrum District,Dış Hat,Temmuz 2025,31 Temmuz 2025,"SunExpress tam anlamıyla rezalet. Uçuşa dünya kadar para ödedik ama karşılığında aldığımız tek şey sinir, stres ve ilgisizlik oldu. Bavullarımız kayboldu, kimsenin umurunda bile değil. Tatil bizim için dinlenmek ve eğlenmek içindi ama daha başında zehir oldu. Bu kadar para verip bu kadar kötü bir hizmet almak akıl alır gibi değil. İnsanların tatilini mahvetmek bu kadar kolay olmamalı. Bir daha SunExpress mi? Asla. Kimseye de tavsiye etmiyorum.",Olumsuz
267,SunExpress,Tuncay B,1,1,Rezil Hava yolu Sakin binmeyin,Antalya - Copenhagen,Dış Hat,Haziran 2025,25 Temmuz 2025,"Tam üçkağıtçılar, reziller, berbatlar. Saygısız çalışanlar. Sezonluk olarak nasıl insanları soysak diye düşünüyorlar. Saatlerce uçakta bekledik.",Olumsuz
268,SunExpress,Chigdem C,1,1,iğrenç,Amsterdam - Izmir,Dış Hat,Temmuz 2025,25 Temmuz 2025,"İğrenç bir firma. Kaç saat rötar olmasına rağmen kesinlikle ne bir maille bilgilendirme ne de bir uyarı vardı. Uçak rötar saatini de geçti. 19:50'de olan uçağım 23:00'te kalktı. Bir daha asla tercih etmem.",Olumsuz
269,SunExpress,Gonul G,1,5,Teşekkür – SunExpress Türkçe Müşteri Hizmeti,Düsseldorf - Samsun,Dış Hat,Temmuz 2025,21 Temmuz 2025,"Geçtiğimiz bir hafta boyunca Türkçe müşteri hizmetleriyle birçok kez telefonda görüştüm. Ailece bir cenaze süreci yaşarken uçuşla ilgili konularla da uğraşmak zorunda kaldık. Ancak destekleri sayesinde bu süreçte en azından bir konuda içim rahat etti. Hayatımda daha önce böyle bir müşteri hizmeti deneyimi yaşamadım. İlgi, sabır ve çözüm odaklı yaklaşımları beni gerçekten çok etkiledi. Her bir çalışan işini hem profesyonelce hem de içtenlikle yaptı. Zor bir dönemde büyük bir yükü hafiflettiğiniz için gönülden teşekkür ederim.",Olumlu
270,SunExpress,Sevilay C,1,5,Onur Ozkorkmaz,London - Adana,Dış Hat,Mayıs 2025,18 Temmuz 2025,"SunExpress’ten Onur Özkorkmaz uçuşumuz sırasında son derece yardımsever ve nazikti. Yaşadığımız bazı sorunlara rağmen her zaman pozitif, güler yüzlü ve destekleyiciydi. Profesyonelliği ve insani yaklaşımı gerçekten takdire şayandı. Kendisine içtenlikle teşekkür ederiz, iyi ki varsınız Onur Bey.",Olumlu
271,SunExpress,maka t,3,3,Uçak boşaltma ve bagaj alma,Tbilisi - Izmir,Dış Hat,Temmuz 2025,30 Haziran 2025,"30 dakikadan fazla bagaj bekledik, ayıp 21. yüzyılda. Bizden sonra inen uçağın yolcuları hem pasaport kontrolünden bizden önce geçti hem de bagajlarını çoktan aldılar.",Olumsuz
272,SunExpress,HÜLYA K,1,5,TEŞEKKÜRLER SUN EXPRESS,Stuttgart - Izmir,Dış Hat,Aralık 2024,23 Haziran 2025,"Yıllardır Stuttgart-İzmir gidip gelirim, hiç şikayetim olmadı. En son yolculuk yaptığımda içeceğimi nakit ödeyememem dışında bir sorun yaşamadım. Hatta birkaç yaşlı yolcuya nakit alamadıkları için ücretsiz içecek verdiler. 3-4 yıl önceki yolculuğum esnasında valizim hasar gördü ve hemen şikayet ettim. Bir hafta sonra eve çok daha kaliteli bir valiz gönderildi. Şimdiye kadar hiç asık suratlı hostese rastlamadım. Teşekkürler Sun Express.",Olumlu
273,SunExpress,Can Ö,1,1,Havaalanında ücretli Check - in,London - Dalaman,Dış Hat,Haziran 2025,9 Haziran 2025,"Uçuşumu gerçekleştirmek üzere havaalanında check-in yapmak için kontuara gittiğimde bana online check-in yapmadığım için 20 pound ödemem gerektiği söylendi. Havayolunun kendi sitesine girip yapmaya çalıştığımda hata verdiğini, bu sebeple yapamadığımı söyledim. Ekran görüntüsü göstermeme rağmen kabul etmediler. Kalitesiz ve işe yaramayan bir site yapan SunExpress’e teşekkürler. Mecbur kalmadıkça sizinle uçmayacağım.",Olumsuz
274,SunExpress,Tourist04346984701,2,1,Absolut Frechheit,Zurich - Izmir,Dış Hat,Mayıs 2025,14 Mayıs 2025,"Kesinlikle bir daha uçmam. Temizlik sıfır, güler yüz sıfır. Kesinlikle tavsiye etmiyorum. İçecek almak istiyorsun CHF geçmiyor, kredi kartı olmuyor. Bu nasıl bir uygulama? Gidiş dönüş bir saat bekliyorsun. Kabin memurları ile anlaşamıyorsun. Bir dahaki sefere asla ve asla tercih etmem.",Olumsuz
275,SunExpress,uckoz u,1,1,Kırılan puset,Ankara - Brussels,Dış Hat,Nisan 2025,29 Nisan 2025,"Küçük bebekle seyahat edenler için kesinlikle tavsiye etmiyorum. Puset teslimi uçaktan inerken yapılmıyor, havalimanından çıkarken farklı bir bölümden teslim alıyorsunuz. Son uçuşumuzda pusetimiz kayboldu, bebeğim kucağımda uyuyakaldı, tam bir rezillikti. Birkaç gün sonra evimize teslim ettiler fakat puset kırılmış ve zarar görmüştü. Görevliye gösterdik, firmayla iletişime geçin dedi. SunExpress’e fotoğraflarını göndermemize rağmen hiçbir şekilde yardımcı olmadılar. Havalimanına tekrar gitmemiz gerektiğini ve 7 günü geçtiği için bir şey yapamayacaklarını söylediler. Tam bir rezalet.",Olumsuz
276,SunExpress,Esra k,1,1,Puset,Brussels - Ankara,Dış Hat,Nisan 2025,29 Nisan 2025,"Küçük bebeği olanlar için hiç tavsiye etmiyorum. Pusetler uçaktan indiğimiz anda verilmiyor; ya bagaj bantlarına geliyor ya da farklı bir bölüme gidiyor. Yani havalimanından çıkarken alıyorsunuz. En ihtiyaç duyduğumuz anda pusetlerimizi alamıyoruz. Bebekli yolcular için kesinlikle tavsiye etmiyorum.",Olumsuz
277,SunExpress,Buse K,2,1,Irkçılık ve Kabalık almış götürüyor,Düsseldorf - Antalya,Dış Hat,Şubat 2025,6 Şubat 2025,"Bu SunExpress ile son uçuşumuzdu. İnanılmaz derecede kaba ve eğitimsiz kabin çalışanları vardı. Özellikle Merve adındaki kabin amirinin İngilizce bilip bilmediğini merak ediyorum. Yabancı eşime her şeyi translate etmek zorunda kaldım. Çok üzücü şekilde ırkçı tavırlar sergilendiğini düşündüm ve diğer yolcular da rahatsız oldu. Bazı yolculara 'Merhaba', diğerlerine 'Hello' denmesi dikkat çekiciydi. Gözlüklü bir bey hariç diğer çalışanlar çok kabaydı. Pasaport kontrolünde yüzümüze bile bakmadan önümüze geçen kabin görevlisi de oldukça saygısızdı. Yoğun çalışıyor olabilirler ancak bu tavırlar kabul edilemez.",Olumsuz
278,SunExpress,Eva M,1,1,Déplorable,Antalya - Paris,Dış Hat,Aralık 2024,19 Aralık 2024,"Bu yer hizmetleri görevlisiyle yaşadığım deneyim tam anlamıyla rezaletti. Kendini beğenmiş, küçümseyici ve tamamen sabırsız bir tavır sergiledi. Hiçbir şekilde müşteri ilişkileri becerisine sahip değildi. Konuşma tarzı sert ve rahatsız ediciydi, sorulara sanki hakaret edilmiş gibi tepki veriyordu. Kibirli ve aşağılayıcı bir tavırla yolculara karşı açık bir saygısızlık sergiledi. Soğuk ve düşmanca davranışları ihtiyaçları anlamaktan tamamen uzaktı. Bu kadar saygısızlık ve yetersizliği bir arada görmek şaşırtıcıydı. Müşteri hizmetleri adına utanç verici bir deneyimdi.",Olumsuz
279,SunExpress,zeliha k,3,1,ASLA TERCİH ETMEYİN!!!,Dubai - Antalya,Dış Hat,Aralık 2024,16 Aralık 2024,"2 yaşındaki bebeğimizle Dubai’den Antalya’ya gece yolculuğu yaptık. Ben ve kızım yan yana koltuklardayken eşime bizden ayrı koltuk verilmişti. Uçak girişinde kabin görevlisinden yardım istedik ancak 'kendiniz halledin' denilerek başımızdan savıldık. Diğer yolcudan rica ederek yer değiştirdik. Kabin içi dolaplarda eşyalarımız için yer bulamayınca tekrar yardım istedik, çantalarımızı koltuk altına koymamız söylendi. 5 saatlik gece uçuşunu ayaklarımızın altında çantalarla geçirmek zorunda kaldık. Koltuk araları zaten dar olduğu için oldukça zor bir yolculuk oldu. Hiçbir konuda yardımcı olunmadı. Bir daha asla tercih etmeyeceğiz.",Olumsuz
280,SunExpress,Sightsee27744625433,1,2,Awful service at the airport,Izmir - Frankfurt,Dış Hat,Aralık 2024,11 Aralık 2024,"ADB Havalimanı’ndaki gişede görevli Melike Ünsal asık suratlıydı. Ne merhaba ne iyi yolculuklar dedi, yüzümüze bile bakmadı. Bagaj hakkımızı araştırmadan daha az olduğunu iddia etti. Uçak da 45 dakika geç kalktı.",Olumsuz
281,SunExpress,Sadik G,1,4,Bilet sorunlari,Amsterdam - Konya,Dış Hat,Eylül 2024,29 Kasım 2024,"Yıllardır SunExpress ile uçuyorum. Yeni bilet almak istedim. İki defa denedim, parası ödendi ama site hataları yüzünden bilet alamadım. Para iadesi alana kadar bilet fiyatları arttı. Aldığım fiyattan bilet verilmesini ve yardım edilmesini istiyorum.",Nötr
282,SunExpress,Ozcan t,1,1,İmkanınız varsa uçmayın çünkü herhangi bir aksilikte hak yok,London - Kahramanmaras,Dış Hat,Haziran 2024,17 Kasım 2024,"Bence kesinlikle berbat servis. Valizimiz kayıp oldu. Kaç kere başvuru yaptık. Valizin içindeki eşyaların tek tek faturasını istediler, eski faturaları bulmamız mümkün değildi. Bu süreç çok kötü geçti.",Olumsuz
283,SunExpress,SEBAHATTİN A,1,1,Rezalet,Dubai - Trabzon,Dış Hat,Ekim 2024,11 Kasım 2024,"Bu kadar rezil bir uçak görmedim. Hizmet çok kötü. Uçakta su bile parayla satılıyor. THY de böyle bir şey yok. Bu ne rezillik? Bir daha asla tercih etmeyeceğim ve tavsiye etmiyorum.",Olumsuz
284,SunExpress,havva pınar e,1,1,80€,Antalya - Birmingham,Dış Hat,Ekim 2024,2 Ekim 2024,"Check-in sırasında cabin size luggage’ımı bagaja vermek istedim. Ancak check-in’de görevli, bagaj satın almadığımı ve bunu boardingde uçağa alabileceğimi söyledi. Boardingde ise uyarı aldılar ve 4 kilo kabin bagajı için 80 euro ödeme istendi. Check-in’de 30 euro olacağı söylenmişti. Neden check-in’de yanlış bilgilendirildim?",Olumsuz
285,SunExpress,Ken Mert Evren,6,1,Korkudan tir tir titreyen müşteriye bir bardak su veremeyen çalışanlar,Antalya - Hannover,Dış Hat,Eylül 2024,21 Eylül 2024,"Uçuş sırasında eşim aşırı korktuğu için kemer ikaz ışıkları sönünce görevli kabin ekibinden bir bardak su istedik. Uçağın kuyruk kısmında oturuyorduk. Önce su getirecek hostes yoktu, sonra gelen hostes menü kartı vererek diğer hostesin su vermesini engelledi. Eşim panik atak nedeniyle titriyordu. Şirket politikası gereği su vermek için doktor olup olmadığının beklendiği söylendi. İnsani yaklaşım beklerdim.",Olumsuz
286,SunExpress,Gülüstan Ç,1,1,Para geri yatmıyor!!,Izmir - Frankfurt,Dış Hat,Ağustos 2024,10 Eylül 2024,"Bilet aldım, ödeme şeklini değiştirmek istediğim için bileti iptal edip başka ödeme yöntemi üzerinden tekrar ödeme yaptım. İlk yaptığım ödemenin iadesi bir buçuk ay olmasına rağmen hala yapılmadı. Dosya oluşturdum fakat geri dönüş alamadım. Defalarca iletişime geçtim ancak sonuç değişmedi. Kesinlikle tavsiye etmiyorum.",Olumsuz
287,SunExpress,Feyza İ,1,1,Rezilsin sunexpress,Nicosia - Antalya,Dış Hat,Eylül 2024,2 Eylül 2024,"02.09.24 tarihinde Ercan-Antalya 09.55 uçuşu hiçbir neden açıklanmadan 14.20’ye ertelendi. Check-in sırasında öğrendik. Hala uçağa binemedik ve saat 15.00 oldu. Hiçbir açıklama yapılmıyor ve muhatap bulamıyoruz.",Olumsuz
288,SunExpress,Serdar Ö,2,1,Bulaşmayın,Izumo - Antalya,Dış Hat,Ağustos 2024,30 Ağustos 2024,"Bu kadar rezil ve berbat bir şirket daha olamaz. Gecikme 10-20 dakika değil, yaklaşık 4 saat bekletiliyoruz ve beklemeye devam ediyoruz.",Olumsuz
289,SunExpress,Duygucelal,6,5,Gecikmeye rağmen güzel yolculuktu,Düsseldorf - Izmir,Dış Hat,1 Ağustos 2024,1 Ağustos 2024,"31 Temmuz uçuşumuzda gecikme olmasına rağmen defalarca bilgilendirme anonsu yapıldı. Uçak içinde kek, çay, kahve ve su ikramı yapıldı. Uçuş rahat ve konforlu geçti. Personel güler yüzlüydü.",Olumlu
290,SunExpress,Demani E,1,1,Berbat bir Deneyim,Munich - Ankara,Dış Hat,Temmuz 2024,23 Temmuz 2024,"23 Temmuz 2024’te Amerika’dan Ankara’ya olan uçuşumuzda United ile olan uçuşlarımız iyiydi. Ancak başlangıçta zamanında olan uçuş 1 saat kala yaklaşık 10 saat rötar olduğu bilgisi verilerek sürekli değiştirildi ve toplam rötar 12 saati buldu. Müşteri hizmetleri ile iletişim kuramadım. Bu durum nedeniyle havayolunu dava etmeyi düşünüyorum.",Olumsuz
291,SunExpress,Orhan V,1,1,Sunexpress tecrübesi,London - Izmir,Dış Hat,Haziran 2024,2 Temmuz 2024,"Uçakları dar gövde, bu nedenle koltuklar oldukça küçük ve konforsuz. Koltuk araları dar olduğu için özellikle uzun boylu yolcular için rahatsız edici bir deneyim sunuyor. Uçak içi eğlence seçenekleri sınırlı ve dar gövde nedeniyle yolculuk sıkıcı hale gelebiliyor. Ayrıca, yeterli sayıda uçak olmaması ve çok sayıda lokasyona sefer düzenlemeleri nedeniyle rötar olasılığı yüksek ve bu durum neredeyse olağan bir durum haline gelmiş. Bu nedenle, başka bir seçenek varsa kesinlikle SunExpress’i tercih etmemenizi öneriyorum. Genel olarak, yolcu konforu ve uçuş yönetimi açısından ciddi eksiklikler mevcut.",Olumsuz
292,SunExpress,Neslihan B,1,1,Tek kelimeyle rezalet,Diyarbakir - Antalya,İç Hat,Temmuz 2024,30 Haziran 2024,"İlk defa SunExpress’ten bilet aldık ve maalesef son deneyimimiz oldu. Uçuş tam 3 saat gecikti. Özellikle bebekle seyahat edenler için oldukça zor bir durumdu. Saatler önceden havalimanında olmamıza rağmen gecikmeden dolayı mağdur olduk. Uçakta yemek veya ikram gibi hizmetler yoktu ve pilotların grevde olması gibi sebepler yolculara hiçbir şekilde açıklanmadı. Genel anlamda personelin ilgisizliği ve yetersiz hizmet anlayışı bu deneyimi çok olumsuz hale getirdi. Bu yorumu okuyacak olanlara tavsiyem, daha güvenilir bir havayolunu tercih etmeleridir.",Olumsuz
293,SunExpress,Atilla Gökhan B,1,1,Rezalet,Adana - Antalya,İç Hat,Haziran 2024,22 Haziran 2024,"22 Haziran tarihinde Adana-Antalya uçuşu için bilet aldık. Aynı gün sabah 04:30’ta uçuşumuzun iptal edildiğine dair bir mesaj aldık, ancak ne arama ne de başka bir bilgilendirme yapılmadı. İkibuçuk saat boyunca müşteri hizmetlerine ulaşamadım ve internet üzerinden iptal edilen uçuş için tekrar bilet almaya çalıştığımda hâlâ bilet satıldığını gördüm. Bu durum ciddi bir sahtekarlık gibi görünüyor ve mağduriyetimiz büyük. Halen ne şekilde telafi edileceği belirsiz. Süreç boyunca yaşananlar, SunExpress’in müşteri iletişimi ve hizmet yönetimi konusundaki ciddi eksikliklerini gözler önüne seriyor.",Olumsuz
294,SunExpress,Inspire34004015602,3,1,SunExpress’in müşteriye haksızlığı,Rome - Izmir,Dış Hat,Haziran 2024,6 Haziran 2024,"SunExpress, uçuş değişikliği durumunda fiyat farkını talep ediyor, ancak fiyat düşerse geri ödeme yapmıyor. Benzer bir durumda Pegasus, ücret farkını iade etmişti. Şu anki bilet temmuz için ve Sun Classic sınıfında. Uçuş henüz gerçekleşmedi ancak tarih ve hizmet sınıfında istediğim seçenekler mevcut değildi ve bu yüzden mecburen mevcut seçenekleri işaretledim. Bu uygulama, yolcular açısından adaletsiz bir durum yaratıyor ve müşteri memnuniyetini ciddi şekilde zedeliyor.",Olumsuz
295,SunExpress,Roving40737064788,1,2,Olmaz olsun böyle havayolu (SunExpress) şirketi,Zurich - Izmir,Dış Hat,Mart 2024,26 Mayıs 2024,"Online Check-in sırasında yaşadığım sorun nedeniyle saatlerimi harcadım. Sorunu çözmek için bizzat İzmir Havalimanı’ndaki müşteri temsilciliğine gittim. SunExpress sisteminden kaynaklanan hatalar yüzünden ödememi yapmamam gerektiği söylendi ancak bir hafta geçmeden ödeme talep edildi. Durumu müşteri temsilcisine iletmeme rağmen, Gamze Hanım sorunu çözmek için hiçbir çaba göstermedi ve geri ödeme yapılmadı. Para almak söz konusu olduğunda anında hareket ediyorlar, fakat iade söz konusu olduğunda yoklar. THY’nin direkt uçuşları olsa, SunExpress’in bu tür uygulamalara şansı yok. Bu tür bir deneyim, şirketin müşteri ilişkileri ve hizmet politikalarının ciddi eksiklikler taşıdığını gösteriyor.",Olumsuz
296,SunExpress,Sema Y,1,5,Omdat ze erg behulpzaam waren!,Izmir - Amsterdam,Dış Hat,Mayıs 2024,22 Mayıs 2024,"SunExpress’ten gerçekten çok memnunuz. İzmir-Amsterdam uçuşumuzda yurt dışına telefonum kapalı olduğu için Türkiye numaralarını arayamadım. WhatsApp üzerinden iletişime geçtim ve kendileri beni üç kez aradı ve istediğim koltuğu alabildim. Çok kibar, çok saygılı ve inanılmaz yardımcı oldular. SunExpress’e çok teşekkür ederim, bundan sonra da sizinle uçmaktan mutluluk duyarız.",Olumlu
297,SunExpress,Adil Ahmet E,1,3,"Susma ,vur ama öldürme, çünkü vatan bizim.",Amsterdam - Izmir,Dış Hat,Mayıs 2024,20 Mayıs 2024,"Seyahat sektörü bir hizmet zinciridir ve zincirin halkalarının kalitesinden taşıma firması da sorumludur. Olumsuz yorumlarda yolcuların yaşadıkları sorunlar SunExpress’i hedef alabilir, ancak kalkış, varış ve transit noktalardaki hizmet kalitesinin de genel değerlendirmeye etkisi vardır. Bu nedenle havayolunu tamamen yerin dibine sokmak yerine daha dengeli değerlendirme yapılmalıdır.",Nötr
298,SunExpress,Hava Teknik T,4,4,İlk defa yapmış olduğumuz İngiltere seyahatinden.,Antalya - London,Dış Hat,Mayıs 2024,10 Mayıs 2024,"Uçuş esnasında uçağın çok kalabalık olması, erken saatlerde gerçekleşmesi ve yoğun tempoya rağmen çalışanların güler yüzlü ve nezaket sınırlarını koruyarak hizmet vermesi memnuniyet vericiydi. Başta Barış isimli host olmak üzere tüm kabin ekibine teşekkür ederim.",Olumlu
299,SunExpress,Izmira I,1,1,Ailem yerde uyuyor 12 saat oldu uçak kalkmadı,Dubai - Antalya,Dış Hat,Ocak 2024,30 Ocak 2024,"Ailem Dubai havalimanından Antalya’ya uçuş için 31.01.24 XQ209 seferli uçuşu bekledi. Uçakta teknik sorun nedeniyle önce 2 saat uçak içinde bekletildiler, ardından yaklaşık 7 saat havalimanında beklemek zorunda kaldılar. Yaşlı ve çocuk yolcular için uygun dinlenme alanı sağlanmadı. Annem hasta ve iki çocukla birlikte çok zor bir süreç yaşandı. Böyle durumlarda en azından lounge veya uygun uyuma alanı sağlanması gerektiğini düşünüyorum.",Olumsuz
300,SunExpress,burhan g,1,1,Sun express cok kötü bir firma,Munich - Ankara,Dış Hat,Aralık 2023,31 Aralık 2023,"Valizim gelmedi ve dosya oluşturmama rağmen zararım giderilmedi. Valizimde değerli eşyalarım vardı ve iş yerime teslim etmem gereken ekipmanlar nedeniyle işten çıkarılma riskiyle karşı karşıya kaldım. Daha önce de valizim kırılmıştı ve şikayet oluşturmama rağmen geri dönüş alamadım. SunExpress’in müşteri memnuniyetine önem vermeyen bir firma olduğunu düşünüyorum ve kesinlikle tercih edilmemesi gerektiğini belirtirim.",Olumsuz
301,SunExpress,Miray,6,2,HASARLI BAGAJ,Abu Dhabi - Antalya,Dış Hat,Kasım 2023,27 Kasım 2023,"Gidiş dönüşlü uçtum. İlk seferde her şey yolundaydı ancak dönüş uçuşumda benimle birlikte aynı uçakta bulunan birçok kişinin valizi hasar gördü. Büyük bir sorumsuzluk örneği olarak değerlendiriyorum.",Olumsuz
302,SunExpress,Faruk Y,1,1,Bagaj hasar değerinin tümünü ödemekten kaçıyorlar,Bremen - Antalya,Dış Hat,Kasım 2023,15 Kasım 2023,"Bavulumda yaklaşık 10x10 cm boyutunda hasar oluştu. İner inmez rapor tuttum ve bavulun güncel değerinin ödenmesini talep ettim. Fatura olmadığı için önce sadece üçte bir ödeme yapıldı. Fatura bulununca tekrar ilettim ve tam ödeme yapılmasını bekliyorum. Kanunen bavulun güncel değerinin tamamının ödenmesi gerektiğini düşünüyorum.",Olumsuz
303,SunExpress,Mine Sahin,2,5,Harika,Dublin - Antalya,Dış Hat,Ekim 2023,29 Ekim 2023,"29 Ekim 2023 Dubai-Antalya uçuşundaki kabin amiri profesyonel ve güler yüzlüydü. Ekibin genel hizmeti de iyiydi. Uçuş korkum ve tansiyon problemim olmasına rağmen kabin ekibi çok yardımcı oldu. Pilotun performansından da memnun kaldım. Olumsuz yorumlara rağmen deneyimim oldukça olumlu geçti.",Olumlu
304,SunExpress,İsil C,15,5,Teşekkürler,Brussels - Ankara,Dış Hat,Ekim 2023,28 Ekim 2023,"Belçika-Ankara uçuşu saatinde kalktı. Personel çok ilgili ve güler yüzlüydü. Uçuş korkum ve tansiyon problemim olduğu için kabin ekibi bana çok yardımcı oldu. 3 saatlik uçuş çok rahat geçti. Pilotun iniş performansı da oldukça başarılıydı. SunExpress ailesine teşekkür ederim.",Olumlu
305,SunExpress,Adem A,2,1,Sonuncu uçuştu müşterisine yalancı muamelesi yapan şirkete 1 kuruşumu helal etmem,Antalya - Hannover,Dış Hat,Ekim 2023,10 Ekim 2023,"Online check-in adı altında 5 euro ücret almak için sistemsel sorunlar oluşturulduğunu düşünüyorum. Öncelikle web sitesinin düzgün çalışması gerektiğini, yolculardan ücret alınmasının etik olmadığını düşünüyorum. Valiz taşıma konusunda da sorun yaşadım ve bir valizim hasarlı teslim edildi.",Olumsuz
306,SunExpress,Adem A,2,1,Sunexpress hava yollarını önermiyorum,Antalya - Hannover,Dış Hat,Ekim 2023,10 Ekim 2023,"09.10.2023 tarihinde Antalya-Hannover uçuşunu gerçekleştirdim. Online check-in için kişi başı 5€ talep ediyorlar. Öncelikle web sitenizi düzgün hale getirin, ardından ücret talep edin; aksi halde bu durum yolculara haksızlık oluyor. Ayrıca, personel insanları yanıltmak için yanlış bilgiler kullanıyor, örneğin çocuğun doğum tarihini yanlış yazmışlar. Bunun yanında bagajım hasarlı geldi ve banttan çıkar çıkmaz kırılmıştı. Bu nedenle SunExpress'i kesinlikle önermiyorum. Yolcuların haklarını korumakta başarısız bir havayolu şirketi olarak değerlendirebilirim. Hem web sitesi hem de yer hizmetleri açısından ciddi eksiklikler var ve müşteri memnuniyeti göz ardı ediliyor.",Olumsuz
307,SunExpress,Muammer Elmas,5,1,Her şey bir tuzak,Düsseldorf - Antalya,Dış Hat,Eylül 2023,20 Eylül 2023,"Senelerdir SunExpress ile tatil uçuşları gerçekleştiriyorum, ancak son dönemde müşteri hizmetleri tamamen sıfırlanmış durumda. Uçak biletleri fiyat olarak Türk Hava Yolları ile neredeyse eşit olmasına rağmen sunulan hizmet neredeyse hiç yok, her şey ekstra ücret karşılığı. Son olarak getirdikleri online check-in sistemi, yolcuları koltuk rezervasyonu yapmak zorunda bırakıyor ve bunun için ayrıca ücret talep ediliyor. Online check-in yapmayan yolcular, havaalanında ceza ödemek zorunda bırakılıyor. Tüm bu uygulamalar yolcuların mağduriyetini artırıyor ve şirketin müşteri odaklı olmadığını gösteriyor. Kesinlikle bir daha bu havayolu ile uçmayı düşünmüyorum.",Olumsuz
308,SunExpress,Arslan R,1,1,Bagajlar uçağa yüklenmedi hostes yalan söyledi yolcuları yanılttı,Gaziantep - Düsseldorf,Dış Hat,Ağustos 2023,11 Eylül 2023,"Uçuş başlamadan önce çile başladı; yaklaşık 2 saatlik rötar vardı ve uçağa bagajlar alınmamıştı. Hostese sorduğumuzda her şeyin yolunda olduğunu ve bagajların hemen peşimizden geleceğini söylediler. Ancak uçaktan indiğimizde valizlerimiz yoktu ve kimse bize net bir bilgi veremedi. Havaalanı sorumlularını aradık, fakat bilgi sağlayan olmadı. Yolcuların bagaj konusunda yanıltılması ve doğru bilgi verilmemesi ciddi bir güven sorunu oluşturuyor. Bilet almayı düşünenler iki kez düşünmeli.",Olumsuz
309,SunExpress,infopol,1,1,Karşılaştığım en kötü müşteri hizmeti,Diyarbakir - Vienna,Dış Hat,Eylül 2023,3 Eylül 2023,"Hayatımda gördüğüm en kötü müşteri hizmetiydi. Çalışanlar oldukça ilgisiz ve bıkkın görünüyordu. Bilgi almak için defalarca aradım, telefon yüzüme kapatıldı. Tekrar şikayette bulunmak istediğimde yine aynı şekilde davranıldı. Uçuş gecikmişti ve bağlantılı uçak kaçmıştı; otelde kalmak istememe rağmen kimse yardımcı olmadı. Bu durum, yolculara hizmet sunma konusunda ciddi bir eksikliği ve şirketin müşteri memnuniyetine ne kadar az önem verdiğini gösteriyor. Ucuz bilet ucuz kalite mantığıyla hareket ediyorlar, ancak insanlara karşı temel saygıyı göstermeleri gerekiyor.",Olumsuz
310,SunExpress,Hakan U,1,1,Gecikme,Antalya - Munich,Dış Hat,Ağustos 2023,20 Ağustos 2023,"Beş para etmez bir havayolu şirketi olarak değerlendiriyorum. Bu firma ile en az 10 kez uçtum ve bir kez bile uçağın saatinde kalktığını görmedim. Sürekli rötarlar ve programın düzensizliği, yolcuların planlarını aksatıyor ve güven sorunu yaratıyor. Uçuş öncesi ve sırasında müşteri bilgilendirmesi yetersiz. Bu nedenle SunExpress'i güvenilir bir seçenek olarak görmüyorum ve tavsiye etmiyorum.",Olumsuz
311,SunExpress,ozlem k,1,1,SunExpress kesinlikle tavsiye etmiyorum tam bir rezillik,Nuremberg - Izmir,Dış Hat,Ağustos 2023,16 Ağustos 2023,"2 saat içinde aldığım bileti eski soy ismimle aldığımı fark edince hemen aradım ancak yardımcı olmadılar. SunExpress aracı acenteyi ara diyor, acente ise firma kabul etmiyor diyor. Almanya’dan çıkış yapamamama neden olan bu durum nedeniyle havayolunun destek olmaması büyük mağduriyet yarattı.",Olumsuz
312,SunExpress,Umut Akalin,3,1,Evcil hayvan seyahat reddi,London - Dalaman,Dış Hat,Temmuz 2023,17 Temmuz 2023,"Müşteri hizmetlerinin onayıyla Gatwick-Dalaman uçuşu için evcil hayvanlarımızı da biletimize ekledik. Ancak havaalanına gittiğimizde Gatwick’ten evcil hayvan uçuşunun mümkün olmadığını öğrendik. Check-in süresi boyunca müşteri hizmetleri defalarca aramamıza rağmen kimse geri dönüş yapmadı. Yanlış bilgilendirme nedeniyle evcil hayvanlarımızla birlikte uçuşa kabul edilmedik ve büyük stres yaşadık.",Olumsuz
313,SunExpress,Nuriye Özcan,1,1,Bilet iptali,Izmir - Düsseldorf,Dış Hat,Ağustos 2022,11 Haziran 2023,"Beklenmedik bir nedenle yeşil pasaport probleminden dolayı yolcu değişikliği yapmak istedik ancak bilet değişimine izin verilmedi. Geçerli bir sebep olmasına rağmen yardımcı olunmadı ve bilet ücretinin tamamen kaybolması mağduriyet oluşturdu.",Olumsuz
314,SunExpress,Bayram D,1,1,Depremzedelere ikram eleştirisi,Adana - Frankfurt,Dış Hat,Şubat 2023,8 Şubat 2023,"08.02.2023 tarihli Frankfurt uçuşunda yolcuların büyük kısmı depremzedelerdi. Uçuş sırasında bir çay veya simit ikramı bile yapılmaması nedeniyle havayolunu kınıyorum.",Olumsuz
315,SunExpress,Orno,3,5,En iyi müşteri hizmetleri,Düsseldorf - Kayseri,Dış Hat,Şubat 2023,1 Şubat 2023,"Yıllardır bu havayolunu tercih ediyorum ve büyük bir sorun yaşamadım. Bagaj hakkı için ekstra ücret talep eden şirketlere rağmen SunExpress’te hizmetlerin daha kapsamlı olduğunu düşünüyorum. Müşteri hizmetleri tarafından aranarak web sitesindeki hata nedeniyle oluşan bilet sorunu çözüldü ve iade işlemi gerçekleştirildi.",Olumlu
316,SunExpress,Taner G,1,1,SunExpress Puan kaydetme işlemi,Izmir - Bonn,Dış Hat,Aralık 2022,9 Ocak 2023,"10 Aralık 2022 tarihinde İzmir’den Köln’e yaptığım XQ 982 uçuşunda soyadım yanlış yazıldığı için SunExpress puan kaydetme sistemine girmeye çalıştım. Sistem sürekli hata verdi ve talebimin mükerrer olduğunu belirten mesajlar aldım. Whatsapp üzerinden iki kez doğrudan SunExpress çalışanları ile iletişime geçmeme rağmen bilet bilgim sisteme eklenemedi. SunExpress'in kullanıcı deneyimi ve puan kaydetme işlemlerindeki eksiklikleri ciddi şekilde mağduriyet yarattı. Milyar dolarlık bir firmanın basit bir yazılım problemi için çözüm üretememesi oldukça hayal kırıklığı yarattı ve süreç boyunca hiçbir etkili destek sağlanmadı.",Olumsuz
317,SunExpress,Ecem T,1,5,Memnuniyet,Antalya - Adana,İç Hat,Aralık 2022,11 Aralık 2022,"6 Aralık 20:15 seferinde hostes ve kabin ekibi yaşlı yolcu olan teyzeme son derece ilgili ve kibar şekilde destek oldu. Tatlı sözleri ve güler yüzleriyle hem yolcunun hem de bizim deneyimimizi çok olumlu etkiledi. SunExpress ekibinin bu profesyonellik ve ilgisi takdire değerdi ve yolculuğumuzu güvenli ve konforlu hale getirdi.",Olumlu
318,SunExpress,Beyza D,7,1,Rötar,Izmir - Adana,İç Hat,Kasım 2022,6 Kasım 2022,"15:40 seferli uçuş 15:30 civarında rötar yaptığı bilgisini aldı. Biz 14:55’ten beri havalimanında bekliyorduk ve uçağın pistte bile olmaması, personelin rötar hakkında net bilgi verememesi büyük rahatsızlık yarattı. Normalde rötar bilgisinin en az iki saat önceden verilmesi gerekirken yaşanan belirsizlik ciddi bir aksaklık oluşturdu. Bu deneyim yolculuğumun olumsuz şekilde başlamasına neden oldu ve ilk uçuşumda yaşadığım bu sorun tekrar uçmayı düşündüğümde aklımda olumsuz bir iz bıraktı.",Olumsuz
319,SunExpress,Pia l,2,1,Organize işler,Izmir - Frankfurt,Dış Hat,Kasım 2022,4 Kasım 2022,"Check-in sırasında el bagajlarının durumu hakkında net bir bilgi verilmedi. Gate bölümünde üç personelin elinde tartı ile yolcuların el bagajlarını kontrol etmeye çalışmaları ve bazı yolculara ekstra ücret dayatılması ciddi bir kaos yarattı. Benim sıra numaram 11 olmasına rağmen sıraya alınmam ve bagajımın tartılması için geç kalmam, hem zaman kaybı hem de strese yol açtı. Check-in sırasında yaşanan bu koordinasyon eksikliği, planlanan yolculuk sürecini büyük ölçüde olumsuz etkiledi ve SunExpress’in süreç yönetimindeki eksikliklerini gösterdi.",Olumsuz
320,SunExpress,Y.Korkmaz,1,1,Memnun Kalmadım,Gaziantep - Bonn,Dış Hat, Eylül 2022,27 Ekim 2022,"Gaziantep’ten Düsseldorf’a aktarmalı bir uçuşum sırasında, Gaziantep’te uçağın geç kalkması nedeniyle Antalya’daki bağlantılı uçuşumu kaçırdım. Düsseldorf’ta valizlerim gönderilmedi ve valizlerime ulaşmak için büyük mücadele verdim. İçindeki eşyalarım hasar gördü ve SunExpress’e tazmin talebi için dosya oluşturdum. 40 gün sonra geri dönüş alındı fakat sorun bizimle alakalı değil denildi. Müşteri hizmetleri süreci yönetmede yetersiz kaldı ve yaşadığım mağduriyet uzun süre devam etti. SunExpress’in hizmet kalitesi ve müşteri desteği beklentilerimi karşılamadı.",Olumsuz
321,SunExpress,Nergiz Ö,1,5,Memnuniyet,Gaziantep - Antalya,İç Hat,Ekim 2022,12 Ekim 2022,"İlk defa uçağa binmeme rağmen SunExpress’in sağladığı konfor ve hizmet beni çok etkiledi. Uçuş sırasında korku veya gerginlik hissetmedim; kabin ekibi sürekli olarak yolcuların rahatını ön planda tuttu ve ilgi, alaka mükemmeldi. Güler yüzlü personel, her soruya sabırla yanıt verdi ve sanki business class hizmeti sunuluyormuş gibi bir deneyim yaşattılar. Koltuk konforu, uçak içi ortam ve genel hizmet kalitesi olağanüstüydü. Bu deneyim sayesinde SunExpress’i artık tercih edeceğim tek havayolu olarak belirledim ve bütün ekibe teşekkürlerimi sunuyorum. Yolculuğum boyunca gösterdikleri profesyonellik ve sıcak yaklaşım, uçuş deneyimimi unutulmaz kıldı ve havacılık sektöründe müşteri memnuniyetinin nasıl olması gerektiğine dair örnek teşkil etti.",Olumlu
322,SunExpress,İmam Özdemir,2,1,Gecikmeli kalkış,Gaziantep - Izmir,İç Hat,Temmuz 2022,29 Temmuz 2022,"Saat 22:25’te İzmir’e uçuşumuz planlanmışken, uçak ancak 12:50’de havalandı. Bu aşırı gecikme nedeniyle büyük mağduriyet yaşadık ve SunExpress’in bilgilendirme eksikliği ciddi sıkıntılara yol açtı. Daha önce 26 Temmuz’da Gaziantep’e gelirken de 2 saat gecikme olmuştu, yani benzer sorunlar sürekli tekrar ediyordu. Yolcuların gecikme hakkında e-posta veya mesaj yoluyla bilgilendirilmemesi, havalimanında bekleyenlerin planlarını aksatıyor ve sabırsızlık yaratıyordu. Bu durum, havayolu şirketinin operasyonel süreçleri ve müşteri iletişiminde ciddi aksaklıklar olduğunu göstermektedir. Yaşanan bu tecrübeler nedeniyle SunExpress’i kullanmayı önermiyorum ve gelecekte de aynı sorunlarla karşılaşma ihtimaline karşı başka havayollarını tercih etmenizi tavsiye ederim.",Olumsuz
323,SunExpress,Ahmet Ölmez,1,1,Rezalet ötesi bir Hizmet,Frankfurt - Diyarbakir,Dış Hat,Temmuz 2022,20 Temmuz 2022,"Diyarbakır’a geldiğim yaklaşık iki haftalık süreçte kaybolan ayaklı vantilatörüm için hâlâ geri dönüş yapılmadı. Hem Almanya’daki hem de Türkiye’deki SunExpress ofisleri, konuya dair yeterli destek sunmadılar ve yaşanan mağduriyet çözülemedi. Kayıp eşya ve bilgi eksikliği nedeniyle yaşadığım süreç oldukça stresliydi ve müşteri hizmetlerinden hiçbir etkili yardım alamadım. Bu deneyim, SunExpress’in kayıp eşya yönetimi ve müşteri memnuniyeti konusundaki ciddi eksikliklerini gözler önüne seriyor ve firmaya olan güvenimi ciddi şekilde sarstı.",Olumsuz
324,SunExpress,Laura C,6,1,Diyarbakır sunexpress çalışanları boyle büyük bir firmayı mahvediyor,Diyarbakir - Antalya,İç Hat,Nisan 2022,14 Nisan 2022,"23F numaralı koltukta Antalya’ya seyahat ederken, 1000 TL ödeyerek bilet almış olmama rağmen uçuş sırasında personelin davranışları ciddi hayal kırıklığı yarattı. Kapıda bilet kesen erkek personel, maskesiz olduğum için marketten maske almamı söyledi, uçakta maske ve ıslak mendil verilmesine rağmen tavırları ve yanlış yönlendirmeleri yolculuk boyunca rahatsız ediciydi. Bu tür davranışlar, yüksek ücret ödenmesine rağmen yolcuların küçük detaylarda bile dikkate alınmadığını ve firmadaki hizmet standartlarının tutarsız olduğunu gösteriyor. SunExpress’in Diyarbakır’daki personel uygulamaları, firmanın genel imajına zarar veriyor ve yolcu deneyimini olumsuz etkiliyor. Diğer illerdeki SunExpress uçuşlarından memnun kalmış olmama rağmen, Diyarbakır şubesindeki deneyimim unutulmaz şekilde kötüydü.",Olumsuz
325,SunExpress,Ozgu T,1,1,PARANIZLA REZİL OLMAK İÇİN BİREBİR,Izmir - Adana,İç Hat,Mart 2022,18 Mart 2022,"Paranızla rezil olmak istiyorsanız SunExpress tam adresiniz. Uçuşun kalkış saatini sürekli merak ederek beklemek, uçak içinde hiçbir bilgilendirme yapılmadan uzun süre bekletilmek ve nefes darlığı gibi sorunlar yaşamak bu havayolu ile maalesef mümkün. Rezalet ve sefalet bir arada sunuluyor. Havaalanında yaşanan stres ve yolculuk öncesi, sırası ve sonrası süreçlerdeki düzensizlikler, yolcuların güvenini sarsıyor ve tatil planlarını olumsuz etkiliyor. Kırk yılda bir kendinize bir jest yapıp rahat bir tatil yapmak yerine, SunExpress ile seyahat ederek uzun beklemeler ve stres dolu anlar yaşarsınız. Yolcu memnuniyeti konusunda ciddi eksiklikler mevcut ve firmanın operasyonel süreçleri bu olumsuz deneyimi artırıyor.",Olumsuz
326,SunExpress,Cem Y,4,1,Berbat bir müşteri hizmetleri!,Antalya - Izmir,İç Hat,Ekim 2021,13 Ekim 2021,"Antalya’dan İzmir’e balayı yolculuğu yapmak isterken SunExpress personelinin kaba ve bağırarak konuşan tavırları nedeniyle büyük mağduriyet yaşadık. Yabancı olan nişanlımın PCR test süresi konusunda farklı uygulamalar olduğu halde görevli kişi bizi dinlemedi ve tartışmamamızı söyleyerek sert şekilde uyardı. Diğer SunExpress çalışanları da sorunu çözmek yerine bağırarak konuşmayı sürdürdüler ve bu durum uçuşumuzu kaçırmamıza neden oldu. Müşteriyle iletişim kurma adabı olmayan, empati eksikliği yaşayan ve çatışma yönetimi bilmeyen personel yaklaşımı çok olumsuz bir deneyim oluşturdu.",Olumsuz
327,SunExpress,Derya Manav,1,1,Çalınan forma ve kırık bavul,Samsun - Düsseldorf,Dış Hat,Ağustos 2021,18 Eylül 2021,"Gece saat 03:30 uçuşunda bavulumuzun tekerleği kırılmış ve oğluma aldığım orijinal Galatasaray formasının çalındığını fark ettik. Bagaj hasarı ve eşya kaybı için havayolundan destek talep ettik ancak gerekli ilgi gösterilmedi. Hasarın firma tarafından karşılanmasını istiyoruz ve konu hakkında yetkililerden geri dönüş bekliyoruz.",Olumsuz
328,SunExpress,Muhammed,1,1,Hainlik ve sahtekarlık suçlaması,Antalya - Amsterdam,Dış Hat,Eylül 2021,14 Eylül 2021,"SunExpress sisteminde oluşan hataların yolcunun sorumluluğunda olmadığı halde mağduriyet yaşadım. Bilet işlemlerinde yaşanan sorun nedeniyle uçuş planım aksadı ve firma tarafından çözüm üretilmedi. Bu durum güven kaybına yol açtı ve ilk kez tercih ettiğim bu havayolunu bir daha kullanmayı düşünmüyorum.",Olumsuz
329,SunExpress,Mete K,2,1,Gepäck (bagaj ücreti ve tutum eleştirisi),Malatya - Frankfurt,Dış Hat,Temmuz 2021,19 Temmuz 2021,"Check-in sırasında 2 kg fazlalık için 203 TL ücret alındı. Personelin yaşlı yolculara karşı azarlayıcı ve yüksek sesli konuşma tarzı rahatsız ediciydi. Diğer üç görevlinin aynı fazlalık için işlem yapmaması ise uygulama tutarsızlığı oluşturdu. Bu tür davranışların özellikle gurbetçi yolcuları zor durumda bıraktığını düşünüyorum ve personel yaklaşımının gözden geçirilmesi gerektiğini belirtiyorum.",Olumsuz
330,SunExpress,Mustafa Ş,2,1,Niet aanvaarden van covidtest,Zonguldak - Düsseldorf,Dış Hat,Temmuz 2021,14 Temmuz 2021,"Elimde geçerli COVID test sonuçları olmasına rağmen uçağa alınmadım. 14 Temmuz Zonguldak-Düsseldorf uçuşunda bazı testleri kabul ederken benim testimin reddedilmesi büyük mağduriyet yarattı. Özellikle cenaze nedeniyle seyahat eden bir yolcu için bu durum çok zorlayıcı oldu ve süreç boyunca çözüm sunulmadı.",Olumsuz
331,SunExpress,Osman U,5,1,Hizmet anlamında kocaman bir sıfır,Izmir - Kayseri,İç Hat,Haziran 2021,28 Haziran 2021,"Eşim ve oğlum İzmir-Kayseri uçuşuna katıldılar ve uçuş boyunca hizmet kalitesi sıfırdı. İniş sonrası bagajlar çok uzun süre bekletildi ve geldiğinde valizler kırılmış, yırtılmış ve deforme olmuştu. Valizin hasar gördüğünü belirttiğimde tutanak tutulacağı söylendi ve müşteri hizmetleri ile irtibat kurmam gerektiği ifade edildi. Ancak ne yazık ki aramalarım yanıtsız kaldı, WhatsApp hattından bile geri dönüş yapılmadı. Bu kadar sorumsuz bir hizmet deneyimi hiç yaşamadım ve kesinlikle bu firmayı tavsiye etmiyorum.",Olumsuz
332,SunExpress,Zehra Y,1,1,Rezalet havayolu,London - Gaziantep,Dış Hat,Haziran 2021,15 Haziran 2021,"1,5 ay sonrası için planladığım uçuşum iptal edildi ve iptal ile ilgili herhangi bir bilgilendirme yapılmadı. Böyle bir süreç ve müşteri ilgisizliği nedeniyle SunExpress ile tekrar uçmayı düşünmüyorum. Firmayı dolandırıcı bir tutum sergilediği için asla tercih etmeyeceğim.",Olumsuz
333,SunExpress,By Volkan,1,1,Uçuş iptal edip paranızı iade etmeyen bir şirket,Izmir - Kayseri,İç Hat,Mayıs 2021,1 Mayıs 2021,"SunExpress, uçuş iptal ettikten sonra bilet ücretinin büyük bir kısmını kesinti yaparak iade etti. Bu süreçte müşteri hizmetlerinden herhangi bir destek alınamadı ve firma tamamen sorumsuz davrandı. Profesyonellikten uzak, kurumsal bir yaklaşım sergilemeyen ve yolcuları mağdur eden bir hizmet deneyimi yaşadım. Kesinlikle tavsiye etmiyorum ve bilet almayı düşünmüyorum.",Olumsuz
334,SunExpress,Karabudak A,1,1,Abzocke (fazla bagaj ücreti),Izmir - Düsseldorf,Dış Hat,Nisan 2021,19 Nisan 2021,"4 kilogram fazla bagaj için 50 Euro ücret alındı. Uçak yarı dolu olmasına rağmen bu uygulama yolcuları haksız şekilde mağdur ediyor. Fazla ücret talep edilmesi, hizmet anlayışı açısından ciddi bir problem ve adil olmayan bir uygulama. Müşteri deneyimi açısından son derece olumsuz bir durum.",Olumsuz
335,SunExpress,Fatih Y,1,5,Yardımsever personel,Hannover - Antalya,Dış Hat,Aralık 2020,30 Aralık 2020,"SunExpress personeli çok yardımseverdi. Güler yüzlü ve alçak gönüllü davranışlarıyla ihtiyaç duyulduğunda yolculara fedakarlık gösterecek kadar ilgili oldular. Bu sayede uçuş sırasında olumlu bir deneyim yaşadım ve personelin yaklaşımı takdire değerdi.",Olumlu
336,SunExpress,GS1905GS,1,1,Sunexpress paranızı alır,Antalya - Frankfurt,Dış Hat,Ekim 2020,12 Ekim 2020,"COVID-19 salgını nedeniyle seyahat planımı değiştirmek veya uçuş tarih/saatinde değişiklik yapmak istediğimde SunExpress, ödediğim ücretin yaklaşık %75’ini ceza olarak kesti. Bu durum yolcular için oldukça ağır bir caydırıcılık oluşturuyor. Seyahat planları belirsizleştiğinde daha esnek bir politika beklerdim. Bilet almadan önce değişiklik ve iptal koşullarının dikkatle incelenmesi gerektiğini düşünüyorum.",Olumsuz
337,SunExpress,endermurat,32,1,Bu kadar rezil bu kadar berbat olamaz,Adana - Antalya,İç Hat,Eylül 2020,26 Ağustos 2020,"Yılda yaklaşık 12–13 kez uçuş yapan biri olarak SunExpress ile ilk deneyimim oldukça olumsuz oldu. Uçak içi temizlik yetersizdi ve koltuk aralıkları çok dardı; 1.80 boy ve 85 kg olmama rağmen dizlerimi rahatça yerleştiremedim. Personelin tutumu da sert ve soğuktu. Mecbur kalmadıkça bu havayolunu tekrar tercih etmeyi düşünmüyorum.",Olumsuz
338,SunExpress,Hafize,12,5,Her zaman SunExpress,Zurich - Antalya,Dış Hat,Temmuz 2020,28 Temmuz 2020,"Havalimanına üç saat önce geldik ve sıra beklemeden check-in işlemlerimizi yaptık. El bagajı yerine sadece el çantası ve sırt çantası kabul edildi. Uçuş sırasında yemek ve içecek servisi yapıldı ve maske zorunluluğu uygulandı. Grup halinde uçağa biniş sağlandı. Genel olarak rahat ve güleryüzlü personel sayesinde konforlu bir uçuş deneyimi yaşadık.",Olumlu
339,SunExpress,gülsüm b,2,1,Geçen yıl Adana’ya uçmak için mağduriyet,Frankfurt - Adana,Dış Hat,Temmuz 2020,12 Temmuz 2020,"31 Mayıs 2019 tarihinde Frankfurt-Adana uçuşumuz saat 20:00 olarak planlanmıştı ancak uçak kalkışı ertelendi ve ertesi gün saat 15:30 civarında ancak uçabildik. Yaşanan gecikme nedeniyle SunExpress’e iki kez yazılı başvuru yaptık fakat olumsuz yanıt aldık. Uzun süren bekleme ve çözüm bulunamaması büyük mağduriyet yarattı.",Olumsuz
340,SunExpress,ayhan a,1,1,Rezillik,Stuttgart - Izmir,Dış Hat,Temmuz 2020,7 Temmuz 2020,"Stuttgart havalimanında check-in sırasında el bagajında yaklaşık 500 gram fazla olduğu gerekçesiyle bagaj kabul edilmedi ve ücret talep edildi. Yanımda bulunan diğer yolcuların 3–4 kg fazla bagajla sorunsuz geçmesine rağmen aynı uygulamanın yapılmaması uygulama tutarsızlığı oluşturdu. Personelin davranışları yolcular arasında ayrım yapıldığı izlenimini verdi.",Olumsuz
341,SunExpress,gilles789,22,1,Bilet ücreti iadesi ahlaksızlığı,Frankfurt - Antalya,Dış Hat,Mart 2020,16 Haziran 2020,"Frankfurt-Antalya hattında üç ayrı PNR ile rezervasyon yaptım ancak uçuşlar SunExpress tarafından iptal edildi. Defalarca çağrı merkezi ve web sitesi üzerinden iade talebinde bulundum. Her seferinde talebimin alındığı ve geri dönüş yapılacağı söylendi fakat aylar geçmesine rağmen para iadesi yapılmadı. Ayrıca iade sürecinde kredi kartı ekstresi ve IBAN bilgisi talep edilmesi güven sorunu yarattı. İade yapılmış olduğu söylense de hesabıma herhangi bir tutar geçmedi. Bu süreçte iletişim eksikliği ve yanlış bilgilendirme nedeniyle büyük mağduriyet yaşadım.",Olumsuz
342,SunExpress,Ayşenur B,1,1,Sikayet,Kayseri - Antalya,İç Hat,Haziran 2020,7 Haziran 2020,"Ameliyat teknik eğitimi için gidiş-dönüş bilet aldım ancak havayolu şirketi uçuş tarihimi değiştirdi ve planladığım konaklama ve ulaşım organizasyonum bozuldu. Müşteri hizmetlerine ulaşmak zor oldu ve her değişiklik için ekstra ücret talep edildi. Pandemi döneminde yolculara destek olunması beklenirken firma yeterince yardımcı olmadı ve bu durum hem maddi hem de planlama açısından mağduriyet yarattı.",Olumsuz
343,SunExpress,Serkan E,1,1,Sahtekarlık - dolandırıcılık - ilgisizlik,Paris - Antalya,Dış Hat,Mayıs 2020,22 Mayıs 2020,"Salgın nedeniyle uçuşların ertelenmesi anlaşılabilir olsa da, uçuş planı değişiklikleri hakkında yeterli bilgilendirme yapılmadı. Telefonlara ulaşılamadı, WhatsApp hattına cevap verilmedi ve yolcu iletişimi çok zayıftı. Para iadesi sürecinde de sorunlar yaşandı. Uçuş garantisi verilmemesine rağmen bilet satılması ve sonrasında destek sunulmaması büyük hayal kırıklığı oluşturdu.",Olumsuz
344,SunExpress,Akın ŞEN,142,1,13 Mart itibariyle değerlendirme,Antalya - Munich,Dış Hat,Mart 2020,15 Mart 2020,"2020 yılı Mart ayı itibariyle pandemi sürecinde havayolunun web sitesi ve çağrı merkezi hizmetlerinin aksadığı gözlemlendi. Seyahat planları belirsizleşti ve müşteri iletişimi zayıfladı. Yıllardır SunExpress ile uçan bir yolcu olarak ilerleyen dönem uçuşlarımı yeniden değerlendirmeyi düşündüm.",Nötr
345,SunExpress,photographer21,14,2,Beğenmedim SunExpress,Diyarbakir - Antalya,İç Hat,Kasım 2019,7 Şubat 2020,"Gidiş dönüş bilet aldım; giderken problem yaşamadım ancak dönüş uçuşunda valizim hasar gördü. Bagaj hasarı için tutanak tutulmasına rağmen ödeme yapılmadı. Firma, hasar tazmin sürecinde fatura ve rapor talep ederek süreci zorlaştırdı. Bagajın yıllarca kullanılabilen bir ürün olduğu düşünülürse, yolcu mağduriyetinin giderilmesi gerektiğini düşünüyorum.",Olumsuz
346,SunExpress,meltem,1,1,9 saat rötar,Izmir - Antalya,İç Hat,Eylül 2019,3 Şubat 2020,"Eylül 2019'da İzmir-Antalya uçuşum öğlen 13:30'da planlanmıştı ancak uçak tam 9 saat gecikmeyle kalktı. Bu, sadece yaşadığım bir tecrübe değil; daha önce de İzmir’den kalkan uçaklarda yaklaşık 3 saatlik gecikmeler yaşadığımı biliyorum. En büyük sorun, yolcuların önceden bilgilendirilmemesiydi. Havaalanına vardığımda uçuşun 9 saat gecikeceğini öğrendim ve etraftaki yolcular perişan durumdaydı. Uçuş gecikmesi nedeniyle planlarım tamamen aksadı, yolculuk boyunca hem fiziksel hem de zihinsel olarak yorgunluk yaşadım. Bu tür aşırı gecikmelerde firmanın bilgilendirme sistemi yetersiz, iletişim kanalları etkin çalışmıyor ve müşteri hizmetleri bu süreçte yardımcı olamıyor. Yolculuk deneyimi tamamen berbat bir gün yaşatmaktan öteye geçmedi. Bu durum, firmadan beklentileri ciddi şekilde düşürüyor ve tekrar tercih etmemi engelliyor.",Olumsuz
347,SunExpress,Burcu Ç,3,1,Rezalettt,Antalya - Adana,İç Hat,Ocak 2020,19 Ocak 2020,"Daha önce de firmanın rötarlı uçuşlarına denk geldiğim için tekrar uçağa bindim ama bu kez de aynı sorunlarla karşılaştım. Uçakta yaşanan sıkıntılar nedeniyle bizi yeniden kalkış noktasına geri götürdüler ve hiçbir şekilde önceden bilgilendirilmedik. Bu tür aksaklıklar, yolcuların zaman planlamasını tamamen bozuyor ve hem maddi hem de kişisel açıdan sıkıntı yaratıyor. Uçağın içindeki olumsuzluklar benim ilgimi çekmedi ama havayolu şirketinin önlem alması ve rötar bilgisini zamanında iletmesi gerekiyor. Yaşadığım deneyim sonrası SunExpress benim için artık tercih edilmeyecek bir firma oldu ve otobüs gibi alternatifleri daha güvenli buluyorum. Genel olarak bu tür hizmet aksaklıkları ciddi bir rahatsızlık yaratıyor.",Olumsuz
348,SunExpress,ufuk yerli,5,5,"Direk uçuş, yeni uçak",Düsseldorf - Izmir,Dış Hat,Aralık 2019,13 Ocak 2020,"Düsseldorf-İzmir hattında ailemle birlikte yaptığımız uçuş, fiyat performans açısından oldukça tatmin ediciydi. Direk uçuş imkanı, yeni ve temiz uçaklar ile konforlu koltuklar sağlandı. Kabin görevlileri güler yüzlü ve ilgiliydi; yolculuk boyunca tüm ihtiyaçlarımızla ilgilendiler. Uçak içi temizlik, check-in ve biniş süreçleri sorunsuz ilerledi. Bu deneyim, SunExpress’in bazı aksaklıklarına rağmen belirli hatlarda kaliteli hizmet sunabildiğini gösteriyor. Özellikle çocuklu aileler ve sık seyahat eden yolcular için rahat ve sorunsuz bir uçuş deneyimi sundu.",Olumlu
349,SunExpress,oscar,12,5,Muhtesemsiniz,Gaziantep - Antalya,İç Hat,Ocak 2020,11 Ocak 2020,"Uçuş korkusu yaşayan biri olarak SunExpress ile yaptığım Gaziantep-Antalya uçuşu son derece olumlu geçti. Uçağın kalkışı ve inişi çok düzgün ve konforluydu, bu sayede yolculuk boyunca korkumu yenebildim. Kabin görevlileri ve özellikle kabin amiri Hayriye Hanım’ın misafirperverliği ve ilgisi yolculuğu çok keyifli kıldı. Hizmet kalitesi, güleryüz ve misafirperverlik açısından beklentilerimin çok üstündeydi. Bu deneyim, SunExpress’in sadece bir havayolu firması olarak değil, yolcu memnuniyetine önem veren bir hizmet sağlayıcı olarak da güçlü yönlerini gösteriyor.",Olumlu
350,SunExpress,Zafer Karaca,77,4,Herşey Normal,Düsseldorf - Izmir,Dış Hat,Aralık 2019,6 Ocak 2020,"Bilet fiyatlarına göre verilen hizmet, genel olarak normal düzeydeydi; ne çok kötü ne de mükemmel. Hostesler ilgili ve yardımcıydı, yiyecek ve içecekler fiyatına göre makul seviyedeydi. Uçuş konforu, check-in ve biniş süreçleri ortalama standartlarda ilerledi. SunExpress, bu hat için orta seviyede bir hizmet sundu ve özellikle hosteslerin ilgisi ve kabin içi düzen, yolculuğu sorunsuz kıldı. Genel olarak beklentilerimi karşıladı ama olağanüstü bir memnuniyet yaratmadı.",Nötr
351,Türk Hava Yolları,Marko,47,4,Teşekkürler THY,Skopje - Istanbul,Dış Hat,Şubat 2026,9 Şubat 2026,"Türk Hava Yolları ile yaptığım uçuşta genel hizmet kalitesi oldukça memnuniyet vericiydi. Kabin ekibi güler yüzlü ve profesyonel davrandı. Uçuş boyunca konforlu ve rahat bir yolculuk gerçekleştirdim. Özellikle hosteslerin misafirlere yaklaşımı ve uçuş düzeni yolculuğun keyifli geçmesini sağladı. Bu deneyimimi memnuniyetimi ifade etmek amacıyla paylaşmak istedim ve firma çalışanlarına teşekkür ederim.",Olumlu
352,Türk Hava Yolları,Fatih Akbas,509,4,Tavsiye ederim,Izmir - Istanbul,İç Hat,Şubat 2026,7 Şubat 2026,"Uçak zamanında kalkmasına rağmen kabin çalışanlarının yolculara karşı biraz daha ilgili ve güler yüzlü olması gerektiğini düşünüyorum. Sorulara verilen cevapların daha nazik ve açıklayıcı olması beklenirdi. Dünya markası haline gelmiş bir havayolu şirketinin müşteri hizmetleri ve kabin içi iletişim eğitimlerini daha sıkı şekilde uygulaması gerektiğini düşünüyorum. Genel uçuş deneyimi zamanlama açısından iyi olsa da insan ilişkileri açısından geliştirilmesi gereken noktalar vardı.",Nötr
353,Türk Hava Yolları,Giray A,1,5,Harikasın THY,Istanbul - Dallas,Dış Hat,Ocak 2026,22 Ocak 2026,"Ekonomi sınıfı bilet almama rağmen ve eşim için de normal biletleme yapmama rağmen check-in sırasında yan yana koltuk verilmedi. Bu durumu müşteri hizmetleri ile paylaştım ve uçuş öncesinde desk ile görüşmem önerildi. İzmir Adnan Menderes Havalimanı’ndaki yetkililer uçakta boş koltuk bulunmadığını belirtti. Ancak İstanbul Havalimanı’nda uçağa biniş esnasında yapılan son kontrolde koltuk düzenlemem değiştirildi ve eşimle birlikte business sınıfta yolculuk etmemizi sağlayan bir jest yapıldı. Bu yaklaşım sayesinde çocuklarıma rahatça kavuşabildim ve bu yardımı yapan personele özellikle teşekkür etmek istiyorum.",Olumlu
354,Türk Hava Yolları,Suleyman E,1,1,İki defa bilet satma,Istanbul - Marseille,Dış Hat,Kasım 2025,10 Ocak 2026,"Bilet alırken soy ismimde ve adres bilgilerimde küçük harf hataları bulunmasına rağmen sistem tarafından yeniden bilet satılması ve yaklaşık 52.000 TL ücret alınması büyük mağduriyet yarattı. Sadece iki harf hatası nedeniyle yolculardan tekrar bilet ücreti talep edilmesini doğru bulmuyorum. Uluslararası uçuşlarda pasaport ve oturum belgeleri kontrol edilirken uçak biletindeki küçük yazım hatalarının bu kadar büyük maliyetlere yol açması yolcu memnuniyetini olumsuz etkiliyor. İade talebimin değerlendirilmesini istiyorum.",Olumsuz
355,Türk Hava Yolları,hasan k,11,1,Never again,Istanbul - London,Dış Hat,Ocak 2026,6 Ocak 2026,"5 Ocak 2026 tarihli İstanbul–Heathrow uçuşunda fazla bilet satışı nedeniyle koltuk numarası verilmedi. Bagaj teslim edilmiş olmasına rağmen yolcuya beklemesi söylenmesi ve iletişim tarzının sert olması rahatsızlık yarattı. Online check-in zorunluluğu olduğu belirtilmesine rağmen bu uygulamanın her yolcu için zorunlu olmaması gerektiğini düşünüyorum. Uçuş sırasında yaşanan tartışma ortamı ve polis çağrılması tehdidi yolcu deneyimini olumsuz etkiledi. Son anda boş koltuk bulunarak sorun çözüldü ancak bu deneyim tekrar yaşamak istemeyeceğim bir durum oluşturdu.",Olumsuz
356,Türk Hava Yolları,Mahir B,1,1,Tarifede olan uçuş iptal edildi,Samsun - Salzburg,Dış Hat,Aralık 2025,10 Aralık 2025,"Satın aldığım tarihte tarifede olan uçuşun daha sonra operasyonel gerekçeyle iptal edilmesi sonucunda bağlantılı uçuşuma yetişebilmek için zorunlu olarak ek konaklama ve ulaşım masrafları yaptım. Havayolu şirketi tarafından önceden bilgilendirildiğim belirtilmesine rağmen mağduriyetimi doğuran bu iptal nedeniyle oluşan ek maliyetlerin karşılanmasını talep ettim ancak talebim reddedildi.",Olumsuz
357,Türk Hava Yolları,Volkan P,116,4,Kabin ekibinin ilgi ve nezaketi,Nice - Istanbul,Dış Hat,Aralık 2025,7 Aralık 2025,"Nice-İstanbul uçuşunda kabin ekibinin güler yüzlü ve profesyonel hizmetinden memnun kaldık. Özellikle Ayşe Ecem Edwards, Merve Doğru ve Aytuğ Aygün’e gösterdikleri ilgi ve nezaket için teşekkür ederiz. Uçuş deneyimi genel olarak rahat ve sorunsuz geçti.",Olumlu
358,Türk Hava Yolları,senel t,4,1,Sorumsuz hava yolları,Istanbul - Melbourne,Dış Hat,Eylül 2025,30 Eylül 2025,"Check-in sırasında eşimle koltuk numaralarımızın ters verildiğini fark ettik ancak bildirmemize rağmen ilgilenen olmadı ve uçakta ayrı oturmak zorunda kaldık. Uçuş sırasında yemek seçeneklerinin yetersiz olduğunu ve servis edilen yemeklerin kalite olarak beklentimizi karşılamadığını düşünüyorum. Genel olarak stresli ve memnuniyetsiz bir yolculuk oldu.",Olumsuz
359,Türk Hava Yolları,Tuusem,2,1,Hasta yolcuya yardımcı olunmaması,Istanbul - Erzincan,İç Hat,Temmuz 2025,14 Eylül 2025,"Parkinson hastası olmama ve uçuşa 35 dakika kala havaalanına ulaşmış olmama rağmen kuş taşıma işlemleri gerekçe gösterilerek uçağa alınmadım. Hasta bir yolcu olarak ricada bulunmama rağmen prosedür gerekçesiyle yardım edilmedi. Metro seferi nedeniyle geç kaldığım bu durumda insanî yaklaşım beklerdim ancak ekstra ceza ücreti alındı.",Olumsuz
360,Türk Hava Yolları,Joseph B,1,1,Müşteri hizmetleri kötü,Istanbul - (belirtilmemiş),Dış Hat,2025,11 Ağustos 2025,"Rezervasyon yapmadan önce müşteri hizmetleri ile iletişime geçerek eşimin pasaport soyadı değişikliği hakkında bilgi aldık ve sorunun kolayca çözülebileceği söylendi. Ancak bilet satın alındıktan sonra değişiklik talebi reddedildi ve yalnızca vergi iadesi yapılabileceği belirtildi. Aynı uçuş için daha yüksek fiyatlı business sınıfı bilet almak zorunda kaldık. Yanlış yönlendirme nedeniyle ailemiz ciddi maddi kayıp yaşadı.",Olumsuz
361,Türk Hava Yolları,Roberto N,51,3,Definitivamente no vuelvo a elegir esta compania,Miami - Palermo,Dış Hat,Julio 2025,11 Agosto 2025,"Bu, Türk Hava Yolları ile ilk deneyimimdi ve havayolunun kendisiyle ilgili olarak uçağın kapılarının kapanmasından inişe kadar hizmetin mükemmel olduğunu söyleyebilirim. Kabin ekibi, uçuş boyunca olağanüstü dikkatli ve yardımseverdi. Ancak Türk Hava Yolları’nın sözleşmeli olarak sağladığı rampa hizmetleri ciddi sorunlar yarattı. Sekiz biniş ve inişten yalnızca ikisi jetway üzerinden gerçekleşti, geri kalanlar merdiven ve otobüsle yapıldı. Eşimin hareket kabiliyeti desteğine ihtiyacı vardı ve kızım bir bebek taşıyordu; bu nedenle iniş ve binişlerde ciddi zorluk yaşadılar. İstanbul’a vardığımızda ise 105 numaralı otobüsün şoförü, kötü bir ruh hali ve saygısız bir tavırla, bahsedilen engeli dikkate almadan mürettebatın otobüsüne binmemize izin vermedi. Kucağımda 15 kilo ağırlığında bir çocukla 15 dakika boyunca ayakta beklemek zorunda kaldım. Bu deneyim, uçuş boyunca yaşanan mükemmel hizmeti gölgeledi ve bir havayolu seçerken erişilebilirlik ve yer hizmetlerinin kalitesinin önemini açıkça gösterdi. Türk Hava Yolları'nın kabin içi hizmet kalitesi övgüye değer olsa da, yer hizmetlerindeki ihmaller ve duyarsız davranışlar, yolcuların özellikle özel yardıma ihtiyaç duyanların seyahat deneyimini olumsuz etkiliyor.",Olumsuz
362,Türk Hava Yolları,Pioneer32908775069,1,2,HIJYEN LUTFEN,Istanbul - Paris,Dış Hat,Junio 2025,26 Junio 2025,"Uçakta arka sıralara yerleştirildim ve uçakta ciddi şekilde hijyen eksikliği gördüm. Karasinekler menünün üzerine bile kondu ve uçuş sırasında bu durum ciddi rahatsızlık yarattı. Bu tür bir hijyen sorunu, yolcuların sağlığını doğrudan etkileyebilir ve uçuş deneyimini olumsuz kılar. Uçuş öncesi ve sırasında hijyen kontrollerinin artırılması, yiyecek ve içecek servis alanlarının sık sık temizlenmesi ve böceklerle mücadele edilmesi gerekir. Eğer bu durum önceden bilinseydi, yanımda sinek kovucu gibi önlemler getirirdim. Yolcuların güvenliği ve hijyen konusundaki hassasiyetlerinin dikkate alınması, havayolu hizmetlerinin kalitesi açısından kritik önem taşır.",Olumsuz
363,Türk Hava Yolları,eda p,1,1,Bilet,Houston - Gaziantep,Dış Hat,Enero 2025,14 Mayo 2025,"Acil olarak bilet değişikliği talebinde bulundum ve resmi geri bildirim formunu doldurdum. Kuralları bildiğim ve bir kez daha rica ettiğim halde Türk Hava Yolları’ndan hiçbir yardım alamadım. Önceden aldığım biletle yeni bilet arasında fiyat farkı olmasına rağmen, yetkililer değişiklik yapmayı reddetti. ABD’den sürekli seyahat ediyorum ve bu nedenle yolculuklarımı artık başka bir havayolu ile devam ettireceğim. Bu durum, müşteriye esneklik sağlanmaması ve talep edilen makul değişikliklere karşı destek verilmemesi nedeniyle ciddi bir memnuniyetsizlik oluşturuyor. Müşteri hizmetlerinin daha duyarlı ve yolcuların acil taleplerine yanıt verecek şekilde organize edilmesi büyük önem taşıyor.",Olumsuz
364,Türk Hava Yolları,Ahmet D,1,1,Tekerlekli sandalye,Istanbul - Erzincan,İç Hat,Mayo 2025,11 Mayo 2025,"Annem için 48 saatten fazla önceden tekerlekli sandalye talebinde bulunmama rağmen talebimiz kabul edilmedi. Yolcu olarak özel ihtiyaçların önceden bildirilmesine rağmen karşılanmaması, ciddi bir müşteri memnuniyetsizliği ve hizmet eksikliği yaratıyor. Bu durum, özellikle engelli veya hareket kabiliyeti kısıtlı yolcuların seyahat planlarını olumsuz etkiliyor ve havayolunun insan odaklı hizmet anlayışını sorgulatıyor. Yolcuların güvenliği, konforu ve ihtiyaçlarına duyarlılık, havayolu hizmetlerinde öncelikli olmalıdır. Maalesef, bu deneyim ailemin seyahatini zorlaştırdı ve olumsuz bir izlenim bıraktı.",Olumsuz
365,Türk Hava Yolları,TUNA Ö,1,1,Haksızlık ve saygısızlığa uğradım,Izmir - Istanbul,İç Hat,Abril 2025,27 Abril 2025,"Check-in yapmak için zamanında havaalanında olmama rağmen görevli tarafından işlemlerim gerçekleştirilmedi. Görevlinin yüzüme bakarak check-in’i kapatması ve sesini yükselterek karşılık vermesi son derece saygısız bir davranıştı. Hakkımı aradığımda evrak üzerinde geç kaldığıma dair bilgi verildi ve durumun kamera kayıtlarından incelenmesini talep ettim, ancak görevli adeta önemsemeden molaya çıktı. Bu tür davranışlar, yolcuların güvenliği ve haklarının göz ardı edildiğini hissettirmekte ve havayoluna olan güveni zedelemektedir. Yolcuların zamanında ve saygılı bir şekilde hizmet alabilmesi için personel eğitimi ve müşteri ilişkileri süreçlerinin gözden geçirilmesi şarttır.",Olumsuz
366,Türk Hava Yolları,Kathy A,3,1,Müşteri hizmetleri ve politikaları,?,?,?,21 Nisan 2025,"Uçuş sırasında karşılaştığım durum maalesef Türk Hava Yolları’nın müşteri hizmetleri ve politikalarına dair ciddi eksiklikleri ortaya koydu. Ödediğim koltuğun yanına bir anne ve çocuğu yerleştirilmişti ve 12 saatlik uçuş boyunca onların koltukta rahat edebilmesi için benim ve diğer yolcuların alanı kısıtlandı. Bu durum, özellikle uzun süreli uçuşlarda yolcuların konforunu doğrudan etkiliyor. Havayolu şirketine durumu bildirdim ve tüm geri dönüşler sadece “deneyim için üzgünüz, gelecekte uçak biletlerini inceleyeceğiz” şeklindeydi. Ödediğim koltuk için ücret iadesi talebim hiçbir şekilde karşılanmadı. Yolcuların haklarını korumak ve ödedikleri ücret karşılığında söz verilen hizmeti almak için gerekli önlemlerin alınması şart. Bu tür ihlaller, müşteri memnuniyetini olumsuz etkiliyor ve tekrar tercih edilmemelerine yol açıyor. Yolcuların hakları, rezervasyon sırasında ödedikleri hizmetle eşleşmelidir ve firmaların bu konuda şeffaf ve duyarlı olması gerekmektedir.",Olumsuz
367,Türk Hava Yolları,YeicGeztoz✔,34553,4,Turkish Airlines,Istanbul - Malatya,İç Hat,Marzo 2025,8 Abril 2025,"İstanbul – Malatya – İstanbul seyahatimiz her iki uçuşta da zamanında gerçekleşti ve bu deneyim gerçekten keyifliydi. Kabin ekibi son derece güler yüzlü ve yardımseverdi, yolcuların konforunu ön planda tuttular. Özellikle Ramazan ayında yapılan uçuşlarda, iftar saatine uygun olarak çorba, vişneli yoğurt, zeytin, beyaz peynirli sandviç, kek ve fındık içeren bir iftar kutusu ikram ettiler. Bu tür özenli hizmetler, yolcuların memnuniyetini artırıyor ve havayolunun misafirperverliğini gösteriyor. Uçuşlar rahat ve sorunsuz geçti, kabin içi hizmetler, check-in ve biniş süreçleri de sorunsuz ve hızlıydı. Bu deneyim, Türk Hava Yolları’nın özellikle kısa mesafeli iç hat uçuşlarında bile müşteri memnuniyetine verdiği önemi ortaya koyuyor. Yolcuların uçuş deneyimini konforlu ve keyifli hale getirmek için yapılan çabalar takdire değer.",Olumlu
368,Türk Hava Yolları,Sean F,18,5,Best Airline to exist,London - Antalya,Dış Hat,Julio 2024,1 Abril 2025,"Türk Hava Yolları, benim için her zaman en sevdiğim havayolu olmuştur. Türk olmanın verdiği aidiyet duygusunun yanı sıra, personelin profesyonelliği ve güler yüzlülüğü, koltukların rahatlığı ve genel hizmet kalitesi gerçekten etkileyici. Uçuş sırasında sunulan yemekler de oldukça lezzetliydi ve hijyen standartlarına uygun şekilde sunuldu. Kabin ekibinin ilgisi, yolcuların konforunu ve güvenliğini ön planda tutmasıyla birleştiğinde, uçuş deneyimi oldukça keyifli bir hâl aldı. Ben her zaman Türk Hava Yolları ile uçmayı tercih ederim ve deneyimimi başkalarına da tavsiye ederim. Yolcuların beklentilerini karşılamak için gösterilen bu özen, havayolunun güçlü marka değerini destekliyor ve uzun süreli yolculuklarda bile konforlu bir deneyim sunuyor.",Olumlu
369,Türk Hava Yolları,Buse K,2,1,"KABİN EKİBİ BAYAN ECE, YANIMIZDA BİR KEDİ OLDUĞU İÇİN BİZE HAKARET ETTİ!!!",Antalya - Istanbul,İç Hat,Febrero 2025,9 Febrero 2025,"Evcil hayvanımızla seyahat ediyorduk ve uçuş sırasında kedimiz nefes almakta zorlanıyordu. Ona yardımcı olmak için ilaç verdik ve sakinleşmesi için okşamaya çalıştık. Ancak kabin görevlisi Bayan Ece, durumumuzu görmezden gelerek son derece kaba ve ilgisiz davrandı. Kedimizi kutuya koymamızı söyledi ve diğer ekip arkadaşına Türkçe olarak 'Burası hayvanat bahçesi sanki' dedi ve birlikte güldüler. Biz durumu görüp müdahale edemedik çünkü kedimizin sağlığı ile meşguldük. Bu davranış, hem yolcuların hem de çevredeki hayvanseverlerin ciddi şekilde rahatsız olmasına sebep oldu. Neyse ki, etrafımızdaki diğer Türk yolcular bize destek oldu ve durumu fark edip yardımcı oldular. Bu tür bir deneyim, havayolunun hayvan dostu olmadığını ve personelin eğitim eksikliğinin ciddi sonuçlar doğurabileceğini gösteriyor. Bu tür olaylar, hem yolcuların güvenliği hem de hayvanların sağlığı açısından ciddi riskler oluşturuyor. Uçuş boyunca yaşanan bu olumsuzluk, şirketin hizmet kalitesi ve müşteri odaklı yaklaşımı hakkında ciddi soru işaretleri yaratıyor.",Olumsuz
370,Türk Hava Yolları,Tim S,1,1,YOLCULARA HAKARET EDEN HAYVAN DUSMANİ HOSTES TÜRK ECE HANIM,Antalya - Istanbul,İç Hat,Febrero 2025,8 Febrero 2025,"Kedimizle seyahat ederken, kedimiz nefes problemi yaşamaya başladı ve ilaç vermek için kutusundan çıkardığımızda kabin memuru Ece Hanım son derece kaba bir şekilde müdahale etti. 'Please put your cat in the box' diyerek kediyi kutuya koymamızı söyledi ve diğer ekip arkadaşına Türkçe olarak 'Burası hayvan bahçesi sanki' dedi, gülerek dalga geçti. Kedimizin sağlığıyla ilgilenirken bu tür davranışlar son derece rahatsız edici ve kabul edilemezdi. Uçuş boyunca bu durum moralimizi ciddi şekilde bozdu ve etrafımızdaki diğer hayvansever Türk yolcular da olayı fark edip bize destek oldu. Bu deneyim, havayolunun hayvan dostu olmadığını ve personelin empati eksikliğini açıkça gösteriyor. Türk Hava Yolları’nın müşteri odaklı hizmet anlayışının ciddi şekilde sorgulanması gerektiğini ortaya koyuyor ve biz bu olumsuz deneyimden dolayı bir daha bu firmayı tercih etmeyeceğiz.",Olumsuz
371,Türk Hava Yolları,Codeuse,8,1,Rötar nedeniyle 24 saatten fazla süren bir yolculuk ve sıfır çözüm,Istanbul - Paris,Dış Hat,Aralık 2024,Yaklaşık 28 Ocak 2025,"Annemin Adana–Mersin–İstanbul–Paris hattındaki yolculuğu, THY kaynaklı 3 saat 39 dakikalık rötar nedeniyle 24 saati aşan bir sürede tamamlandı. Yaşlı ve hasta olan annem bu gecikme yüzünden ciddi yorgunluk yaşadı ve Paris’e vardığında Le Havre şehrine gideceği son otobüsü kaçırdı. Alternatif ulaşım için 450 Euro transfer ücreti ödemek zorunda kaldık. Yetkililerle yapılan görüşmelerde rötarın 4 saat sınırını aşmadığı gerekçesiyle destek sağlanamayacağı belirtildi. Ancak yaşanan gecikmenin yolcuya ciddi maddi ve fiziksel zarar verdiği açıkça ortadadır. Havayolunun operasyonel gecikmeler için daha sorumlu ve çözüm odaklı politikalar geliştirmesi gerekmektedir.",Olumsuz
372,Türk Hava Yolları,Furkan001,1,1,😣😣😣,Istanbul - Melbourne,Dış Hat,Aralık 2024,26 Ocak 2025,"Check-in işlemlerimi yapmış olmama ve bagajımı teslim etmiş olmama rağmen, kapı kapanmasına 5 dakika kala gate bildirimi yapılmadan kapı kapatıldı. Bu durum nedeniyle uçuşumu kaçırdım ve maddi olarak yaklaşık 7300 dolar zarar ettim. Bildirim sisteminin yetersizliği ve yolcu bilgilendirme eksikliği büyük mağduriyet yarattı. Yolcuların zamanında uyarılması ve operasyonel süreçlerin daha şeffaf yönetilmesi gerektiğini düşünüyorum.",Olumsuz
373,Türk Hava Yolları,Traveler51932590393,1,5,Tek kelimeyle kusursuz,Rome - Istanbul,Dış Hat,Ocak 2025,24 Ocak 2025,"Türk Hava Yolları ile gerçekleştirdiğim uçuş deneyimi tek kelimeyle kusursuzdu. Uçuş boyunca hizmet kalitesi oldukça yüksekti, koltuk konforu, kabin içi hizmetler ve temizlik standartları beklentilerimi tamamen karşıladı. Mümkün olduğunda Türk Hava Yolları’nı tercih etmeyi düşünüyorum ve bu deneyimimi başkalarına da tavsiye ederim. Özellikle uluslararası uçuşlarda sağlanan hizmet kalitesi oldukça başarılıydı.",Olumlu
374,Türk Hava Yolları,Altan K,1,1,Protokol ve tehdit iddiaları,Istanbul - Brussels,Dış Hat,Kasım 2024,13 Aralık 2024,"Uçuş sırasında kabin personelinin uyguladığı protokoller ile yolculara aktarılan kuralların uyuşmadığını düşündüğüm bir deneyim yaşadım. Personelin bazı davranışları tehditkar ve saygısız olarak algılanabilecek nitelikteydi. Şikayet etmeme rağmen geri dönüş alamadım. Havayolunun kabin personeli eğitimlerini ve operasyonel protokollerini gözden geçirmesi gerektiğine inanıyorum.",Olumsuz
375,Türk Hava Yolları,Navigate48616490209,1,4,Sümeyye Şen’e teşekkür,Istanbul - Frankfurt,Dış Hat,Aralık 2024,8 Aralık 2024,"İstanbul’dan Frankfurt’a gerçekleştirdiğim uçuşta benimle ilgilenen Sümeyye Şen’e özellikle teşekkür etmek istiyorum. Kabin ekibinin güler yüzlü ve profesyonel yaklaşımı uçuş deneyimimi çok daha keyifli hale getirdi. İlgi ve yardımseverlikleri için minnettarım. Umarım gelecekte de bu tür olumlu hizmet kalitesi devam eder.",Olumlu
376,Türk Hava Yolları,Rut R,3,1,Bin dolar alıp makarna ve omlet servis edilmesi,Istanbul - New York City,Dış Hat,Eylül 2024,3 Aralık 2024,"Yaklaşık 12 saat süren uçuşta iki kez yemek servisi yapıldı. Servis edilen makarna ve omletin kalitesi oldukça düşüktü ve yemeklerin koktuğunu düşündüm. Uçuş biletine ödediğim yüksek ücret karşısında hizmetin yetersiz olması hayal kırıklığı yarattı. Kabin temizliği de yeterli değildi ve yastıkların kötü koktuğunu fark ettim. Uçuş boyunca yeterli içecek ve yiyecek hizmeti alamadım.",Olumsuz
377,Türk Hava Yolları,mustafa s,1,5,Rahat uçuş deneyimi,Istanbul - Ankara,İç Hat,Ağustos 2024,12 Kasım 2024,"Uçuş ağı geniş ve hizmet kalitesi genel olarak tatmin ediciydi. Personelin misafirperver yaklaşımı ve uçuş sırasında sunulan hizmetler beklentilerimi büyük ölçüde karşıladı. Fiyat performans dengesi de çoğu zaman uygun görünüyor. Özellikle kısa mesafeli uçuşlarda rahat bir deneyim yaşadım.",Olumlu
378,Türk Hava Yolları,N G,1,1,Uçuş saat değişikliği mağduriyeti,Stuttgart - Gaziantep,Dış Hat,Kasım 2024,2 Kasım 2024,"Uçuşumdan yaklaşık 9 ay önce aldığım biletin saatleri havayolu tarafından değiştirildi. Bana gönderilen e-postalarda önerilen yeni uçuş saatleri aile planlarımı zorlaştırdı. İki çocuklu bir yolcu olarak daha uygun saat seçenekleri sunulmasını beklerdim. Erken bildirim yapılmadan yapılan bu değişikliklerin yolcu mağduriyetine yol açtığını düşünüyorum.",Olumsuz
379,Türk Hava Yolları,Stephan Y,1,1,Sigorta satışı ve iletişim sorunları,Washington DC - Istanbul,Dış Hat,Kasım 2023,20 Ekim 2024,"Havayolu şirketinin sunduğu sigorta hizmetinin güvenilirliği konusunda ciddi şüphelerim var. Sigorta şirketine ulaşmaya çalıştığımda ne e-posta ne de telefon ile yanıt alabildim. Müşteri hizmetleri de bu konuda yardımcı olamayacağını belirtti. Satılan sigorta ürünlerinin şeffaflığı ve arka plan sağlayıcı bilgilerinin daha açık paylaşılması gerektiğini düşünüyorum.",Olumsuz
380,Türk Hava Yolları,Toronto P,1,1,Rezalet yolculuk ve yemek kısıtlaması,Dalaman - Toronto,Dış Hat,Ekim 2024,15 Ekim 2024,"Uzun mesafeli uçuşta yemek hizmetinin yeterli olmadığını düşündüm. Fiyatların yüksek olmasına rağmen servis edilen yiyeceklerin miktarı ve kalitesi beklentimin altındaydı. Önceden çok daha iyi hizmet verildiğini hatırlıyorum. Havayolunun hizmet standardını koruması gerektiğine inanıyorum.",Olumsuz
381,Türk Hava Yolları,Culture27834867581,1,1,Maaş ödemesi ve müşteri desteği sorunları,Ordu - Amsterdam,Dış Hat,Temmuz 2024,2 Ekim 2024,"Uçuşum sırasında yaşadığım deneyim tam anlamıyla hayal kırıklığıydı. Öncelikle uçuşta ikinci biniş hakkımızı kaybettik ve ailemle birlikte büyük bir mağduriyet yaşadık. Bunun yanı sıra, uçuş sonrası hakkım olan ücretin iadesini almak için iki aydır sürekli uğraşıyorum. Defalarca e-posta göndermeme, müşteri hizmetlerini aramama ve web sitesi üzerinden iletişim kurmama rağmen ne çalışanlar arasında koordinasyon var ne de doğru bilgi veren bir kişi bulabildim. Şirket çalışanları genellikle otomatik yanıtlar veriyor ve hiçbir somut çözüm sunmuyor. Ödememi alırken herhangi bir tereddüt yaşamayan havayolu, geri ödeme yaparken ciddi engeller çıkardı. Bu tür bir süreç, müşteri memnuniyetini tamamen göz ardı ediyor ve güven duygusunu zedeliyor. Artık bu şirketi kesinlikle kimseye tavsiye etmeyeceğim.",Olumsuz
382,Türk Hava Yolları,Can B,2,1,Uçuş gecikmesi ve bağlantı sorunları,Kayseri - Izmir,İç Hat,Eylül 2024,12 Eylül 2024,"Kayseri’den İzmir’e olan uçuşum sırasında yaşadığım deneyim son derece olumsuzdu. Uçuş rötar yaptı ve bu nedenle İstanbul-İzmir bağlantımı kaçırdım. Sonraki uçuşta yer olmadığı söylendi ve yalnızca business class için bilet satışı yapılıyordu. Bu durum, özellikle turistik amaçlı seyahat edenler ve aileler için büyük bir mağduriyet yaratıyor. Ayrıca müşteri hizmetlerinden destek almak neredeyse imkansızdı; telefonda yardım talep ettiğimde yanıt alamadım. Uçuş sürecinde yaşanan aksaklıklar, havayolunun hizmet kalitesini ciddi şekilde sorgulamama yol açtı ve ülke turizmine olumsuz yansıyabilecek bir deneyim yaşadım.",Olumsuz
383,Türk Hava Yolları,Aylin B,1,1,Koltuk iadesi ve ekstra ücret sorunu,New York City - Istanbul,Dış Hat,Aralık 2023,7 Eylül 2024,"New York-İstanbul uçuşum için 10 ay önce bilet ve koltuk satın aldım ve 7800 TL ödedim. Ancak uçuş saatinde yapılan değişiklikler nedeniyle koltuğum iptal edildi ve aynı koltukları şimdi 10.800 TL'ye tekrar almak zorunda kaldım. Havayolu hatasını kabul etmesine rağmen oluşan maddi kaybımı karşılamıyor. İlgili departmanla yaptığım yazışmalarda hatayı kabul ettiklerini belirttiler ancak çözüm sunmadılar. Bu durum, uzun vadeli plan yapan yolcular için büyük bir stres kaynağı ve müşteri memnuniyetini tamamen göz ardı eden bir uygulama olarak değerlendirilebilir. Böyle bir süreç, havayolunun güvenilirliğine zarar veriyor ve adil bir çözüm bekleyen yolcuları mağdur ediyor.",Olumsuz
384,Türk Hava Yolları,Mario B,7,1,Kapsamlı gecikme ve bağlantı sorunları,Budapest - Taipei,Dış Hat,Aralık 2023,1 Eylül 2024,"Budapeşte’den Taipei’ye İstanbul aktarmalı uçuşum sırasında yaşadığım deneyim tam anlamıyla felaketti. Star Alliance Gold üyesi ve Business Class yolcusu olarak belirli bir standart bekliyordum ancak gecikmeler ve kötü yönetim yüzünden haklarım tamamen ihmal edildi. Orijinal uçuş TK1038, 22 Aralık'ta Budapeşte’den 20:20’de kalkıp İstanbul’a 00:30’da varacaktı, bağlantılı TK24 ise İstanbul’dan 02:00’de kalkıp Taipei’ye 17:35’te varacaktı. Ancak TK1038 uçuşu 22:58’de kalktı ve İstanbul’a 02:58’de vardım, bu yüzden TK24’ü kaçırdım. Turkish Airlines bana yeterli bilgi veya destek vermedi ve beni Çin üzerinden yeniden yönlendirdiler: İstanbul-Şangay MU704 ve Şangay-Taipei CA191. Bu istemsiz rota beni ciddi bir risk ve stres altına soktu, planlanandan 15 saat geç Taipei’ye varmamı sağladı ve otel ile taksi masrafları gibi yüzlerce euro ek maliyet doğurdu. Havayolunun yolculuk boyunca proaktif destek sağlamaması ve EU yolcu haklarına uygun tazminat taleplerimi reddetmesi deneyimi daha da kötüleştirdi. Bu durum, havayolunun güvenilirliği ve müşteri hizmetleri konusundaki ciddi eksikliklerini ortaya koyuyor ve diğer yolcuları ciddi şekilde uyarıyor.",Olumsuz
385,Türk Hava Yolları,gözde o,3,1,Uçuş iptali ve konaklama desteği eksikliği,Istanbul - Vienna,Dış Hat,Temmuz 2024,31 Ağustos 2024,"Ankara-İstanbul aktarmalı Viyana uçuşum İstanbul’da iptal edildi. Ertesi gün uçabileceğim söylendi ancak hiçbir şekilde konaklama desteği sağlanmadı. Kendi imkânlarımla İstanbul’da bir gün kalmak zorunda kaldım. Ertesi gün uçuş için rezervasyon yaptığımda ise uçak dolu olduğu için alınamayacağımı söylediler. Yaşadığım bu süreç, uzun ve yorucu bir yolculuk deneyimine dönüştü ve havayolunun kriz yönetimi ve müşteri destek süreçlerinin ne kadar yetersiz olduğunu gösterdi. Böyle bir hizmet, yolcuların güvenini kaybetmesine ve tekrar tercih etmemesine neden oluyor.",Olumsuz
386,Türk Hava Yolları,Mehmet Ali Ö,1,1,Überbooking ve uçuşa alınmama sorunu,Istanbul - Düsseldorf,Dış Hat,Ağustos 2024,15 Ağustos 2024,"İstanbul-Düsseldorf (TK1527) uçuşunda eşim ve 3 çocuğumla birlikte uçağa alınmadık. 6 ay öncesinden bilet almamıza rağmen, uçuş kapasitesinin %10 üzerinde bilet satıldığı gerekçesiyle bu duruma maruz kaldık. Tüm planlarımız alt üst oldu ve bütün günümüz mahvoldu. Türk Hava Yolları çalışanları sorumluluk kabul etmedi, müşteri hizmetlerine telefonla ulaşıp yönlendirme aldığımızda da internete yönlendirildik. Getirilen otobüs ve otelde ciddi sıkışıklık yaşandı, insanlar ayakta yolculuk yapmak zorunda kaldı. Bu deneyim tamamen kaotik ve profesyonellikten uzak bir yönetim tarzını gösteriyor. 280 kişilik uçağa 310 bilet satılması, yolcuları bilerek mağdur etme anlamına geliyor. Bu durum hukuki yollara başvurma niyetimizi de doğurdu ve hakkımızı sonuna kadar arayacağımızı bildiriyoruz.",Olumsuz
387,Türk Hava Yolları,Nataya A,1,1,Kayıp bagaj ve yetersiz tazminat,Chicago - Catania,Dış Hat,Nisan 2024,7 Temmuz 2024,"Kansas City’den Chicago ve ardından İtalya’ya uçuşumuzda Türk Hava Yolları bagajımın üç tanesini kaybetti. Hemen kayıp bagaj başvurusu yaptık ve havayolu 5 hafta boyunca İtalya’da olacağımızı bilmesine rağmen süreci yönetemedi. İki bagaj tarafıma teslim edildi ancak bir tanesi hiç bulunamadı. Havayolu, bagaj tespiti ve eşyaların maliyetine ilişkin belgeleri göndermemi istedi, fakat süreç çok yavaş ve hatalı yürütüldü. Sonunda FedEx aracılığıyla bagaj teslim edildi, ancak imza alınmadığı için kayboldu. Teklif edilen tazminatlar (1000$, 1300$ ve 1700$) bagajdaki eşyaların değerini karşılamadı. Bu durum, müşteri hizmetlerinin ve bagaj yönetim süreçlerinin ciddi şekilde yetersiz olduğunu ortaya koyuyor.",Olumsuz
388,Türk Hava Yolları,Mehmet B,1,1,Uçuş iptali ve yetersiz destek,Gaziantep - Bremen,Dış Hat,Temmuz 2024,2 Temmuz 2024,"Gaziantep-Bremen uçuşumda uçak iptal edildi. Havayolunun sisteminde, internet üzerinden alınan biletler üzerinde müdahale edilemedi ve yolcular ikinci bilet almak zorunda bırakıldı. Kurumsal bir firma olarak tanınmasına rağmen süreç tamamen karmaşık, kullanıcı dostu olmayan ve yetkisiz bir yönetimle yürütüldü. Yolcular, operasyonel aksaklıklar karşısında destek alamadı ve sürekli olarak başka sitelerden bilet almak zorunda kaldı. Bu durum, Türk Hava Yolları'nın kriz yönetimi ve müşteri hizmetleri konusundaki eksikliklerini gözler önüne seriyor.",Olumsuz
389,Türk Hava Yolları,Ozgur,2,2,Uçuş gecikmeleri ve yetersiz yönlendirme,Canton of Geneva - Dalaman,Dış Hat,Haziran 2024,1 Temmuz 2024,"Cenevre-Dalaman aktarmalı uçuşumda ciddi aksaklıklar yaşandı. Uçuş geç kalktı ve İstanbul’a 19:45’te vardık. Dalaman uçuşu için boarding başladı ancak hiçbir bilgi veya yönlendirme verilmedi. İç hatlar transit, pasaport ve güvenlik kontrolleri 30 dakika sürdü, kapı kapandı ve bir sonraki uçak 01:30’a alınmışız. Bebek arabasıyla ilgili yardım alamadık ve elimizde bebekle 5 saat bekledik. Uçakta hâlâ kalkış beklerken operasyonel nedenler öne sürüldü. Bu süreç, havayolunun operasyonel yönetim ve müşteri destek sistemlerinin ciddi şekilde yetersiz olduğunu gösteriyor ve yolcuları fazlasıyla mağdur ediyor.",Olumsuz
390,Türk Hava Yolları,Traveler16443934799,1,1,Uçuş iptali ve iletişim eksikliği,Brussels - Antalya,Dış Hat,Haziran 2024,28 Haziran 2024,"Türk Hava Yolları'nın yeni markası Ajet ile VF805 rezervasyonlu uçuşumuz operasyonel sebeplerden dolayı iptal edildi. Yetkililere hiçbir şekilde ulaşılamadı; e-posta ve sosyal medya üzerinden temas kurmamıza rağmen geri dönüş yapılmadı. Bu durum yolcuların mağduriyetinin giderilmesini engelliyor ve havayolunun kriz yönetimi ve iletişim sistemlerindeki eksiklikleri ortaya koyuyor. Mağduriyetin hızlı ve doğru şekilde çözülmesi gerekir, aksi takdirde hukuki yollara başvurulacağını bildiriyoruz.",Olumsuz
391,Türk Hava Yolları,Happiness07357685667,1,1,Uçuşa alınmama ve yetersiz bilgilendirme,Istanbul - Mexico City,Dış Hat,Mayıs 2024,26 Haziran 2024,"Mexico City seyahatim için tüm belgelerim hazır olmasına ve vize, otel ile gidiş-dönüş biletlerim olmasına rağmen, uçuşa alınmadım. 'OK to Board' belgesi talep edildi ve bunun nasıl alınacağı konusunda herhangi bir bilgi veya yardım verilmedi. Konsolosluk, böyle bir talebin mevcut olmadığını söyledi ancak havayolu tarafında çözüm sağlanmadı. Yolcu olarak ne yapmam gerektiğini bilmediğim bir durumda bırakıldım ve tüm seyahat planım aksadı. Bu durum, hem iletişim eksikliği hem de müşteri hizmetlerinin yetersizliğini açıkça göstermektedir.",Olumsuz
392,Türk Hava Yolları,Bus T,1,4,Ayrı koltuk verilmesi problemi,Istanbul - Antalya,İç Hat,Haziran 2024,21 Haziran 2024,"09.06.2024 tarihinde İstanbul-Antalya uçuşunda ailecek business sınıf bileti aldık, ancak herkes ayrı ayrı koltuklara yerleştirildi. Sistem böyle çalıştığı söylendi. Bilet alırken Cip kontuarında Gülay Hanım yardımcı oldu ancak her zaman böyle yardım bulamayabileceğimiz için, aile mahremiyetine daha fazla özen gösterilmesini rica ediyoruz. Bu durum, havayolunun müşteri deneyimi ve özel durumlarda esneklik konusundaki eksikliklerini ortaya koyuyor.",Olumsuz
393,Türk Hava Yolları,Tugrul G,2,1,Koltuk seçimi hatası ve aile mağduriyeti,Istanbul - Adana,İç Hat,Haziran 2024,17 Haziran 2024,"16 Haziran’da İstanbul-Tokat uçuşumuzda, anne ve iki çocuğumuz için ekstra ücret ödeyerek koltuk seçimi yapmıştık. Ancak biniş sırasında kızlarımız ve annem ayrı koltuklara yerleştirildi. Kabin ekibi, itirazımıza rağmen bu durumu değiştirmedi ve çocuklar uçuş boyunca ağladı. Bu uygulama, aile yolcuların güvenliği ve konforu açısından kabul edilemez ve Türk Hava Yolları'nın müşteri memnuniyeti ve operasyonel hassasiyet konularındaki eksikliklerini göstermektedir.",Olumsuz
394,Türk Hava Yolları,Emre D,1,1,Genel memnuniyetsizlik ve destek eksikliği,Istanbul - Antalya,İç Hat,Haziran 2024,16 Haziran 2024,"Havayolu tamamen hayal kırıklığı. Bilet satıldıktan sonra sorunlarınızı iletebileceğiniz muhatap bulamıyorsunuz. Zorunda değilseniz başka havayolu şirketlerini tercih edin. Bu durum, Türk Hava Yolları'nın müşteri hizmetleri ve sorun çözme kapasitesinin ciddi eksiklikler içerdiğini göstermektedir.",Olumsuz
395,Türk Hava Yolları,Muhlis U,1,1,Yanlış uçuş yönlendirmesi ve müşteri mağduriyeti,Lyon - Kayseri,Dış Hat,Ekim 2023,24 Mayıs 2024,"Reklam ve promosyon yerine müşteri problemlerine çözüm bulmak daha önemli olurdu. AnadoluJet uçağına yönlendirilmem sebebiyle mağdur edildim. Bu durum, havayolunun yolcu güvenliği ve doğru yönlendirme konularında ciddi eksiklikler içerdiğini göstermektedir. Müşterilere karşı şeffaf ve güvenilir bir hizmet sunulması şarttır.",Olumsuz
396,Türk Hava Yolları,Samet S,1,1,Gidiş-dönüş bileti cezalandırması ve yüksek ek ücret,Sarajevo - Istanbul,Dış Hat,Nisan 2024,10 Nisan 2024,"Sarajevo-İstanbul uçuşunda gidiş dönüş biletimin gidiş kısmını kaçırmam nedeniyle dönüş biletine binemedim. Havayolu, benden kişi başı 500 euro ek ücret talep etti ve internetten check-in yapmış olmama rağmen uçağa alınmadım. Önceki uçağa binmediğim gerekçesiyle bu cezanın uygulandığını söylediler. Bu uygulama, yolcuların haklarını ihlal eden ve müşteri güvenini zedeleyen ciddi bir problem teşkil ediyor.",Olumsuz
397,Türk Hava Yolları,Nataone Z,1,1,Umursamaz ve sorumsuz hizmet,Istanbul - New York City,Dış Hat,Nisan 2024,5 Nisan 2024,"Amerika’daki seyahatimde bilet değişikliği onayı olmasına rağmen gerekli yönlendirme yapılmadı ve babamın cenazesine yetişemedim. Hava yolunun sorumsuz ve umursamaz tavrı, ciddi mağduriyet yaşamama sebep oldu. Uluslararası hukuk çerçevesinde şikayet edeceğim ve bu havayolundan kesinlikle uzak durulmasını öneriyorum.",Olumsuz
398,Türk Hava Yolları,Betul B,8,5,Profesyonel ve kaliteli hizmet tecrübesi,Istanbul - Bogota,Dış Hat,Ocak 2024,18 Mart 2024,"Uzun ve direkt bir uçuş olmasına rağmen çok konforlu ve rahat bir yolculuk geçirdim. Profesyonel ve işlerini gönülden yapan ekip sayesinde uçuş boyunca keyif aldım. Aktarma yapan host ve hostesler, şefler ve kara-hava ekiplerinin hepsine teşekkür ederim. Türk Hava Yolları'nın Türkiye'yi en iyi şekilde temsil ettiğini hissettirdi. Bu deneyim, havayolunun profesyonel hizmet ve müşteri memnuniyetine verdiği önemi ortaya koyuyor.",Olumlu
399,Türk Hava Yolları,Ndyk,5,1,Bagaj kaybı ve yetersiz müşteri hizmetleri,Istanbul - Reykjavik,Dış Hat,Ocak 2024,6 Mart 2024,"İstanbul-Zürih-İzlanda aktarmalı uçuşumda bagajım gelmedi ve Türk Hava Yolları’nın ilgisiz tavrı ile karşılaştım. Yolculara uyduruk takip numaraları verilerek internetten takip etmeleri istendi; sistem işlevsizdi ve müşteri hizmetleri yetersizdi. Dönüş yolunda aynı sorun tekrarlandı, bagaj kayboldu ve hiçbir zararımı karşılamadılar. Bu durum, THY’nin aktarmalı uçuşlarda operasyonel eksikliklerini ve yolcu güvenliğine verdiği önemi sorgulatıyor.",Olumsuz
400,Türk Hava Yolları,Zehra D,1,3,Uçuşlarda kalite düşüşü ve kaos,Istanbul - Amsterdam,Dış Hat,Şubat 2024,24 Şubat 2024,"Yıllardır THY’yi tercih ediyorum ancak İstanbul-Amsterdam uçuşlarında kalite ciddi şekilde düşmüş. Uçaklar eski, uçuşlar birleştirilmiş ve kabin içinde kaos yaşanıyor. Koltuklar karışık verildiği için kabin personeli ile yolcular arasında tartışmalar oluyor ve sürekli rötar meydana geliyor. Bu olumsuz deneyim, havayolunun operasyonel düzenlemeler ve müşteri memnuniyeti konularında iyileştirmeye ihtiyaç duyduğunu gösteriyor.",Olumsuz
401,Türk Hava Yolları,SS K,1,1,Prime Flex bilet iadesi sorunu,Izmir - Bremen,Dış Hat,Şubat 2024,22 Şubat 2024,"İzmir-Bremen uçuşu için Prime Flex bilet satın aldım. Satın alma aşamasında para iadesi hakkı olduğu belirtilmesine rağmen, iptal talebimde ücret iadesi yapılmadı. Sonradan iade hakkının yalnızca belirli üst sınıf bilet türleri (Business veya First Class) için geçerli olduğu ifade edildi. Bu durum, satın alma sürecinde sunulan bilgilendirme ile uygulama arasında ciddi bir çelişki olduğunu gösteriyor. Yolcuların bilet türleri ve iade koşulları konusunda açık, net ve yanıltıcı olmayacak şekilde bilgilendirilmesi gerekirken, yaşadığım deneyim maddi kayba uğramama neden oldu. Şeffaf olmayan bu uygulama müşteri güvenini zedeliyor ve benzer bir mağduriyet yaşanmaması adına yolcuların bilet koşullarını çok dikkatli incelemesi gerektiğini düşünüyorum.",Olumsuz
402,Türk Hava Yolları,Muhammet A,1,1,Kayıp bagaj ve personel davranışı,Warsaw - Houston,Dış Hat,Şubat 2024,16 Şubat 2024,"8 Şubat tarihinde Varşova-İstanbul aktarmalı Houston uçuşumda ciddi bir mağduriyet yaşadım. Houston’a vardığımda ülkeye girişte sorun yaşadım ve geri gönderildim. Bu süreçte bagajım kayboldu ve 6 gündür tarafıma teslim edilmedi. Havalimanında durumu anında Türk Hava Yolları personeline bildirmeme rağmen bagajımın nerede olduğu konusunda net bir bilgi verilmedi. Müşteri hizmetlerinden bilgi almak istediğimde ise uygun olmayan bir üslupla karşılaştım ve tatmin edici bir açıklama yapılmadı. Bagaj takip süreci hakkında yeterli yönlendirme yapılmaması, iletişim eksikliği ve personel yaklaşımı yaşadığım mağduriyeti daha da artırdı. Uluslararası bir havayolu şirketinden, özellikle aktarmalı ve uzun mesafeli uçuşlarda, bagaj yönetimi ve yolcu bilgilendirme konusunda çok daha profesyonel bir yaklaşım beklenir.",Olumsuz
403,Türk Hava Yolları,captain f,3,1,Uçuş iptali ve yolcu hakları eksikliği,Bukhara - Istanbul,Dış Hat,Ocak 2024,22 Ocak 2024,"9 Ocak tarihinde Buhara-İstanbul uçuşum iptal edildi ve ertesi gün sabah 06.00’daki Semerkant uçuşuna yönlendirildim. Ancak bu değişiklik sırasında tarafıma herhangi bir konaklama, ulaşım veya yemek hizmeti sağlanmadı. Yolcu hakları kapsamında bu tür durumlarda destek verilmesi gerektiğini düşünmeme rağmen, böyle bir hizmetlerinin olmadığı ifade edildi. Bu gecikme nedeniyle İstanbul-Bodrum bağlantılı uçuşumu da kaçırdım. Sonrasında geri bildirim oluşturdum fakat taksi masrafı için fatura talep edildi. Pratikte çoğu taksinin fatura vermediğini belirtmeme rağmen konuya dair çözüm sunulmadı. Uçuş iptali gibi tamamen yolcu kontrolü dışında gelişen durumlarda destek mekanizmalarının daha etkin ve çözüm odaklı olması gerekirken, yaşadığım deneyim yolcu haklarının yeterince gözetilmediğini düşündürdü.",Olumsuz
404,Türk Hava Yolları,stoomlamp s,7,1,AnadoluJet yönlendirmesi ve hizmet kalitesi sorunu,Amsterdam - Istanbul,Dış Hat,Aralık 2023,23 Aralık 2023,"Amsterdam-İstanbul uçuşu için Türk Hava Yolları’ndan bilet almama rağmen uçuşun AnadoluJet uçağı ile gerçekleştirildiğini gördüm. Uçak eski ve oldukça kalabalıktı. Hizmet kalitesi beklentimin altında kaldı; ikram sınırlıydı ve genel organizasyon zayıf görünüyordu. Kabin ekibiyle iletişimde zorluk yaşandığını gözlemledim ve yolcular arasında memnuniyetsizlik vardı. Uçuş yaklaşık 3 saat gecikmeli gerçekleşti ve bu süreçte yeterli bilgilendirme yapılmadığı için yolcular gerginlik yaşadı. Satın alınan marka ile sunulan hizmet arasında belirgin bir kalite farkı algılanması, yolcu beklentilerinin karşılanmamasına neden oluyor. Aktarmalı veya marka içi yönlendirmelerde şeffaf bilgilendirme ve standart hizmet kalitesinin korunması önemlidir.",Olumsuz
405,Türk Hava Yolları,Mehmet K,7,1,Overbooking ve sınıf düşürme sorunu,Istanbul - Bodrum District,İç Hat,Ağustos 2023,21 Aralık 2023,"İstanbul-Bodrum uçuşu için ailemle birlikte Business sınıfı bilet satın aldım. Ancak uçuşta fazla bilet satıldığı belirtilerek bir gün sonraki uçuşa aktarılmam teklif edildi. Bu teklifi kabul etmeyince ekonomi sınıfında seyahat etmek zorunda kaldım. Genellikle ekonomi sınıfında fazla satış olduğunda yolcuların üst sınıfa yükseltildiği bilinirken, bu durumda tam tersi bir uygulama yaşadım. Daha da önemlisi, tarafıma verilen ekonomi sınıfı biletin ücretlendirmesi üst sınırdan yapıldı ve neredeyse Business fiyatına yakın bir bedel ödemiş oldum. Bu durum hem maddi hem de hizmet beklentisi açısından ciddi bir hayal kırıklığı yarattı. Overbooking uygulamalarında yolcu haklarının daha adil şekilde korunması ve sınıf düşürme durumlarında ücret farkının açık ve şeffaf biçimde iade edilmesi gerektiğini düşünüyorum.",Olumsuz
406,Türk Hava Yolları,Yaşar Ozan Söker,1,5,Hava muhalefetinde profesyonel destek ve konaklama hizmeti,Ordu - Adana,İç Hat,Aralık 2023,16 Aralık 2023,"Ordu-Giresun Havalimanı’ndan Ankara’ya planlanan uçuş hava muhalefeti nedeniyle gerçekleştirilemedi. Buna rağmen Türk Hava Yolları süreci oldukça profesyonel yönetti. Havalimanındaki personel son derece kibar, ilgili ve anlayışlıydı; yolcuların mağduriyet yaşamaması için gerekli tüm bilgilendirmeleri yaptılar. Aynı gün alternatif çözümler sunuldu ve ertesi gün için yeni uçuş organize edildi. Ayrıca konforlu ve kaliteli bir otelde konaklama imkânı sağlandı. Süreç boyunca herhangi bir karmaşa ya da belirsizlik yaşanmadı. Bu yaklaşım, kriz anlarında müşteri memnuniyetini önceliklendiren bir hizmet anlayışını gösteriyor. Türk Hava Yolları ve emeği geçen tüm çalışanlara teşekkür ederim.",Olumlu
407,Türk Hava Yolları,Misha Radulovic,227,2,ABD müşteri hizmetleri yetersizliği,New York City - Istanbul,Dış Hat,Kasım 2023,29 Kasım 2023,"Bu yıl New York çıkışlı üç farklı business class uçuş gerçekleştirdim. Uçak içi hizmet, ikram kalitesi, kabin temizliği ve genel konfor oldukça üst düzeydi. Ancak ABD’deki müşteri hizmetleri deneyimi aynı kalitede değildi. Business class biletime TSA PreCheck / Global Entry bilgisinin eklenmesi için dört kez çağrı merkezini aramak zorunda kaldım. Her görüşmede işlemin tamamlandığı söylense de JFK Havalimanı’nda biniş kartımda bu bilginin yer almadığını gördüm. Sonunda havalimanındaki görevli sorunu çözdü. ABD’de çok sayıda noktaya uçan bir havayolu için, çağrı merkezi personelinin bu tür temel uygulamalar konusunda daha iyi eğitilmesi gerektiğini düşünüyorum. Uçak içi hizmet mükemmel olsa da, yer hizmetleri ve telefon desteğinde aynı standart sağlanmalı.",Olumsuz
408,Türk Hava Yolları,Birsengül K,3,5,Özverili ve yardımsever personel desteği,Ankara - Istanbul,İç Hat,Ekim 2023,28 Ekim 2023,"Ankara-İstanbul uçuşum sırasında aktarma sürecinde zaman açısından sıkışık bir durum yaşadım. Türk Hava Yolları personelleri Demet Yıldırım ve sorumlu Orhan Akyol süreci büyük bir özveriyle yönetti. Yardımcı olmak için gerçekten çaba gösterdiler ve doğru yönlendirmeler sayesinde uçuşumu kaçırmadan diğer uçağa yetişmemi sağladılar. Profesyonel, güler yüzlü ve çözüm odaklı yaklaşımları yolculuğumu çok daha stressiz hale getirdi. Bu tür çalışanlar şirketin hizmet kalitesini doğrudan yansıtıyor. Kendilerine teşekkür ediyorum.",Olumlu
409,Türk Hava Yolları,Denise,4,1,Kayıp bagaj ve iletişim eksikliği, Mexico City - Istanbul,Dış Hat,Ağustos 2023,5 Ekim 2023,"11 Eylül tarihli Mexico City-İstanbul TK0189 uçuşunda bagajım kayboldu. Valizimin içinde kişisel eşyalarım, ilaçlarım ve aileme götürdüğüm hediyeler bulunuyordu. Aradan 9 gün geçmesine rağmen tarafıma net bir bilgilendirme yapılmadı ve aktif bir geri dönüş alamadım. Hamilelik sürecinde olmam nedeniyle yaşadığım stres ve belirsizlik beni hem fiziksel hem de psikolojik olarak etkiledi. Bagaj kaybı gibi hassas durumlarda yolculara düzenli bilgilendirme yapılması, geçici ihtiyaçlar için destek sağlanması ve sürecin şeffaf yönetilmesi büyük önem taşır. Yaşadığım deneyimde en büyük sorun iletişim eksikliği ve belirsizlik oldu. Maddi zararların karşılanması ve yolcu mağduriyetinin daha hızlı giderilmesi gerektiğini düşünüyorum.",Olumsuz
410,Türk Hava Yolları,Erol C,1,1,Uçuş sırasında sağlık acil durumu yönetimi eksikliği,Istanbul - Hannover,Dış Hat,Ağustos 2023,20 Ağustos 2023,"İstanbul-Hannover uçuşu sırasında eşim aniden fenalaştı ve bilincini kaybetti. Kabin içinde ilk yardım konusunda hızlı ve organize bir müdahale göremedim; anons yapılarak doktor olup olmadığı soruldu ancak profesyonel bir ilk müdahale süreci yeterince net değildi. Soğukkanlı şekilde müdahale ederek eşimin kendine gelmesini sağladım. Uçak iniş yaptıktan sonra ise öncelikli tahliye veya ambulans organizasyonu gibi bir uygulama yapılmadı ve standart yolcu prosedürü uygulandı. Böyle bir sağlık durumunda daha hızlı ve koordineli bir destek beklenirdi. Acil sağlık durumlarında kabin ekibinin müdahale kapasitesi ve yer hizmetleri koordinasyonunun daha güçlü olması gerektiğini düşünüyorum.",Olumsuz
411,Türk Hava Yolları,Baban d,1,4,Konforlu ve nazik hizmet deneyimi,Istanbul - Dubai,Dış Hat,Eylül 2022,13 Ağustos 2023,"İstanbul-Dubai uçuşumda oldukça konforlu bir seyahat deneyimi yaşadım. Kabin ekibi nazik, kibar ve ilgiliydi. Uçak içi hizmetler düzenli ve tatmin ediciydi. Koltuk konforu, temizlik ve genel hizmet kalitesi beklentilerimi karşıladı. Türk Hava Yolları’nı milli bir değer olarak görüyorum ve bu uçuş özelinde memnun kaldığımı belirtmek isterim. Genel olarak rahat ve sorunsuz bir yolculuktu.",Olumlu
412,Türk Hava Yolları,Mehmet A,1,1,Operasyonel yoğunluk ve hizmet memnuniyetsizliği,Antalya - Istanbul,İç Hat,Ağustos 2023,10 Ağustos 2023,"Antalya-İstanbul hattında sınırlı alternatif olması nedeniyle bu uçuşu tercih etmek zorunda kaldım. Ancak yaşanan operasyonel aksaklıklar ve süreç yönetimindeki eksiklikler ciddi bir hayal kırıklığı yarattı. Yoğunluk veya iç operasyonel problemler yolculara yansıtılmamalı. Alternatifin az olduğu bir hatta hizmet kalitesinin daha da yüksek tutulması gerekirken, ilgisiz ve çözüm üretmeyen bir yaklaşım ile karşılaştım. Yolcu olarak şirket içi organizasyon eksikliklerinin bedelini ödemek zorunda kalmak kabul edilebilir değil.",Olumsuz
413,Türk Hava Yolları,Özgür Ç,1,5,Özverili personel ve çözüm odaklı yaklaşım,Elazig Province - Izmir,İç Hat,Temmuz 2023,10 Ağustos 2023,"26 Temmuz tarihinde Elazığ’dan olan uçuşumu, havalimanına ulaşımda yaşadığım aksaklık nedeniyle kaçırdım. Buna rağmen Elazığ Havalimanı’ndaki Türk Hava Yolları personeli süreci büyük bir özveriyle yönetti. Alternatif aktarmalı uçuş seçenekleri sunarak mağduriyet yaşamamam için yardımcı oldular. Personelin anlayışlı ve çözüm odaklı yaklaşımı sayesinde seyahatimi gerçekleştirebildim. Zor bir durumda gösterilen bu destek, müşteri memnuniyetine verilen önemi gösteriyor. Emek veren tüm ekibe teşekkür ederim.",Olumlu
414,Türk Hava Yolları,Neslihan,2,1,Uzun rötar ve iletişim eksikliği,Vienna - Antalya,Dış Hat,Temmuz 2023,26 Temmuz 2023,"20 Temmuz saat 16:30’daki Viyana-Antalya uçuşumuz tam dört kez rötar yaptı. Akşam 20:00’de Antalya’da olması planlanan uçuş, sabah 03:30’da varış gerçekleştirdi. Bu süreçte net bir bilgilendirme yapılmadı ve muhatap bulmakta zorlandık. Özellikle çocuklarla birlikte seyahat ederken bu kadar uzun bir gecikme ciddi mağduriyet yarattı. Uçuş sırasında veya havalimanında yolculara yeterli açıklama ve destek sunulmaması hayal kırıklığı oluşturdu. Uzun gecikmelerde yolcu iletişimi ve organizasyonun daha etkin yürütülmesi gerektiğini düşünüyorum.",Olumsuz
415,Türk Hava Yolları,damla a,5,1,"Dolu uçuş, arızalı ekran ve ikram sorunu",Miami - Istanbul,Dış Hat,Mayıs 2023,29 Mayıs 2023,"Miami-İstanbul uçuşu oldukça doluydu ve 12 saatlik yolculuk sırasında ön koltuklarda oturan bebeklerin sürekli ağlaması nedeniyle dinlenmek mümkün olmadı. Uçuş eğlence ekranımız çalışmıyordu; kabin görevlisi kontrol etti ancak arızalı olduğunu belirtti ve alternatif bir çözüm sunulmadı. Film veya başka bir içerik izleyemedik. Yemek servisi sırasında menüde balık ve makarna seçenekleri vardı ancak servis bize ulaştığında makarna seçeneğinin tükendiği söylendi. Çocuklarım makarna tercih etmesine rağmen mecburen balık almak zorunda kaldık. Uzun mesafeli uçuşlarda koltuk arkası ekranların çalışır durumda olması ve yemek seçeneklerinin yolculara eşit şekilde sunulması beklenir. Bu deneyim genel memnuniyetimizi olumsuz etkiledi.",Olumsuz
416,Türk Hava Yolları,Gaius Alatros,9,5,Keyifli uçuş ve yardımsever personel,Istanbul - Milan,Dış Hat,Mayıs 2023,24 Mayıs 2023,"İstanbul-Milano uçuşum her zamanki gibi konforlu ve sorunsuz geçti. Uçuş süreci, kabin hizmetleri ve genel organizasyon beklentilerimi karşıladı. Milano’ya vardığımızda vize kontrolünde uzun süre sıra beklemek zorunda kaldık. Çıkışta bir Türk Hava Yolları çalışanı bebek arabasını taşımamızda yardımcı oldu. Bu küçük ama önemli destek yolculuğumuzu kolaylaştırdı. Genel olarak hizmet kalitesinden ve personelin yaklaşımından memnun kaldım.",Olumlu
417,Türk Hava Yolları,Lux,5,1,Kırık bagaj ve yetersiz çözüm süreci,Diyarbakir - Bodrum District,İç Hat,Mart 2023,7 Nisan 2023,"Diyarbakır-Bodrum uçuşu sonrasında valizimi teslim aldığımda üç farklı yerinden kırılmış olduğunu gördüm. Durumu bildirdiğimde yalnızca bir form dolduruldu ve valizi tamir ettirip ücret talep etmem gerektiği söylendi. Bu yaklaşım, yaşanan hasarın ciddiyetine kıyasla oldukça yetersizdi. Daha önce farklı havayollarıyla birçok ülkeye seyahat ettim ve benzer bir durum yaşamadım. Bagajların güvenli taşınması ve hasar durumunda hızlı, çözüm odaklı bir destek sunulması gerekirken süreç oldukça formalite icabı yürütüldü. Bu deneyim hizmet kalitesi açısından hayal kırıklığı yarattı.",Olumsuz
418,Türk Hava Yolları,Halime C,1,1,Valiz gecikmesi ve personel yaklaşımı,Konya - Cluj-Napoca,Dış Hat,Mart 2023,19 Mart 2023,"12 yaşındaki kızım 12 Mart tarihinde Konya’dan Romanya’nın Cluj şehrine seyahat etti. Konya Havalimanı’ndaki bazı personelin iletişim tarzı oldukça sert ve kaba bulundu. Ayrıca bagajın yanlış yönlendirilmesi nedeniyle valiz İstanbul’da kaldı ve kızım seyahati boyunca bagaj problemi yaşadı. Tek başına seyahat eden bir çocuk için bu durum hem stresli hem de zorlayıcı oldu. Özellikle çocuk yolcular söz konusu olduğunda daha dikkatli ve hassas bir hizmet anlayışı beklenir. Yaşanan aksaklık ve iletişim eksikliği memnuniyetsizlik yarattı.",Olumsuz
419,Türk Hava Yolları,Erol K,1,1,Uçağa kabul edilmeme ve personel tutumu,Istanbul - Zonguldak,İç Hat,Mart 2023,12 Mart 2023,"İstanbul-Zonguldak uçuşum öncesinde son otobüsün uçağa hareket etmesinden kısa süre sonra kapıya ulaştım. Sağlık nedeniyle kısa bir gecikme yaşamıştım. Kapı görevlisinin telsizle iletişim kurmasına rağmen dönüş sağlanmadı ve uçağa kabul edilmedim. Süre farkının çok kısa olmasına rağmen esneklik gösterilmemesi ve iletişim tarzının soğuk olması beni hayal kırıklığına uğrattı. Uzun süredir yolda olmam nedeniyle yaşadığım stres daha da arttı. Yolcu ile iletişimde daha anlayışlı ve çözüm odaklı bir yaklaşım beklenirdi.",Olumsuz
420,Türk Hava Yolları,Mihrimah d,1,5,Kaliteli ve rahat uçuş deneyimi,Istanbul - Dalaman,İç Hat,Ocak 2023,19 Ocak 2023,"İstanbul-Dalaman uçuşumda kaliteli hizmet ve güler yüzlü kabin ekibi ile rahat bir yolculuk gerçekleştirdim. Uçuş süreci düzenli ve konforluydu. Personelin ilgisi ve profesyonelliği memnuniyet vericiydi. Genel deneyimim olumlu geçti ve memnuniyetimi paylaşmak istedim.",Olumlu
421,Türk Hava Yolları,Ammar B,1,5,Yüksek bilet fiyatı eleştirisi,Istanbul - Frankfurt,Dış Hat,Aralık 2022,5 Aralık 2022,"İstanbul-Frankfurt tek yön uçuş fiyatlarının 500€’dan başlamasını oldukça yüksek buldum. Aynı dönem için KLM aktarmalı bir bileti 200€’ya satın alabildim. Fiyat farkı ciddi seviyede ve bu durum yolcular açısından sorgulanabilir görünüyor. Hizmet kalitesine dair detaylı bir sorun yaşamamış olsam da fiyatlandırma politikası beklentimin çok üzerindeydi. Daha makul ve rekabetçi fiyatlar sunulması gerektiğini düşünüyorum.",Olumsuz
422,Türk Hava Yolları,YeicGeztoz✔,34553,3,Rötar ve koltuk sorunu,Istanbul - Dalaman,İç Hat,Eylül 2022,4 Aralık 2022,"İstanbul-Dalaman gidiş uçuşumuz zamanında gerçekleşti. Ancak dönüş uçuşu yaklaşık 50 dakika rötarlı başladı ve uçağa alındıktan sonra yaklaşık 30 dakika daha kabin içinde bekledik. Ayrıca seyahat öncesinde özellikle yan yana koltuk satın almama rağmen hem gidiş hem dönüşte eşimle farklı koltuklara yerleştirildik. Bu durum planlamamıza rağmen mağduriyet yaşamamıza neden oldu. Daha önce Türk Hava Yolları ile yaptığım uçuşlarda bu tür aksaklıklar yaşamamıştım. Rötar ve koltuk ataması konularında daha dikkatli bir operasyon süreci beklenir.",Olumsuz
423,Türk Hava Yolları,Baris B,2,1,Havalimanı hizmet ve yönetim eleştirisi,Istanbul - New York City,Dış Hat,Ağustos 2022,11 Ekim 2022,"İstanbul-New York (JFK) uçuşum sırasında özellikle havalimanı süreçlerinde ciddi iletişim ve organizasyon sorunları yaşadım. Yetkili birine ulaşmakta zorlandım ve sorulara net yanıt alamadım. JFK Havalimanı’ndaki süreçler düzensiz ve ilgisiz olarak deneyimlendi. Yolcu destek hizmetlerinin daha erişilebilir ve çözüm odaklı olması gerektiğini düşünüyorum. Genel olarak yönetim ve organizasyon konusunda memnuniyetsizlik yaşadım.",Olumsuz
424,Türk Hava Yolları,Tamer T,1,1,Gecikme ve hizmet yetersizliği,Istanbul - Berlin,Dış Hat,Eylül 2022,25 Eylül 2022,"24 Eylül 2022 tarihinde İstanbul-Berlin akşam 19:10 uçuşunda seyahat ettim. Yaz dönemi boyunca uçuşların sık sık gecikmeli kalktığını gözlemledim. Bu uçuşta da operasyonel aksaklıklar yaşandı. Kabin hizmeti beklentilerin altındaydı; yemek ikramının yetersiz olduğu ve bazı yolculara içecek servisinin yapılamadığı görüldü. Personelin deneyim eksikliği dikkat çekti ve yöneltilen sorulara net cevaplar alınamadı. Bilet fiyatlarının önemli ölçüde artmasına rağmen hizmet kalitesinin aynı seviyede olmaması hayal kırıklığı yarattı.",Olumsuz
425,Türk Hava Yolları,zaferrrr,3,1,Uçuş iptali ve uzun süren iade sorunu,London - Kars,Dış Hat,Temmuz 2022,23 Eylül 2022,"Londra-Kars aktarmalı uçuş biletimi yaklaşık 4 ay öncesinden satın aldım. Uçuştan bir hafta önce iptal bilgisi verildi ve alternatif bir uçuş sunuldu. Biletin havalimanındaki satış ofisinden alınabileceği söylendi ancak Stansted Havalimanı’nda böyle bir ofis bulunmadığını öğrendim. Saatler süren aramalara rağmen net bir çözüm sunulmadı. Ankara’ya yönlendirildim ancak Ankara-Kars bağlantı uçuşum sistemde görünmedi. Üç gün boyunca otel ve havalimanı arasında gidip gelmek zorunda kaldım ve sonunda araç kiralayarak yolculuğu kendi imkânlarımla tamamladım. Ayrıca tren bileti için ödediğim ücret iade edilemedi. Aradan aylar geçmesine rağmen iade süreci sonuçlanmadı ve her başvuruda yalnızca form oluşturulduğu bilgisi paylaşıldı. Süreç boyunca yaşanan iletişim eksikliği ve çözüm yetersizliği ciddi mağduriyet oluşturdu.",Olumsuz
426,Türk Hava Yolları,Seda B,3,1,Paket değişikliği ve fiyat belirsizliği,Istanbul - Frankfurt,Dış Hat,Eylül 2022,15 Eylül 2022,"Yanlışlıkla bagaj hakkı olmayan bir bilet aldım ve paket değişikliği yapabileceğim söylendi. Ancak sadece paket değiştirildiği için ekstra ücret talep edildi. Çağrı merkezini defalarca aramama rağmen her temsilciden farklı fiyat bilgisi aldım; kimisi 30 Euro, kimisi 190 Euro, kimisi ise 360 Euro talep etti. Fiyatların anlık değiştiği söylendi ancak bunun net bir kuralının olmadığını düşündüm. Süreç boyunca tutarsız bilgi verilmesi ve zorunlu ödeme baskısı hissettirilmesi memnuniyetsizlik yarattı. Sonrasında paket değişikliği yapmadan da uçuşumu gerçekleştirebildim.",Olumsuz
427,Türk Hava Yolları,Kundro K,193,5,Uçuş kaçırma sonrası yeniden yerleştirme,İzmir - İstanbul,İç Hat,Eylül 2022,12 Eylül 2022,"Kendi hatam nedeniyle uçağımızı kaçırdık. Buna rağmen havayolu personeli iki saat sonraki uçuşa iki kişiyi yerleştirmek için yardımcı oldu. Yeniden yerleştirme işlemi sırasında kişi başı bilet farkının yaklaşık dörtte birini ödememiz gerekti. Genel olarak ekip çalışması ve çözüm odaklı yaklaşım olumlu bir deneyim sağladı.",Nötr
428,Türk Hava Yolları,Sena Ö,1,5,Kontuar hizmeti memnuniyeti,Istanbul - Bodrum District,İç Hat,Ağustos 2022,28 Ağustos 2022,"İstanbul Havalimanı THY kontuarında görev yapan Aylin Karadağlı’nın sakin, kibar ve profesyonel yaklaşımı sayesinde uzun zamandır almak istediğimiz hizmeti hızlı ve sorunsuz şekilde aldık. Personelin iletişim becerisi ve yardımsever tutumu uçuş öncesi süreci olumlu etkiledi.",Olumlu
429,Türk Hava Yolları,Baris B,2,1,Satış ve koltuk yönetimi eleştirisi,Istanbul - New York City,Dış Hat,Ağustos 2022,26 Ağustos 2022,"Satılmış koltukların başka yolculara verilmesi ve fazla bilet satışı uygulaması nedeniyle ciddi mağduriyet yaşadığımı düşünüyorum. Özellikle 2022 yılında kapasitenin üzerinde bilet satışı yapılmasının yolcu hakları açısından sorunlu olduğunu ifade etmek istiyorum. Check-in yapan yolcuların koltuklarının iptal edilip başka yolculara verilmesi güven sorununa neden olmaktadır.",Olumsuz
430,Türk Hava Yolları,Afytap,1,1,Gecikme ve hizmet kalitesi eleştirisi,Antalya - Istanbul,İç Hat,Ağustos 2022,18 Ağustos 2022,"Antalya-İstanbul uçuşunda yaklaşık bir saatlik gecikme yaşandı ancak yolculuk toplamda üç saate yakın sürdü. Hizmet kalitesinin düşük olduğu ve gecikmelerin sık tekrar ettiği hissine kapıldım. Fiyatlara kıyasla servis ve müşteri memnuniyeti beklentilerimin altında kaldı. Daha düzenli operasyon yönetimi ve iletişim beklerdim.",Olumsuz
431,Türk Hava Yolları,mustafa3526,20,2,Marka ve operasyon kalitesi eleştirisi,Adana - İzmir,İç Hat,Ağustos 2022,17 Ağustos 2022,"THY üzerinden alınan biletin AnadoluJet/SunExpress benzeri operasyonlarla gerçekleştirilmesinden memnun değilim. Uçak içi temizlik ve koltukların eski olduğu hissi oluştu. İkram hizmetlerinin de azaltıldığını düşünüyorum; eskiden verilen tost yerine yalnızca küçük su dağıtılması kalite algısını düşürdü. THY’nin eski hizmet standardından uzaklaştığını düşünüyorum.",Olumsuz
432,Türk Hava Yolları,Ilke C.,1,2,Uçuş gecikmesi ve operasyon planlama eleştirisi,Ankara - Hannover,Dış Hat,Ekim 2021,7 Ağustos 2022,"Ankara kalkışlı uçuşta gereksiz gecikme yaşandı ve boarding zamanında açılmadı. Uçak kapasitesi planlamasının yeterli yapılmadığını düşünüyorum. İstanbul aktarmasında slot kaçırılması nedeniyle deniz üzerinde uzun süre tur atılması yolcuların rahatsızlanmasına yol açtı. Uçak konforu ve servis iyi olsa da zamanında kalkış ve iniş daha kritik olmalı.",Olumsuz
433,Türk Hava Yolları,Gülsüm Ö,1,1,Hizmet kalitesinde düşüş ve bekleme süresi,Kayseri - İstanbul,İç Hat,Ağustos 2022,5 Ağustos 2022,"Son yıllarda havayolunun hizmet kalitesinin düştüğünü düşünüyorum. Bilet fiyatlarının artmasına rağmen check-in işlemleri için uzun süre bekletilmesi memnuniyetsizlik yarattı. Türkiye’nin en iyi havayolu olarak bilinen markanın kalite standartlarını koruması gerektiğini düşünüyorum.",Olumsuz
434,Türk Hava Yolları,Paradise559573,2,1,Uçuş iptali ve iletişim sorunları,Munich - Istanbul,Dış Hat,Ağustos 2022,4 Ağustos 2022,"Uçuşların bazen planlanan tarihten iki gün önce iptal edilmesi ve bunun yolcuya kısa sürede bildirilmesi sorun yaratıyor. İptal sonrası alternatif havalimanı önerilirken ek ücret talep edilmesi müşteri memnuniyetini düşürüyor. Operasyonel kaos algısının giderilmesi gerektiğini düşünüyorum.",Olumsuz
435,Türk Hava Yolları,familytrip297962,57,1,Bagaj hasarı ve sorumluluk reddi,Antalya - Hurghada,Dış Hat,Mayıs 2022,6 Haziran 2022,"Valizimin tekerleği havalimanında kırıldı ancak gece yarısı olduğu için havayolu ofisine ulaşamadım ve resmi rapor tutturamadım. Bu nedenle hasar talebim reddedildi. Bagaj bantlarına yakın erişilebilir bir temsilcilik bulunmamasının mağduriyet yarattığını düşünüyorum. Hasarın görsellerden de anlaşılabileceğini belirtmeme rağmen ödeme yapılmadı.",Olumsuz
436,Türk Hava Yolları,umut k,2,2,Gecikmeli uçuş problemi,Dalaman - İstanbul,İç Hat,Haziran 2022,6 Haziran 2022,"Uçuşların genellikle gecikmeli gerçekleştiğini ve seyahat planlarının buna göre yapılması gerektiğini düşünüyorum. Üç kez benzer gecikme deneyimi yaşadım. Hizmet kalitesi açısından konforlu bir uçuş sağlansa da zamanında kalkış performansının iyileştirilmesi gerektiğini belirtiyorum.",Olumsuz
437,Türk Hava Yolları,DrAhmet,3,2,Uçuş rötarı ve servis gecikmesi,Ankara - İstanbul,İç Hat,Haziran 2022,1 Haziran 2022,"Uçuşun yaklaşık bir saat rötar yapmasının ardından servis hizmetinin de geciktiğini ve inişe kadar tamamlanamadığını ifade ediyorum. Sık seyahat eden biri olarak son aylarda kalkış veya dönüş uçuşlarında gecikme yaşandığını gözlemledim.",Olumsuz
438,Türk Hava Yolları,YeicGeztoz✔,34553,5,Uçuş içi ikram hizmeti,İstanbul - Konya,İç Hat,Nisan 2022,31 Mayıs 2022,"Pandemi sonrası dönemde ikram hizmetlerinin yeniden başladığını ve tavuklu pide sandviç, haydari ve meyve suyu ikram edildiğini belirtiyorum. Kabin görevlilerinin güler yüzlü ve yardımsever olması seyahat deneyimini olumlu etkiledi.",Olumlu
439,Türk Hava Yolları,Hakan G,1076,5,Hizmet kalitesi devamlılığı,İstanbul - Gaziantep,İç Hat,Mayıs 2022,10 Mayıs 2022,"Son aylarda yapılan uçuşlarda hem online işlemlerin kolaylığı hem de uçuş hizmet kalitesinin genel olarak iyi seviyede olduğunu düşünüyorum. Havayolunu Türkiye’de öncelikli tercih edilecek firmalardan biri olarak değerlendiriyorum.",Olumlu
440,Türk Hava Yolları,DrAhmet,3,2,Online check-in ve uçak içi konfor sorunu,Ankara - İstanbul,İç Hat,Mayıs 2022,8 Mayıs 2022,"Online check-in işlemlerinin yapılamadığını ve havalimanının çok büyük olduğunu ifade ediyorum. Koltuk aralıklarının dar olması ve sıcak içecek servisinin olmaması da memnuniyetsizlik oluşturan faktörler arasında.",Olumsuz
441,Türk Hava Yolları,Gokhan Bagci,2,1,Bagaj kaybı ve teslimat sorunu,Bodrum District - Ankara,İç Hat,Mart 2022,25 Mart 2022,"Turkish Airlines aktarmalı uçuşunda bagajımın kaybolduğunu ve İstanbul’dan çıktığı halde bana teslim edilmediğini belirtiyorum. Evime uzak olduğu için bagajın eve getirilmesi konusunda yaşanan iletişim problemi nedeniyle kimlik, kişisel eşyalar ve bakım ürünlerime erişemediğim için mağdur oldum.",Olumsuz
442,Türk Hava Yolları,ismail H,5,1,Ödül bilet değişim ücretleri,Istanbul - Antalya,İç Hat,Mart 2022,16 Mart 2022,"Ödül bilet değişiklik koşullarının adil olmadığını düşünüyorum. İki business class ödül bilet değişim ücretinin yeni alınan birkaç yolcunun gidiş dönüş bilet toplamından daha pahalı olabildiğini ifade ediyorum. Mil kullanım ve transfer ücretlerinin yüksek olması müşteri memnuniyetini azaltıyor.",Olumsuz
443,Türk Hava Yolları,Tolga ARSLAN,4,5,Müşteri hizmetleri ve operasyonel destek,Ankara - Diyarbakır,İç Hat,Mart 2022,4 Mart 2022,"İptal edilen Siirt uçuşu sonrası bilet değişikliği sürecinde müşteri temsilcilerinden beklenen desteği alamadığımı belirttim. Ancak müşteri ilişkilerinden Önder Bey’in profesyonel yaklaşımı sayesinde sorunun kısmen çözüldüğünü ve ailece yaşanan moral bozukluğunun azaldığını ifade ediyorum.",nötr
444,Türk Hava Yolları,Asli,2,1,Gecikmeli uçuş performansı,Istanbul - Ankara,İç Hat,Şubat 2022,12 Şubat 2022,"Uçuşların ilan edilen saatlerde gerçekleşmediğini ve operasyonel gecikmelerin sık tekrar ettiğini düşünüyorum. Zorunlu olmadıkça havayolunu tercih etmeme eğiliminde olduğumu ifade ediyorum.",Olumsuz
445,Türk Hava Yolları,M Şamil E,13,1,Personel davranışı ve uçuşa alınmama,Istanbul - Madrid,Dış Hat,Şubat 2022,2 Şubat 2022,"Check-in işlemini tamamladıktan sonra kapı görevlisi tarafından pasaport alınacağı ve uçuş kapısına kadar eşlik edileceği söylendi. Ancak sonrasında uçuşa alınmadım ve yeterli mantıklı açıklama yapılmadığını, personelin agresif davrandığını ve planlanan Arjantin ve Brezilya bağlantılı uçuşlarımın da maddi kayba uğradığını belirtiyorum.",Olumsuz
446,Türk Hava Yolları,Nehir Ö,4,5,Güler yüzlü hizmet ve genel memnuniyet,Istanbul - Brussels,Dış Hat,Aralık 2021,26 Ocak 2022,"Turkish Airlines ile gerçekleştirdiğim İstanbul-Brüksel uçuşunda kabin ekibinin güler yüzlü ve ilgili yaklaşımından memnun kaldım. Kısa uçuşlarda dahi yolcularla yakından ilgilenmeleri olumlu bir izlenim bırakıyor. İkram ve hizmet açısından birçok düşük maliyetli havayoluna kıyasla daha kapsamlı bir servis sunulduğunu düşünüyorum. Fiyatların daha yüksek olduğu doğru olsa da alınan hizmetin bu farkı kısmen dengelediği kanaatindeyim. Genel olarak markayı dünya çapında başarılı havayolları arasında değerlendiriyorum.",Olumlu
447,Türk Hava Yolları,YeicGeztoz✔,34553,4,Zamanında kalkış ve güler yüzlü ekip,Izmir - Istanbul,İç Hat,Eylül 2021,21 Aralık 2021,"İzmir Adnan Menderes Havalimanı’ndan İstanbul’a yapılan uçuşta yer hizmetleri ve kabin ekibi güler yüzlü ve yardımseverdi. Uçuş planlanan saatte kalktı ve herhangi bir rötar yaşanmadı. Yolculuk boyunca kabin içi düzen ve iletişim tatmin ediciydi. İstanbul’a zamanında iniş yapılması seyahat planının aksamaması açısından önemliydi. Genel olarak sorunsuz ve konforlu bir deneyim yaşadım.",Olumlu
448,Türk Hava Yolları,Aleyna Dursun,1,5,Check-in personeline teşekkür,Antalya - Istanbul,İç Hat,Aralık 2021,4 Aralık 2021,"Antalya-İstanbul 18:10 uçuşum öncesinde check-in işlemleri sırasında görevli personelin ilgisinden memnun kaldım. Özellikle Perihan Türker isimli çalışanın güler yüzlü, sabırlı ve yardımsever yaklaşımı süreci kolaylaştırdı. Yolcularla birebir ilgilenmesi ve çözüm odaklı davranması olumlu bir müşteri deneyimi sağladı. Personel kalitesinin marka algısına önemli katkı sunduğunu düşünüyorum.",Olumlu
449,Türk Hava Yolları,54mustafa,141,5,Disiplinli kabin ekibi ve iyi hizmet,Istanbul - Gaziantep,İç Hat,Kasım 2020,21 Ekim 2021,"İstanbul-Gaziantep uçuşunda kabin memurlarının disiplinli ve profesyonel tavrı dikkat çekiciydi. Yolculara karşı nazik ve yardımsever davranmaları seyahatin konforunu artırdı. Sorun çözme konusundaki yaklaşımları ve ikram hizmetleri memnuniyet vericiydi. Genel olarak uçuş deneyimi beklentileri karşılayan bir seviyedeydi.",Olumlu
450,Türk Hava Yolları,cheas a,1,1,Bilet değişiklik ücreti şikayeti,Düsseldorf - Sinop,Dış Hat,Eylül 2021,14 Eylül 2021,"Düsseldorf-Sinop dönüş uçuşumu bir hafta öne almak istediğimde yüksek değişiklik ücreti talep edildiğini belirtiyorum. Ödenen tutarın, aynı hatta satılan bazı yeni biletlerden daha yüksek olması adil bulunmadı. Konuyla ilgili havayoluna e-posta gönderildiği ancak yanıt alınamadığı ifade edildi. Değişiklik ücretlerinin şeffaf ve daha makul olması gerektiğini düşünüyorum.",Olumsuz
451,Türk Hava Yolları,Semiha D,6,1,Müşteri hizmetleri ve geri dönüş süreçlerinde büyük sıkıntı,San Francisco - Istanbul,Dış Hat,Eylül 2021,13 Eylül 2021,"San Francisco-İstanbul uçuşum sırasında kabin içi hizmetler tatmin ediciydi; personel nazik ve yardımcıydı. Ancak, uçuş sonrası yaşadığımız sorunlar gerçekten kabul edilemez düzeydeydi. Biletlerimizin kullanılamaması ve yeni bilet almak zorunda kalmamız, havayolunun geri bildirim ve çözüm sürecinin ne kadar yavaş ve etkisiz olduğunu ortaya koydu. Üç gün içinde 11 farklı çalışanla görüşmemize rağmen, 10 gün geçmesine rağmen hâlâ bir sonuç elde edemedik. Yetkililere ulaşmak neredeyse imkânsızdı, sistem sürekli “2 saat içinde sonuçlanacak” bildirimi veriyordu ancak kesinlikle sonuçlanmadı. Bu durum tatilimizi ciddi şekilde olumsuz etkiledi ve gereksiz maliyetler oluşturdu. Genel olarak, geri bildirim süreçlerinin ciddi biçimde iyileştirilmesi gerektiğini düşünüyorum.",Olumsuz
452,Türk Hava Yolları,Benim,3,1,Bilet kaybı ve havaalanı karışıklığı,İstanbul - Nuremberg,Dış Hat,Ağustos 2021,29 Ağustos 2021,"İstanbul-Nürnberg uçuşumda yaşanan deneyim son derece stresli ve maliyetliydi. Kaybolan eşyam ve zaman kaybım, online yurt dışı uçuş takip sistemindeki kafa karışıklığı ile birleşince seyahat ciddi şekilde zorlaştı. D15 peronunun yalnızca iç hatlar için geçerli olması gibi hatalı bilgilendirmeler, planlamamı bozdu. Bu uçuş benim için 1.000€'dan fazla ek maliyet yarattı ve sürecin kontrolü tamamen havayolunun sistemsel sorunları nedeniyle elimden alındı. Uçuş öncesi bilgilendirme ve sistemlerin daha net ve kullanıcı dostu olması gerektiğini düşünüyorum.",Olumsuz
453,Türk Hava Yolları,ugur A,5,1,Havayolu hizmet kalitesi ve çalışanların yaklaşımı olumsuz,Amsterdam - Antalya,Dış Hat,Temmuz 2021,15 Temmuz 2021,"Amsterdam-Antalya uçuşum sırasında Türk Hava Yolları’nın hizmet kalitesi beklentilerimin oldukça altında kaldı. Şirketin müşteri destek sistemi yetersiz ve çalışanlar genellikle prosedürleri takip eden, insani yaklaşım göstermeyen bir tavır sergiliyor. Karşılaşılan sorunlar sırasında yardım etmek yerine, sorunun çözümünü yolcuya bırakma eğilimi vardı. İnsan odaklı hizmet anlayışının eksikliği, şirketin profesyonellikten uzak bir imaj çizmesine neden oluyor. Bu durum, hem yolcu memnuniyetini hem de şirketin marka değerini olumsuz etkiliyor.",Olumsuz
454,Türk Hava Yolları,Barış K,2,5,Uçak içi hizmet kalitesi memnun edici,Ankara - Antalya,İç Hat,Haziran 2021,1 Haziran 2021,"Ankara-Antalya uçuşunda kabin içi hizmetler ve verilen ikramlar oldukça başarılıydı. Kabin ekibinin güler yüzlü ve ilgili yaklaşımı yolculuk sırasında konfor ve memnuniyet sağladı. Bu tür kısa mesafeli uçuşlarda bile personelin profesyonel ve samimi davranışı, yolculuk deneyimini pozitif yönde etkiliyor. Genel olarak hizmet kalitesinden memnun kaldım ve uçuş sorunsuz geçti.",Olumlu
455,Türk Hava Yolları,E O,1,2,Bilet fiyatlarının aşırı yüksek olması,Düsseldorf - Kayseri,Dış Hat,Temmuz 2020,28 Mayıs 2021,"Düsseldorf-Kayseri uçuşunda bilet fiyatları oldukça yüksek bulundu. Beş kişilik bir aile için yaz sezonunda ödenen 2.500€ ve üzeri tutar, yolcular için ciddi bir mali yük oluşturuyor. Özellikle gurbetçi aileler açısından bu fiyatlandırma adil ve uygun değil. Sezon dışı veya promosyon dönemlerinde fiyatların daha erişilebilir olması, hem müşteri memnuniyetini artırır hem de havayolunun rekabet gücünü yükseltir. Genel olarak fiyat politikasının gözden geçirilmesi gerektiğini düşünüyorum.",Olumsuz
456,Türk Hava Yolları,YeicGeztoz✔,34553,5,Konforlu ve rahat yolculuk,Malatya - Istanbul,İç Hat,Kasım 2020,25 Mayıs 2021,"Malatya-İstanbul uçuşum oldukça konforlu ve rahat geçti. Yolcu sayısının az olmasından dolayı orta koltuklar boş bırakılmıştı, bu da yolculuk sırasında ekstra rahatlık sağladı. Kabin ekibi ilgisini ve güler yüzünü sürdürerek yolculuk boyunca yolculara destek oldu. Ancak uçaktan inerken tüm yolcuların mesafe ve hijyen kurallarına yeterince uymaması, özellikle pandemi sürecinde dikkat edilmesi gereken unsurlardan biri olarak öne çıktı. Anonslara rağmen mesafeyi korumayan yolcuların davranışı, uçuş deneyimini biraz olumsuz etkiledi. Genel olarak hizmet kalitesinden memnun kaldım, fakat yolcu disiplininin artırılması uçuş güvenliği ve konfor açısından önem taşıyor.",Olumlu
457,Türk Hava Yolları,Taner Gundogan,12,5,Mükemmel servis ve personel davranışı, Dubai - Istanbul,Dış Hat,Mayıs 2021,22 Mayıs 2021,"Dubai-İstanbul uçuşum sırasında Türk Hava Yolları’nın sunduğu servis gerçekten etkileyiciydi. Kabin ekibi ve yer personeli güler yüzlü, yardımsever ve işlerini son derece profesyonel bir şekilde yürütüyordu. Her uçuşta aynı yüksek standartları görmek, markaya duyduğum güveni pekiştiriyor. Yemek ve içecek ikramları zamanında sunuldu, kabin düzeni ve temizlik özenle sağlandı. Yolculuk boyunca kendimi değerli ve iyi karşılanmış hissettim. Bu tür profesyonellik ve tutarlılık, bir havayolunun yolcu memnuniyeti açısından ne kadar kritik olduğunu bir kez daha gösterdi.",Olumlu
458,Türk Hava Yolları,Hilal S,1,5,Kaliteli ve güvenli hizmet, Istanbul - Dalaman,İç Hat,Nisan 2021,29 Nisan 2021,"İstanbul-Dalaman uçuşumda pandemi koşullarına uygun tüm önlemler alınmıştı. Online check-in ile hızlı bir şekilde işlemlerimi tamamladım ve havalimanında uzun bekleme yaşamadım. Sosyal mesafe kuralları ve hijyen önlemleri hem check-in alanında hem de uçağa biniş sırasında etkin bir şekilde uygulandı. Kabin ekibi, yolcuların güvenli ve konforlu bir şekilde yerleşmesini sağladı. Kısa mesafeli uçuşlarda dahi personelin ilgisi ve profesyonel yaklaşımı, yolculuk deneyimini oldukça olumlu hale getirdi. Bu deneyim, uçakla seyahatin pandemi döneminde güvenli bir seçenek olduğunu gösteriyor.",Olumlu
459,Türk Hava Yolları,Burcu_Ozd,80,4,Hizmet kalitesi ve uçuş deneyimi, Antalya - Istanbul,İç Hat,Nisan 2021,25 Nisan 2021,"Antalya-İstanbul uçuşumda genel hizmet kalitesi her zamanki gibi çok iyiydi. Ancak iniş ve kalkış sırasında yolcuların yerleşim ve iniş süreleri dikkate alınarak daha fazla önlem alınması gerektiğini gözlemledim. Sosyal mesafe ve pandemi önlemleri açısından yapılan anonslar yetersiz kalabiliyor. Özellikle otobüs ile terminale transfer sırasında tek otobüs kullanılması sosyal mesafenin korunmasını zorlaştırdı. Bu durum, THY kalitesine yakışmayan bir eksiklik olarak öne çıkıyor. Kabin içi hizmet, temizlik ve ikramlar beklentileri karşılayacak seviyedeydi ancak Covid-19 önlemlerinin daha titiz uygulanması gerekiyor.",Olumlu
460,Türk Hava Yolları,Bilal T,2,2,Bilet değişikliği ve müşteri hizmetleri sorunları, Lviv - Istanbul,Dış Hat,Mart 2021,25 Mart 2021,"Lviv-İstanbul uçuşumda yaşanan bilet işlemleri süreci oldukça stresli ve maliyetliydi. Eşimin sağlık sorunları nedeniyle biletimizi açığa almak zorunda kaldık ve açığa alma ücreti olarak 505₺ ödedim. Daha sonra uçuş tarihini değiştirmek için müşteri hizmetlerini aradığımda 145₺ + 15$ ek ücret çıkacağı söylendi, fakat söz verilen geri dönüş yapılmadı. Durumun sürekli tekrarlanması ve yanlış bilgi verilmesi, ciddi bir zaman kaybı ve ek maliyete yol açtı. Sonunda biletimiz business class statüsüne geçirdi ve ödenen ücret neredeyse iki katına çıktı. Sürecin düzensizliği ve müşteri hizmetlerinin hatalı bilgilendirmesi, yolculuk deneyimini son derece olumsuz etkiledi. Bu tür uygulamaların yolcu memnuniyeti üzerinde büyük olumsuz etkisi olduğunu düşünüyorum.",Olumsuz
461,Türk Hava Yolları,Gülnur Kaptanoglu,10,5,Yardımsever ekip ve sorunsuz uçuş,Ordu - Ankara,İç Hat,Şubat 2021,11 Şubat 2021,"AnadoluJet ile Ordu Giresun Havalimanı’ndan Ankara Esenboğa Havalimanı’na 11.02.2021 tarihinde saat 06:30’da gerçekleştirilen 7139 sefer sayılı uçuşta son derece olumlu bir deneyim yaşadım. Seyahatim öncesinde merdivenlerden kaymam nedeniyle ayaklarımda hasar oluşmuştu ve hareket etmekte zorlanıyordum. Buna rağmen hem Ordu Havalimanı yer hizmetleri personeli hem de uçak içindeki kabin ekibi büyük bir hassasiyet ve ilgi gösterdi. Uçakta yolcu olmayan üçlü koltuğa oturmam sağlandı, buz temin edildi ve ihtiyaç halinde kullanmam için sandalye ayarlandı. Kabin görevlilerinin güler yüzlü, anlayışlı ve çözüm odaklı yaklaşımı seyahatimi çok daha konforlu hale getirdi. Uçuş zamanında kalktı ve sorunsuz bir şekilde iniş yaptı. Pilotların tecrübeli ve sakin uçuşu da güven vericiydi. Zor bir durumda gösterilen bu ilgi ve profesyonellik için teşekkür ederim.",Olumlu
462,Türk Hava Yolları,Hülya P,2,5,Uçuş saati değişikliğinde çözüm odaklı destek,London - Istanbul,Dış Hat,Aralık 2020,15 Aralık 2020,"Londra-İstanbul uçuşumda yaşanan saat değişikliği nedeniyle 19 Aralık tarihli biletimle ilgili ciddi sıkıntılar yaşadım. Ancak 16.12.2020 tarihinde yaptığım telefon görüşmesinde 90059814 sicil numaralı Büşra Hanım son derece anlayışlı ve kibar bir yaklaşım sergiledi. Sorunumu dikkatle dinleyerek gerekli düzenlemeleri yaptı ve güncellenmiş biletimi e-posta yoluyla tarafıma iletti. Günlerdir süren stresli sürecin çözülmesinde kendisinin profesyonel ve çözüm odaklı yaklaşımı büyük rol oynadı. Böyle çalışanların kuruma değer kattığını düşünüyorum ve kendisine teşekkür ediyorum.",Olumlu
463,Türk Hava Yolları,YeicGeztoz✔,78,4,Pandemi döneminde güvenli ve rahat uçuş,Istanbul - Malatya,İç Hat,Ekim 2020,11 Kasım 2020,"İstanbul Havalimanı’ndan Malatya’ya gerçekleştirdiğim uçuş pandemi koşullarına uygun şekilde organize edilmişti. Yiyecek ikramı kaldırılmış olsa da yolculara su ve içerisinde maske ile ıslak mendil bulunan hijyen seti dağıtıldı. Yolcu sayısının az olduğu durumlarda orta koltukların boş bırakılması, sosyal mesafenin korunması açısından olumlu bir uygulamaydı. Kabin içi temizlik ve düzen yeterli seviyedeydi. Genel olarak sakin, güvenli ve rahat bir yolculuk deneyimi yaşadım.",Olumlu
464,Türk Hava Yolları,Semih Y,1,1,Fiyat politikası ve bonus bilet şikayeti,Berlin - Istanbul,Dış Hat,Kasım 2019,24 Ekim 2020,"Berlin-İstanbul uçuşumla ilgili en büyük şikayetim fiyat politikası oldu. Bilet fiyatlarının yüksek olduğunu düşünüyorum. Ayrıca bonus puan kullanarak alınan ücretsiz biletlerin dahi ek ücretler ve farklar nedeniyle normal bilet fiyatına yakın hatta daha yüksek maliyete ulaşması hayal kırıklığı yarattı. Fiyat-performans açısından beklentilerimi karşılamayan bir deneyim oldu.",Olumsuz
465,Türk Hava Yolları,Pinar Y,1,1,Rezervasyon sisteminde fiyat tutma sorunu,Istanbul - New York City,Dış Hat,Ekim 2020,20 Ekim 2020,"İstanbul-New York uçuşum öncesinde yaşadığım sorun doğrudan uçuşla değil, web sitesindeki rezervasyon sistemiyle ilgiliydi. Online rezervasyon sırasında sunulan 24 saat fiyat sabitleme seçeneğine rağmen, süre dolmadan rezervasyonun haber verilmeden iptal edilmesi ciddi bir mağduriyet yarattı. Sonrasında aynı biletin daha yüksek fiyatla satışa sunulması güven zedeleyici bir durum olarak değerlendirildi. Özellikle pandemi döneminde yurtdışı seyahatlerde fiyat ve rezervasyon süreçlerinin daha şeffaf ve güvenilir şekilde yönetilmesi gerektiğini düşünüyorum.",Olumsuz
466,Türk Hava Yolları,Selçuk İ,1,5,Uzun mesafede konforlu ve kaliteli hizmet,Manila - Istanbul,Dış Hat,Eylül 2020,21 Eylül 2020,"Turkish Airlines ile Manila-İstanbul arasında uzun mesafeli uçuşları birkaç kez deneyimledim ve her seferinde memnun kaldım. Türkiye ile Filipinler arasındaki uzun uçuş süresine rağmen kabin konforu ve koltuk diz mesafesi oldukça yeterliydi. Hizmet kalitesi, personelin ilgisi ve yolculara yaklaşımı üst seviyedeydi. Daha önce farklı havayollarıyla da seyahat ettim; hizmet iyi olsa bile konfor açısından aynı seviyeyi yakalayamadıklarını düşünüyorum. Özellikle uzun uçuşlarda koltuk aralığının geniş olması büyük fark yaratıyor. İkramların sunumu, kabin temizliği ve uçuş esnasındaki genel düzen profesyoneldi. Genel değerlendirmem, uzun mesafeli seyahatlerde tercih edilebilecek en konforlu seçeneklerden biri olduğu yönünde.",Olumlu
467,Türk Hava Yolları,tecrube1958,112,2,Pandemi döneminde doluluk ve mesafe sorunu,Istanbul - Bodrum District,İç Hat,Ağustos 2020,29 Ağustos 2020,"24 Ağustos gidiş ve 28 Ağustos dönüş uçuşlarında uçağın tamamen dolu olması ve yolcuların dip dibe oturtulması ciddi bir endişe yarattı. Pandemi döneminde sosyal mesafe kurallarına yeterince uyulmaması, yolculuk boyunca tedirginliğe neden oldu. Bazı yolcuların kurallara dikkat etmemesi ve kabin ekibinin sürekli uyarı yapmak zorunda kalması sürecin zor geçtiğini gösteriyordu. Uçuş sonrası sağlık açısından endişe duyulacak bir ortam oluştu. Bu dönemde doluluk oranlarının daha kontrollü ayarlanması ve mesafe kurallarının daha sıkı uygulanması gerektiği düşünülüyor.",Olumsuz
468,Türk Hava Yolları,Malatian,61,3,Tam kapasite uçuş ve yetersiz hijyen paketi,Antalya - Istanbul,İç Hat,Ağustos 2020,24 Ağustos 2020,"Antalya-İstanbul uçuşunda check-in ve bagaj teslim işlemlerinin otomatlar üzerinden yapılabilmesi pratik bir avantaj sağladı. Ancak havalimanında yine de sıra beklemek durumunda kalındı. Uçağın tam kapasite dolu olması ve koltuk aralarında boşluk bırakılmaması pandemi koşullarında rahatsız ediciydi. Uçağa biniş sırasında oluşan yoğunlukta personel yönlendirmesinin daha planlı yapılması gerektiği düşünüldü. Ateş ölçümünün kontrol noktasında yapılması daha düzenli bir akış sağlayabilirdi. Ayrıca verilen hijyen paketi beklentilerin altında kaldı; yalnızca bir maske ve ıslak mendil sunulması yetersiz bulundu. Reklamlarda gösterilen içerikle daha uyumlu ve kapsamlı bir hijyen seti sunulması yolcu memnuniyetini artırabilir.",Olumsuz
469,Türk Hava Yolları,Malatian,61,3,%100 doluluk ve hijyen beklentisi,Istanbul - Antalya,İç Hat,Ağustos 2020,24 Ağustos 2020,"İstanbul-Antalya uçuşunda check-in ve bagaj işlemleri otomatlar aracılığıyla yapılabildi. Ancak uçak %100 doluluk oranıyla hizmet veriyordu ve koltuk aralarında boşluk bırakılmamıştı. Pandemi döneminde sosyal mesafe beklentisi olan yolcular için bu durum rahatsız edici olabilir. Uçuş öncesinde verilen hijyen seti sadece maske ve ıslak mendilden oluşuyordu ve daha kapsamlı bir içerik bekleniyordu. İkram servisi yapılmaması anlaşılabilir olsa da hijyen paketinin kalitesinin artırılması yolcular açısından daha güven verici olurdu. Uçak içinde yalnızca su servisi gerçekleştirildi.",Olumsuz
470,Türk Hava Yolları,Kerim,1,5,Pandemi döneminde güvenli ve organize hizmet,Izmir - Istanbul,İç Hat,Ağustos 2020,24 Ağustos 2020,"İzmir-İstanbul uçuşumda pandemi dönemine uygun kapsamlı önlemler alındığını gözlemledim. Check-in işlemleri, bagaj teslim süreci ve uçağa biniş organizasyonu düzenli ve kontrollü şekilde yürütüldü. Uçak içi havalandırma sistemi ve hijyen uygulamaları hakkında bilgilendirme yapılması güven verdi. Kabin içerisinde hijyen konusunda görevli personelin bulunması ve sürekli kontrol sağlaması yolcular açısından rahatlatıcıydı. Bu süreçte alınan önlemler sayesinde endişe duymadan seyahat edilebildi. Genel olarak düzenli, planlı ve güven veren bir uçuş deneyimi yaşandı.",Olumlu
471,Türk Hava Yolları,The Chief,1,5,Pandemi sonrası güvenli ve organize uçuş,İstanbul - Antalya,İç Hat,Temmuz 2020,19 Ağustos 2020,"Turkish Airlines ile bayram döneminde İstanbul-Antalya uçuşu gerçekleştirdim. Pandemi sonrasında ilk kez uçacağım için başlangıçta tedirgindim; ancak hem havalimanında hem uçuş sürecinde alınan önlemler içimi rahatlattı. Havalimanı girişinde kontroller yapılıyor, sosyal mesafe ve maske kurallarına büyük ölçüde uyuluyordu. Bilet işlemlerimi online tamamladım, bu da süreci hızlandırdı. Uçağa biniş ve iniş koltuk numarasına göre organize edildi. El bagajlarının büyük kısmı alt bagaja alındı; kişisel ve teknolojik eşyaların kabinde taşınmasına izin verildi. Girişte hijyen seti dağıtıldı ve kabin havasının düzenli aralıklarla yenilendiği bilgisi paylaşıldı. Uçak dolu olmasına rağmen genel düzen ve uygulamalar sayesinde rahat bir yolculuk yaptım. Pandemi döneminde seyahatten çekinenler için sürecin kontrollü yönetildiğini söyleyebilirim.",Olumlu
472,Türk Hava Yolları,ADEM S,15,5,Uzun ve kısa mesafede istikrarlı kalite,İstanbul - Johannesburg,Dış Hat,Aralık 2019,12 Ağustos 2020,"İstanbul-Johannesburg uzun hat uçuşumda servis, check-in ve kabin hizmetleri oldukça başarılıydı. Uzun ya da kısa mesafe fark etmeksizin hizmet standardının korunması önemli bir artı. İkramların lezzeti ve sunumu tatmin ediciydi; kabin ekibi profesyonel ve yardımseverdi. Zamanında kalkış ve iniş, düzenli bilgilendirme ve temiz kabin ortamı genel deneyimi olumlu etkiledi. Geniş uçuş ağı bulunan destinasyonlarda aynı kaliteyi görmek güven veriyor.",Olumlu
473,Türk Hava Yolları,si b,2,1,Aktarmada isim hatası ve ek bilet mağduriyeti,Berlin - Antalya,Dış Hat,Eylül 2019,8 Ağustos 2020,"Berlin-İstanbul-Antalya aktarmalı seyahatte soyisim hatası nedeniyle ciddi mağduriyet yaşadım. Yanlış yönlendirme sonucu Ankara’ya gönderildim ve devam uçuşuna alınmayarak yeni bilet almam istendi. İtiraz ettiğimde ücret iadesi yapılacağı söylense de süreçte beklediğim çözümü alamadım. Bu durum hem maddi kayba hem de iş planımın aksamasına yol açtı. Aktarma ve isim düzeltme süreçlerinde daha hızlı, şeffaf ve yolcu odaklı bir çözüm mekanizmasına ihtiyaç olduğunu düşünüyorum.",Olumsuz
474,Türk Hava Yolları,yasemin,35,4,Pandemide doluluk ve ikram beklentisi,İstanbul - İzmir,İç Hat,Temmuz 2020,5 Ağustos 2020,"Pandemi döneminde uçakların tam dolulukla çalışması ve yalnızca su ikramı yapılması hayal kırıklığı yarattı. Paketli ve hijyenik atıştırmalık seçenekleri sunulabilirdi. Sosyal mesafe hassasiyetinin daha görünür şekilde uygulanması ve hizmet içeriğinin pandemi koşullarına uygun olarak zenginleştirilmesi yolcu memnuniyetini artırabilirdi. Fiyat-performans beklentisi açısından hizmetin gözden geçirilmesi gerektiğini düşünüyorum.",Olumsuz
475,Türk Hava Yolları,Ozgul C,3,1,İptal uçuşta yetersiz iletişim ve destek,Brussels - Samsun,Dış Hat,Temmuz 2020,22 Temmuz 2020,"Brüksel-Samsun uçuşumuz iptal edildiğinde müşteri hizmetlerine ulaşmakta ve etkili destek almakta zorlandık. Bilet alım aşamasında iletişim kanalları erişilebilir olsa da sorun anında geri dönüşlerin yetersiz kaldığını deneyimledik. E-posta yanıtlarının genel ve çözüme yönelik olmaması süreci uzattı. İptal ve yeniden planlama durumlarında daha proaktif bilgilendirme ve hızlı çözüm sunulması gerektiğini düşünüyorum.",Olumsuz
476,Türk Hava Yolları,Furkan K,1,1,İptal edilen uçuşlar ve iade sürecinde mağduriyet,Sanliurfa Province - Istanbul,İç Hat,Haziran 2020,1 Haziran 2020,"Turkish Airlines ile Şanlıurfa-İstanbul hattında iki ayrı tarih için bilet aldım; Mayıs ve 4 Haziran uçuşlarım iptal edildi. İlk iptalin pandemi kaynaklı olduğu belirtildi; ancak kısa süre sonrasındaki ikinci biletin neden iptal edildiğine dair net bir bilgilendirme yapılmadı. Müşteri hizmetlerine ulaşmakta zorlandım ve iade sürecinin uçuş yasakları kalktıktan iki ay sonrasına bırakılacağı ifade edildi. İptal edilecek uçuşların satışta olması ve geri ödeme takviminin belirsizliği maddi açıdan zorlayıcı oldu. Daha şeffaf bilgilendirme, hızlı iletişim ve makul iade süreleri beklenirdi.",Olumsuz
477,Türk Hava Yolları,emre,1,3,Fiyat artışı ve hizmet beklentisi,Nevsehir - Istanbul,İç Hat,Aralık 2019,1 Mayıs 2020,"Nevşehir-İstanbul uçuşumda fiyatların geçmişe göre yükseldiğini ve hizmet içeriğinin azaldığını gözlemledim. Özellikle ikram çeşitliliğinin azalması ve fiyat-performans dengesinin zayıflaması hayal kırıklığı yarattı. Döviz ve maliyet artışlarının etkisi anlaşılabilir; ancak yolcular verilen ücretin karşılığında daha tutarlı bir hizmet standardı bekliyor. İkram kalitesinin ve genel deneyimin iyileştirilmesi memnuniyeti artıracaktır.",Olumsuz
478,Türk Hava Yolları,Gülnur Kaptanoglu,2,5,Yoğunlukta hızlı destek ve zamanında varış,İstanbul - Ankara,İç Hat,Mart 2020,24 Nisan 2020,"Malaga’dan gece saatlerinde İstanbul’a indikten sonra 02:00 Ankara uçuşuna bilet almak için bankoya yöneldik. Pandemi nedeniyle iptal edilen seferler yüzünden yoğunluk vardı; buna rağmen bankodaki ekip hızlı ve çözüm odaklı davranarak kısa sürede bilet düzenledi. Bavulları teslim edip kapıya yetişmemiz zor oldu; ancak zamanında uçağa alındık. Uçuş doluydu ve süreç stresliydi; kabin ekibi durumu sakinlikle yönetti. Ankara’ya sorunsuz iniş yaptık; yalnız bagaj teslim süresi uzundu. Zor koşullarda gösterilen destek için teşekkür ederim.",Olumlu
479,Türk Hava Yolları,Gülnur Kaptanoglu,1,5,Pandemi öncesi dönüşte profesyonel kabin hizmeti,Malaga - Istanbul,Dış Hat,Mart 2020,24 Nisan 2020,"Porto-Endülüs gezimizin dönüşünü salgın nedeniyle 13 Mart’a çekmek zorunda kaldık. Malaga-İstanbul uçuşu doluydu ve genel atmosfer gergindi. Kabin ekibi, sorun çıkaran bir yolcuya sabırla yaklaşarak süreci iyi yönetti. Yaklaşık 3,5 saatlik uçuşta ikramlar sıcak ve düzenli sunuldu, kabin temizliği yeterliydi. Zor bir dönemde profesyonel ve güler yüzlü hizmet, yolcuların stresini azaltmada etkili oldu.",Olumlu
480,Türk Hava Yolları,Gülnur Kaptanoglu,1,5,Zamanında kalkış ve konforlu Avrupa uçuşu,İstanbul - Porto,Dış Hat,Mart 2020,24 Nisan 2020,"Yeni İstanbul Havalimanı’ndan Porto’ya gerçekleştirilen uçuşta 30 kişilik grupla sorunsuz bir yolculuk yaptık. Uçağa zamanında alındık ve yaklaşık 5 saatlik uçuşun ardından planlandığı gibi iniş yaptık. Kabin ekibi ilgili ve güler yüzlüydü; yemekler sıcak ve lezzetliydi, içecek servisi yeterliydi. Pilotların yumuşak inişi ve genel operasyon düzeni güven verdi. Avrupa hattında konforlu ve dakik bir deneyim yaşadık.",Olumlu
481,Türk Hava Yolları,Gülnur Kaptanoglu,1,5,Bağlantılı uçuşta sorunsuz hizmet ve özel yemek talebi,Ankara - Istanbul,İç Hat,Mart 2020,24 Nisan 2020,"6 Mart 2020 gecesi Ankara’dan İstanbul Yeni Havalimanı’na gerçekleştirdiğimiz uçuşta saat değişiklikleri nedeniyle küçük bir belirsizlik yaşansa da süreç genel olarak sorunsuz ilerledi. Porto bağlantılı uçuşumuz için bagajlarımızı bankoda teslim ettik ve 7 Mart sabah 09:15 seferine sorunsuz şekilde aktarıldı. İki kişi olarak yaptığımız yolculukta kabin ekibi güler yüzlü ve ilgiliydi. Pilotların tecrübesi ve uçuş güvenliği konusunda verdiği güven memnuniyet vericiydi. İkramlar sıcak ve özenli sunuldu. Özellikle özel beslenme ihtiyacı olan yolcular için glutensiz yemek seçeneğinin artırılması hizmet kalitesini daha da yükseltebilir.",Olumlu
482,Türk Hava Yolları,YeicGeztoz✔,68,5,Konforlu ve rötarsız iç hat deneyimi,İstanbul - Adana,İç Hat,Aralık 2019,7 Nisan 2020,"İstanbul–Adana–İstanbul gidiş dönüş uçuşumuz planlandığı saatlerde ve rötarsız şekilde gerçekleşti. Uçak içi ortam temiz ve düzenliydi, koltuk konforu kısa mesafeli uçuş için yeterliydi. Kabin ekibi güler yüzlü ve yardımseverdi; yolcularla iletişimleri nazik ve profesyoneldi. Her zamanki gibi kaşarlı sıcak sandviç ve içecek ikramı yapıldı, servis hızlı ve düzenliydi. Genel olarak konforlu ve sorunsuz bir seyahat deneyimi yaşadık.",Olumlu
483,Türk Hava Yolları,zeynep b,1,2,Kalkış öncesi organizasyon eksikliği,Malatya - Istanbul,İç Hat,Mart 2020,25 Mart 2020,"12:40 kalkışlı Malatya–İstanbul uçuşunda saat 12:35 olmasına rağmen pilotların yeni uçağa geçtiği ve kapıdaki yolcu işlemlerinin henüz başlatılmadığı gözlemlendi. Bu durum yolcular arasında belirsizlik ve huzursuzluk yarattı. Kalkış öncesi operasyonel hazırlıkların daha planlı yürütülmesi ve yolculara zamanında bilgilendirme yapılması önem taşıyor. Özellikle sık seyahat eden yolcular için dakiklik ve süreç yönetimi büyük önem arz ediyor.",Olumsuz
484,Türk Hava Yolları,Gökçe G,1,5,Örnek kabin memuru sayesinde keyifli uçuş,İstanbul - Canton of Geneva,Dış Hat,Mart 2020,19 Mart 2020,"1 Mart 2020 tarihinde 09:10–10:35 saatleri arasında gerçekleşen Cenevre–İstanbul uçuşumuzda yedi kişilik aile olarak seyahat ettik. Özellikle bebeğimiz ve çocuklarımızla yolculuk yaparken kabin memuru Nefis Ecem Yıldız’ın gösterdiği ilgi ve hassasiyet takdire şayandı. Tüm uçuş boyunca ihtiyaçlarımızla yakından ilgilendi, taleplerimize güler yüzle ve hızlı şekilde karşılık verdi. Profesyonel yaklaşımı ve pozitif enerjisi sayesinde oldukça rahat ve keyifli bir uçuş geçirdik. Hizmet kalitesi açısından örnek gösterilebilecek bir deneyimdi.",Olumlu
485,Türk Hava Yolları,El Turko,1,1,Koltuk yerleşimi ve check-in sürecinde ciddi sorunlar,İstanbul - Amsterdam,Dış Hat,Mart 2020,16 Mart 2020,"İstanbul–Amsterdam uçuşunda koltuk yerleşimi büyük sorun yarattı; aynı aileden yolcuların birbirinden uzak noktalara yerleştirilmesi kabin içinde karışıklığa neden oldu. Çocukların ebeveynlerinden ayrı oturtulması yolcular arasında huzursuzluk oluşturdu. İkram sırasında yemek seçeneklerinden birinin orta sıralara gelmeden tükenmesi organizasyon eksikliğini gösteriyordu. Check-in aşamasında ise hamile yolcu için mevcut uçabilir raporuna rağmen ek rapor zorunluluğu getirilmesi ve kısa bir işlem için yüksek ücret talep edilmesi memnuniyetsizlik yarattı. Genel olarak operasyonel düzen ve müşteri deneyimi açısından iyileştirme gerektiren bir uçuştu.",Olumsuz
486,Türk Hava Yolları,Recep C,166,4,Hafta içi pratik ve konforlu seyahat,Canakkale - Ankara,İç Hat,Şubat 2020,15 Mart 2020,"Çanakkale’den Ankara’ya haftanın belirli günlerinde düzenlenen seferlerden birini tercih ederek Pazartesi sabah gidiş, aynı gün gece dönüş şeklinde günübirlik bir seyahat gerçekleştirdim. Karayoluna kıyasla ciddi zaman tasarrufu sağlaması büyük avantaj. Uçuş süreci planlandığı gibi ilerledi ve herhangi bir rötar yaşanmadı. Kabin içi servis düzenli ve özenliydi; ikramlar beklentileri karşıladı. Pilotların uçuş boyunca yaptığı bilgilendirmeler güven vericiydi. Genel anlamda konforlu, düzenli ve kaliteli bir uçuş deneyimi yaşadım.",Olumlu
487,Türk Hava Yolları,Süleyman G,108,4,Günübirlik seyahatte türbülans ve havalandırma notu,Antalya - Ankara,İç Hat,Mart 2020,15 Mart 2020,"Ankart resim fuarı için sabah 10:40 Antalya–Ankara ve akşam 20:25 Ankara–Antalya uçuşlarıyla günübirlik seyahat ettim. Gidiş uçuşu sorunsuz geçti. Dönüşte ise zaman zaman tekrarlayan türbülanslar yaşandı; kabin ekibi gerekli anonsları yaparak süreci kontrollü şekilde yönetti. Bazı yolcular kabin içi oksijen ve havalandırma konusunda rahatsızlık dile getirdi. Bunun dışında operasyonel açıdan belirgin bir aksaklık yaşanmadı ve uçuş planlandığı şekilde tamamlandı.",Nötr
488,Türk Hava Yolları,Atila Yir,192,5,Rötarsız ve genel olarak sorunsuz uçuş,İstanbul - Izmir,İç Hat,Şubat 2020,12 Mart 2020,"İstanbul–İzmir uçuşu zamanında gerçekleşti ve rötar yaşanmadı. Uçuş süresi boyunca kabin düzeni ve temizlik yeterliydi. İkram servisinde şekersiz Coca-Cola talep etmeme rağmen Pepsi verilmesi küçük bir karışıklık yarattı; ancak bunun dışında önemli bir sorun yaşanmadı. Genel olarak konforlu ve planlı bir yolculuktu.",Olumlu
489,Türk Hava Yolları,bilgece,106,5,Standartların korunduğu memnun edici hizmet,İstanbul - Gaziantep,İç Hat,Mart 2020,12 Mart 2020,"İstanbul–Gaziantep uçuşunda her zamanki gibi tercihimiz Turkish Airlines oldu ve genel deneyimden memnun kaldık. Kabin ekibinin güler yüzlü ve samimi yaklaşımı yolculuğu daha keyifli hale getirdi. İkramlar düzenli ve yeterliydi, servis akışı aksama olmadan tamamlandı. Check-in ve biniş süreci de planlı ilerledi. Genel hizmet standardının korunuyor olması tercih sebebi olmaya devam ediyor.",Olumlu
490,Türk Hava Yolları,Ali K.,233,4,Keyifli Avrupa dönüş uçuşu,Venice - Istanbul,Dış Hat,Şubat 2020,11 Mart 2020,"İtalya yerel saatiyle 14:25’te gerçekleşen Venedik–İstanbul dönüş uçuşunda operasyonel açıdan herhangi bir aksaklık yaşanmadı. Kalkış ve iniş planlanan saatler çerçevesinde gerçekleşti. Kısa-orta mesafeli bu uçuşta beklentim lezzetli bir sandviç ve kaliteli bir içecek servisiydi; her iki konuda da memnun kaldım. Kabin ekibi ilgili ve düzenliydi. Genel olarak sakin, konforlu ve keyifli bir seyahat deneyimi sundu.",Olumlu
491,Türk Hava Yolları,Fatih ERSOY,6,5,Makul fiyatla yüksek hizmet kalitesi,Alanya - Istanbul,İç Hat,Mart 2020,11 Mart 2020,"Alanya–İstanbul uçuşunda fiyat-performans açısından oldukça tatmin edici bir deneyim yaşadım. Uçuş planlandığı saatlerde gerçekleşti ve genel operasyon düzenliydi. Kabin içi temizlik ve koltuk konforu iç hat standardının üzerindeydi. Sunulan ikram ve servis kalitesi beklentileri karşıladı. Milli havayolu şirketimiz Turkish Airlines ile seyahat etmek gurur vericiydi. Genel hizmet anlayışı ve profesyonellik memnuniyet sağladı.",Olumlu
492,Türk Hava Yolları,B.O.,62,5,İç hatlarda üst düzey hizmet anlayışı,Ankara - Istanbul,İç Hat,Şubat 2020,10 Mart 2020,"Ankara–İstanbul uçuşunda güler yüzlü ve yolcu memnuniyetine odaklı bir kabin ekibiyle seyahat ettim. İç hat uçuşu olmasına rağmen sunulan ikramların kalitesi ve servis düzeni oldukça başarılıydı. Uçağa biniş süreci planlı ve hızlı ilerledi, kabin içi düzen temizdi. Ekip üyelerinin ilgili ve profesyonel yaklaşımı uçuş deneyimini daha keyifli hale getirdi. Genel anlamda kaliteli ve sorunsuz bir yolculuktu.",Olumlu
493,Türk Hava Yolları,_selim_sahin61,11,5,Uzun menzilde zengin içerik ve kaliteli servis,İstanbul - London,Dış Hat,Şubat 2020,10 Mart 2020,"İstanbul–Londra uçuşunda uçak içi eğlence sisteminden kabin hizmetine kadar kapsamlı bir deneyim yaşadım. Güncel filmler, müzikler ve çeşitli uygulamalar yolculuğu keyifli hale getirdi. Kabin ekibi güler yüzlü, yardımsever ve özveriliydi. İkram kalitesi ve yemeklerin sunumu tatmin ediciydi. Genel hizmet standardı ve operasyonel düzen açısından dünyanın önde gelen havayollarından biri olduğunu hissettiren bir uçuş oldu.",Olumlu
494,Türk Hava Yolları,Eda U,12,5,Güvenli uçuş ve modern havalimanı deneyimi,Hatay Province - Istanbul,İç Hat,Şubat 2020,10 Mart 2020,"Hatay–İstanbul uçuşu güvenli ve konforlu şekilde gerçekleşti. Kabin ekibi ilgili ve nazikti, uçuş süreci boyunca yolculara gerekli bilgilendirmeler yapıldı. Varışta İstanbul Havalimanı’nın büyüklüğü ve modern yapısı dikkat çekiciydi. Hem havayolu hizmeti hem de havalimanı deneyimi açısından memnuniyet verici bir yolculuk oldu.",Olumlu
495,Türk Hava Yolları,MNalan,7,5,Uzun menzilde üstün business class deneyimi,İstanbul - Havana,Dış Hat,Aralık 2019,10 Mart 2020,"İstanbul–Havana business class uçuşunda baştan sona üst düzey bir hizmet deneyimi yaşadım. Kabin memurları, aşçı ve tüm ekip son derece nazik, güler yüzlü ve profesyoneldi. Uçuş boyunca taleplerimize hızlı ve özenli şekilde karşılık verildi. Koltuk konforu, ikram kalitesi ve sunum detayları uzun menzilli yolculuğu rahat hale getirdi. Farklı havayollarıyla yapılan seyahatlerde bu kalite farkı daha net hissediliyor. Genel olarak konforlu, sıcak ve yüksek standartlı bir uçuştu.",Olumlu
496,Türk Hava Yolları,Bilgilen,22,5,Kaliteli ve güvenli iç hat yolculuğu,Konya - Istanbul,İç Hat,10 Mart 2020,?,"Konya–İstanbul uçuşunda kaliteli ve güvenli bir deneyim yaşadım. Yer problemi nedeniyle gidiş dolu olduğundan alternatif bir uçuşa yönlendirildik. Genel hizmet, kabin içi düzen ve konfor açısından memnuniyet verici düzeydeydi. Yolculuk boyunca müşteri hizmetleri ve ikram standardı beklentileri karşıladı. Türkiye’de güvenli ve kaliteli yolculuk için tercih edilebilecek bir havayolu olarak öne çıkıyor.",Olumlu
497,Türk Hava Yolları,Önder I,460,5,İç hatlarda rakipsiz hizmet,Gaziantep - Istanbul,İç Hat,Mart 2020,10 Mart 2020,"Gaziantep–İstanbul uçuşu boyunca hizmet kalitesi oldukça iyiydi. Ülke içi uçuşlarda rekabetin az olduğu bir dönemde bile Turkish Airlines hizmet standartlarından ödün vermiyor. Kabin ekibi güler yüzlü ve ilgiliydi, ikram ve operasyonel süreçler sorunsuz ilerledi. Genel olarak sorunsuz ve memnuniyet verici bir yolculuktu.",Olumlu
498,Türk Hava Yolları,Sener M,5,5,Zamanında kalkış ve iniş,Amsterdam - Istanbul,Dış Hat,Temmuz 2019,7 Mart 2020,"Amsterdam–İstanbul uçuşunda her şey planlandığı gibi ilerledi. Kalkış ve iniş saatleri tam zamanında gerçekleşti, kabin ekibi ilgili ve hizmet kalitesi iyiydi. Yolculuk boyunca koltuk konforu, uçak içi ikram ve müşteri hizmetleri beklentileri karşıladı. Genel anlamda keyifli bir uçuş deneyimi oldu.",Olumlu
499,Türk Hava Yolları,kempa1907,70,4,"Gece uçuşunda rahat ve ilgili hizmet",Ankara - Dubai,Dış Hat,Şubat 2020,1 Mart 2020,"Ankara–İstanbul–Dubai gidiş-dönüş uçuşunda hem ekonomi hem business sınıfında konforlu bir seyahat deneyimi yaşadım. Kabin ekibi güler yüzlü ve ilgiliydi. Gece uçuşu olmasına rağmen ikram ve servis düzeni yeterliydi, koltuk konforu memnuniyet vericiydi. Genel olarak rahat ve sorunsuz bir yolculuktu.",Olumlu
500,Türk Hava Yolları,TC Neşe,1196,5,Tutarlı ve güvenilir tercih,İstanbul - Brussels,Dış Hat,Şubat 2020,29 Şubat 2020,"İstanbul–Brüksel uçuşunda Turkish Airlines her zaman ki gibi tercih sebebim oldu. Uçak içi ekip cana yakın, güler yüzlü ve ilgiliydi. İkramlar ve eğlence sistemi yolculuğu keyifli hale getirdi. Alan hizmetleri de sorunsuzdu. Genel olarak güvenilir, kaliteli ve keyifli bir seyahat deneyimi sağladı.",Olumlu
501,Türk Hava Yolları,YeicGeztoz✔,34553,5,Konforlu ve keyifli iç hat yolculuğu,İstanbul - Izmir,İç Hat,Ekim 2019,28 Şubat 2020,"İstanbul–İzmir uçuşunda konforlu uçaklar, ücretsiz ikramlar ve güler yüzlü, yardımsever kabin ekibi sayesinde rahat ve keyifli bir seyahat deneyimi yaşadım. Yolculuk boyunca koltuk konforu, uçak içi eğlence ve müşteri hizmetleri beklentileri karşıladı.",Olumlu
502,Türk Hava Yolları,Yakup E,65,5,Tutarlı ve keyifli hizmet,Hamburg - Istanbul,Dış Hat,Şubat 2020,24 Şubat 2020,"Hamburg–İstanbul uçuşlarımızda Turkish Airlines her zaman tercihimiz oldu. Film izleme imkanı ve servisler sayesinde seyahat uzun gelmedi. Yemekler lezzetliydi ve biletleri önceden planlayarak uygun fiyatlı bulma imkanımız oldu. Genel olarak sorunsuz ve keyifli bir yolculuktu.",Olumlu
503,Türk Hava Yolları,Mustafa F,57,5,Güvenli ve konforlu hizmet,İstanbul - Dubai,Dış Hat,Şubat 2020,24 Şubat 2020,"İstanbul–Dubai uçuşunda güvenli, konforlu ve güler yüzlü bir hizmet aldık. Çözüm odaklı yer hizmetleri ve ikramlar memnuniyet vericiydi. Çocuklu seyahatimizde cam kenarı isteğimiz yerine getirildi. Lounge hizmeti de oldukça iyiydi. Genel olarak sorunsuz bir yolculuk deneyimi yaşadık.",Olumlu
504,Türk Hava Yolları,selcuk b,53,5,Personel sayesinde keyifli uçuş,İstanbul - Madrid,Dış Hat,Şubat 2020,20 Şubat 2020,"İstanbul–Madrid uçuşumuzda uçak biraz eski olmasına rağmen personelin güler yüzü ve ilgisi sayesinde uçuş keyifli geçti. İkramlardan oldukça memnun kaldık. Genel olarak sorunsuz ve konforlu bir deneyim yaşadık.",Olumlu
505,Türk Hava Yolları,Sumeyra,124,5,Uzun yolculukta konfor ve güvenlik,İstanbul - Denpasar,Dış Hat,Ekim 2019,20 Şubat 2020,"Yaklaşık 13 saat süren İstanbul–Denpasar uçuşumuz kusursuz geçti. Gidiş ve dönüşte uçak koltukları rahat ve güvenliydi. Yolculuk boyunca kendimi evimde ve güvende hissettim. Genel olarak uzun mesafe yolculuğu için Turkish Airlines mükemmel bir tercih oldu.",Olumlu
506,Türk Hava Yolları,gok123yilmaz,24,5,Tatil ve profesyonel hizmet,Kars - London,Dış Hat,Şubat 2020,18 Şubat 2020,"Her zaman olduğu gibi çok profesyonel bir hizmet aldım. Ülkemizin gururu olan Turkish Airlines ile uçmak güven verici ve konforluydu. Kesinlikle herkese tavsiye ederim.",Olumlu
507,Türk Hava Yolları,Hakan H,2,4,Yüksek standartta hizmet ancak mil programı eleştirisi,Istanbul - Adana,İç Hat,Ocak 2020,14 Şubat 2020,"Genel olarak hizmet kalitesi, ikramlar ve kabin düzeni iyi olsa da mil programının eski verimliliğini kaybettiğini düşünüyorum. Check-in sırasında koltuk seçimi için ücret talep edilmesi ve bazı uçuşlarda koltuk seçimine izin verilmemesi memnuniyeti azaltan faktörlerdir. Gecikmeler dışında kalite yüksek.",Nötr
508,Türk Hava Yolları,mozkan67,4,5,Türkiye'nin gururu havayolu,Istanbul - Rome,Dış Hat,Şubat 2020,13 Şubat 2020,"Ekonomik sınıfta uçulsa bile hizmet kalitesinden ödün verilmeyen bir havayolu. Her zaman tercih edilmesi gereken, güvenli ve düzenli servis sunan bir yolculuk deneyimi sağlıyor.",Olumlu
509,Türk Hava Yolları,VeysiYoldaş,501,1,Saatinde kalkış ve sorunsuz uçuş,Istanbul - Malaga,Dış Hat,Ocak 2020,9 Şubat 2020,"Uçuşumuz saatinde kalkıp saatinde indi. Kalkış ve iniş sorunsuzdu. Apronda herhangi bir olumsuzluk yaşanmadı. Uçuş deneyimi genel olarak sakindi ve beklentileri karşıladı.",Olumlu
510,Türk Hava Yolları,Ragip Gener,4,5,Uzun mesafe uçuşlarda kaliteli hizmet,Los Angeles - Istanbul,Dış Hat,Ekim 2019,9 Şubat 2020,"Yer hizmetleri, uçuş personeli ve yemek servisi her bakımdan iyi organize edilmişti. Aktarmasız uzun mesafe uçuş imkânı zaman tasarrufu sağlıyor. Genel olarak uçuş konforu yüksek olsa da bilet fiyatlarının daha makul seviyede olması tercih sebebini artırabilir.",Olumlu
511,Türk Hava Yolları,Mert U,3,5,Uzak mesafe uçuşta konforlu deneyim,Kuala Lumpur - Istanbul,Dış Hat,Ocak 2020,7 Şubat 2020,"12 saatlik uzun uçuş olmasına rağmen yemek servisleri, koltuk konforu ve uçak içi eğlence sistemi oldukça başarılıydı. Kabin ekibinin güler yüzlü ve yardımsever yaklaşımı yolculuğu keyifli hale getirdi. Uçuş sırasında çok kısa süreli ve minimal türbülanslar dışında sorun yaşanmadı. Fiyatlar rakiplere göre biraz yüksek olsa da genel hizmet kalitesi nedeniyle Turkish Airlines tercih edilebilir.",Olumlu
512,Türk Hava Yolları,Zeynep u,50,5,Genel olarak rahat ve memnun edici uçuş,Istanbul - Miami,Dış Hat,Ocak 2020,6 Şubat 2020,"Gidiş ve dönüş uçuşu aynı havayolu ile gerçekleştirildi. Dönüş uçuşu biraz daha rahat geçti ve uçuş süresi daha kısa hissettirdi. Kabin ekibi güler yüzlü ve ilgiliydi. Gidiş uçuşundaki yemekler daha başarılı bulunurken dönüş uçuşundaki yemek kalitesi nispeten daha düşüktü. Genel memnuniyet seviyesi yüksekti.",Olumlu
513,Türk Hava Yolları,Enis Arıkan,170,4,Küçük operasyonel aksaklık,Istanbul - Phuket,Dış Hat,Ocak 2020,28 Ocak 2020,"Uçuş personeli oldukça nazik ve ilgiliydi. Ancak 9 saatlik uzun uçuşta yolculara verilen konfor paketlerinin bitmesi ve terlik gibi temel ürünlerin kalmaması küçük ama önemli bir organizasyon hatası olarak değerlendirildi. Özellikle uzun mesafe uçuşlarda bu tür ihtiyaçların stok yönetiminin daha dikkatli yapılması beklenir.",Nötr
514,Türk Hava Yolları,Lezzet avcısı,62,4,İkram kalitesi eleştirisi,Ankara - Istanbul,İç Hat,Ocak 2020,22 Ocak 2020,"Uçuş genel olarak iyi olsa da ikram olarak verilen sıcak sandviçlerin lezzeti yetersiz bulunmuştur. Özellikle ısıtıldıktan sonra daha da kötüleştiği düşünülmektedir. Uçuş hizmet kalitesi iyi olmasına rağmen ikram menüsünün geliştirilmesi önerilmektedir.",Nötr
515,Türk Hava Yolları,Gul U,36,4,Sorunsuz ve zamanında uçuş,Erzurum - Istanbul,İç Hat,Ocak 2020,20 Ocak 2020,"Karlı hava koşullarına rağmen uçuş zamanında kalkış yaptı ve planlanan saatten önce iniş gerçekleştirildi. Bagaj teslim süresi de hızlıydı. Genel olarak sorunsuz ve memnun edici bir yolculuk deneyimi sunuldu.",Olumlu
516,Türk Hava Yolları,Svetlana A,21,4,THY güvenliği,Istanbul - Tashkent,Dış Hat,Ocak 2020,14 Ocak 2020,"THY kalitesini, servisini ve özellikle güvenli uçuş standardını çok değerli buluyorum. Son dönemde artan uçak kazası haberleri beni tedirgin ederken bu havayolunun sağlamlığı ve operasyonel güveni içimi rahatlatıyor. Kardeş şirket uçuşlarında yaşanabilecek problemlere hızlı müdahale edilmesi ve yolcu mağduriyetinin azaltılması da benim için önemli. THY ile uçmaktan memnunum.",olumlu
517,Türk Hava Yolları,ali naki ö,32,4,T2 değil T1 terminali,Mexico City - Istanbul,Dış Hat,Aralık 2019,9 Ocak 2020,"THY uçağımın uluslararası terminal olan T2’den değil, T1 domestic terminalden kalktığını öğrendim. Pasaport gişelerinden geçiş yapmak zorunda kalmadım ancak uçağa binerken turist kartlarının toplanması süreci biraz karışık geldi. Yönlendirmelerin daha net olmasını isterdim.",olumsuz
518,Türk Hava Yolları,isilb908,2,4,Sorunsuz uçuş,Istanbul - Diyarbakir,İç Hat,Aralık 2019,8 Ocak 2020,"Check-in işleminden bagaj teslim sürecine kadar her şey sorunsuz ilerledi. Uçuşum zamanında gerçekleşti ve görevliler ilgili ve yetkindi. Genel olarak uçuş deneyimimden memnunum.",olumlu
519,Türk Hava Yolları,Elman,5,3,Uçuşa alınmama sorunu,Istanbul - Nicosia,Dış Hat,Ocak 2020,8 Ocak 2020,"Trafik nedeniyle uçağa 10 dakika geç kaldım. Kalkışa 45 dakika olmasına rağmen check-in kapandığı için uçağa alınmadım. Aynı gün için yeni bilet almak zorunda kaldım ve bu durum beni mağdur etti.",olumsuz
520,Türk Hava Yolları,TC Neşe,1196,5,Kabin hizmetleri memnuniyeti,Istanbul - Basel,Dış Hat,Aralık 2019,5 Ocak 2020,"Her seyahatimde mümkün olduğunca THY’yi tercih ediyorum. Kabin ekibinin güler yüzü, temizlik standartı ve ikram çeşitliliği beni memnun ediyor. Bazı havayollarına göre fiyatlar yüksek olsa da hizmet kalitesi nedeniyle Turkish Airlines benim için her zaman ilk tercihlerden biridir.",olumlu
521,Türk Hava Yolları,Gulcin U,10,5,Herzaman THY,Ankara - London,Dış Hat,Ocak 2020,5 Ocak 2020,"Her zamanki gibi güzel bir yolculuktu. Aktarmalı iki uçuşumun ikisi de zamanında kalktı ve indi, uçuş boyunca çok sarsıntı yaşamadık. Kabin ekibi kibar ve yardımseverdi, yiyecekler de genel olarak güzeldi. İç hat uçuşlarında film izleyebilmek de hoşuma gitti. Ancak 12. sırada otururken yemek alternatiflerinden birinin bitmiş olması bana biraz garip geldi. Ayrıca son zamanlarda kabin sıcaklığının fazla olduğunu düşünüyorum; eskiden üşürken şimdi daha sıcak oluyor.",olumlu
522,Türk Hava Yolları,Can E,4,5,Çok güzel uçuş,Istanbul - Stuttgart,Dış Hat,Aralık 2019,30 Aralık 2019,"Kesinlikle tercih edilmesi gereken bir havayolu şirketi. Koltuk mesafesi oldukça iyi ve rahat. Kabin görevlileri çok güler yüzlü ve ilgili. Yemekler birçok havayoluna göre üst seviyede. Eğlence sisteminde daha güncel filmler olmasını isterdim. Uçuşumuz rötarsız gerçekleşti.",olumlu
523,Türk Hava Yolları,dilekkilickap,50,4,Klasik,Istanbul - London,Dış Hat,Aralık 2019,30 Aralık 2019,"Her zamankinden çok farklı bir deneyim değildi. Özellikle yemek ve eğlence bölümündeki film menüsünün güncellenmesi gerektiğini düşünüyorum. Yemek seçenekleri genelde makarna veya köfte oluyor, daha fazla çeşit olmasını isterdim. Genel olarak klasik THY deneyimi.",olumsuz
524,Türk Hava Yolları,Elif Teke,17,5,Kesinlikle THY,Istanbul - Paris,Dış Hat,Haziran 2019,24 Aralık 2019,"Kendimi en güvenli hissettiğim havayolu şirketidir. Çocukluğumdan beri maketleriyle büyüdüğüm, bugün de konforu ve kabin personelinin nezaketi nedeniyle ilk tercihim olan havayoludur. Özellikle güvenli uçuş deneyimi ve hizmet kalitesi nedeniyle şiddetle tavsiye ederim.",olumlu
525,Türk Hava Yolları,Funda Boz,25,5,Tek tercihim Türk hava yolları,Istanbul - Nevsehir,İç Hat,Aralık 2019,21 Aralık 2019,"Seyahatlerimde kesinlikle tek tercihim Türk Hava Yollarıdır. Uçakların rahatlığı, personelin güler yüzü ve verilen ikramlar çok güzeldi.",olumlu
526,Türk Hava Yolları,emin g,331,4,Rahat uçuş,Istanbul - Casablanca,Dış Hat,Kasım 2019,21 Aralık 2019,"Fas'ın Kasablanka şehrine gitmek için Antalya'dan yola çıktım. Bagajlarımı buradan teslim ederek önce İstanbul'a, ardından aktarma yaparak Kasablanka'ya rahat ve güvenli bir şekilde ulaştım. Aktarmada bagajlarla uğraşmamak büyük bir rahatlık sağladı. Uzun süren Kasablanka uçuşunda personelin güler yüzlü olması, kaptanın güzergah hakkında bilgilendirme yapması ve yemeklerin güzel olması hoşuma gitti. Ancak beş saatten uzun uçuşlar için daha büyük uçak tercih edilmesini isterdim, çünkü uzun yolculuklarda daha ferah bir ortam daha iyi oluyor.",olumlu
527,Türk Hava Yolları,Yavuz M,898,4,Rahat uçuş,Istanbul - Bodrum District,İç Hat,Kasım 2019,19 Aralık 2019,"Yeni İstanbul Havalimanına varışımızdan sonra iç hatlar CIP salonuna ulaşmak için yaklaşık 1 kilometreden fazla yürümek zorunda kalmam dışında yolculuğum genel olarak rahattı. İkramlar da tatmin ediciydi ve uçuş hizmetinden memnun kaldım.",olumlu
528,Türk Hava Yolları,Yavuz M,898,4,Doğru tercih,Athens - Istanbul,Dış Hat,Kasım 2019,19 Aralık 2019,"Transit yolculuğumuzun ilk ayağı her zamanki gibi rahat geçti. Uçak zamanında kalktı ve ikramlar güzeldi. Ancak yeni İstanbul havalimanına iniş yaptıktan sonra uçağın körüğe yanaşması için yaklaşık yarım saat beklemek biraz can sıkıcıydı.",nötr
529,Türk Hava Yolları,İlknur B,17,5,Her zaman kaliteli,Istanbul - Gaziantep,İç Hat,Kasım 2019,17 Aralık 2019,"Hem iş hem tatil amaçlı seyahatleri dinlenmeye çeviren kaliteli bir havayolu. Business hizmeti, personelin ilgisi ve güler yüzü sayesinde her zaman kaliteli bir deneyim sunuyor.",olumlu
530,Türk Hava Yolları,zuhalozgen,5,3,Check-in sorunu,Ankara - Bodrum District,İç Hat,Temmuz 2019,15 Aralık 2019,"Check-in sırasında sırada beklerken biletimi 1 dakika farkla başka birine sattılar. Önümdeki kişilerin check-in işlemleri yapıldı, sıra bana geldiğinde check-in süresini 1 dakika ile kaçırdığım söylendi. Uçuşum 3.5 saat sonraya verildi ve ekstra ücret alındı. Bir bileti iki kişiye satmaları bana göre haksız kazanç ve mağduriyet yarattı.",olumsuz
531,Türk Hava Yolları,EJL,16,5,Güleryüzlü ve nitelikli hizmet,Izmir - Istanbul,İç Hat,Aralık 2019,15 Aralık 2019,"Türk Hava Yolları personelinin her zaman güler yüzlü ve nitelikli hizmet sunduğunu düşünüyorum. Herkes gönül rahatlığı ile seyahat edebilir. Olağanüstü durumlar dışında uçuşlar genellikle zamanında kalkıyor ve varış saatine uygun şekilde gerçekleşiyor. Ancak İzmir’den İstanbul ve Ankara dışında neredeyse başka şehirlere direkt uçuş olmaması beni üzüyor. Adnan Menderes Havalimanı’nın potansiyelinin tam kullanılamadığını ve bu durumun ulaşımda zaman ve ekonomik kayıplara neden olduğunu düşünüyorum.",olumlu
532,Türk Hava Yolları,bbkoksal,107,5,Stresli bir yolculuk,Istanbul - Munich,Dış Hat,Aralık 2019,15 Aralık 2019,"Uçakta fazla sayıda Arapça konuşan yolcu vardı ve oldukça gürültü yapıyorlardı. İnişe yaklaşırken ön sıralarda selfie çeken bir grup ile arka sıradaki yolcular arasında tartışma çıktı. Personel ve bazı yolcular sakinleştirmeye çalışsa da olay uzun sürdü. Uçak indikten sonra bile tartışma devam etti. Personelin müdahalesi yetersiz kaldı. İkramlar her zamanki gibi iyiydi.",nötr
533,Türk Hava Yolları,Yaşar S,12,2,Umarım fiyatlar daha makul olur,Istanbul - Moscow,RussiaEconomy,Haziran 2019,13 Aralık 2019,"Farklı firmaların yaklaşık iki katı fiyatına bilet satılması nedeniyle bu havayolunu tercih etmek ekonomik olarak zorlaşıyor. Yılda çok sık seyahat eden kişiler için bilet fiyatlarının daha makul seviyede olması gerektiğini düşünüyorum.",olumsuz
534,Türk Hava Yolları,alparslan612,19,5,Ulusal havayolu kalitesi,Istanbul - Singapore,Dış Hat,Temmuz 2019,10 Aralık 2019,"Ulusal havayolumuzun kalitesi genel olarak iyi ve dünya tarafından tanınıyor. Uçak filosu oldukça iyi durumda. Uçuş içi hizmetler iyi olsa da daha da geliştirilebilir.",olumlu
535,Türk Hava Yolları,Smokt,21,2,14 Saatlik uçuş,Istanbul - Los Angeles,Dış Hat,Kasım 2019,10 Aralık 2019,"14 saatlik uzun kıtalar arası uçuşta toplam iki yemek servis edildi. Yemeklerin ne kalkış saatine ne de varış saatine göre düzenlenmemesi nedeniyle yemekler lezzetsiz ve zamanlama açısından yetersiz kaldı. Diğer bazı havayollarında kalkış ve varış saatine uygun olarak kahvaltı, öğle veya akşam yemeği seçenekleri sunulduğunu biliyorum.",olumsuz
536,Türk Hava Yolları,Huseyin Ozdemir,11,5,Tayland gezisi,Antalya - Bangkok,Dış Hat,Kasım 2019,10 Aralık 2019,"11 saatlik uzun uçuş için bu havayolunu tercih ettiğim için memnunum. Personel ilgili ve yemekler oldukça iyiydi. Hizmet genel olarak başarılıydı ve uçuşum keyifli geçti. Keşke koltuklar arasında diz mesafesi bir sıra koltuk kaldırılarak biraz daha geniş olabilseydi.",olumlu
537,Türk Hava Yolları,huscos,117,4,LAX-İstanbul uçuşu,Los Angeles - Istanbul,Dış Hat,Kasım 2019,10 Aralık 2019,"Los Angeles-İstanbul uçuşumuzda hostes koltukları doluydu. Bize hizmet eden ve her zaman yardımcı olmaya çalışan personel özellikle Berat B. çok ilgili ve iyiydi.",olumlu
538,Türk Hava Yolları,Fatos C,29,5,Istanbul Tahran uçuşu,Istanbul - Tehran,Dış Hat,Kasım 2019,10 Aralık 2019,"Yolculuğun başından sonuna kadar oldukça iyi bir uçuş deneyimi yaşadık. Özellikle tekerlekli sandalye talebinde bulunduğumuz arkadaşımıza Ankara-İstanbul ve İstanbul-Tahran bağlantısında muhteşem hizmet verildi.",olumlu
539,Türk Hava Yolları,atatunc k,8,3,Kalite düşüyor,Lviv - Istanbul,Dış Hat,Kasım 2019,9 Aralık 2019,"THY ile uçmayı her zaman ayrıcalık olarak görürdüm ancak son uçuşum hayal kırıklığı oldu. Personel güler yüzlü ve ilgiliydi fakat ikramlar oldukça kötüydü. İstediğimiz bazı içeceklerin kalmadığı söylendi ve bu durum THY adına yakışmadı.",nötr
540,Türk Hava Yolları,Fatih Özağı,29,5,Teşekkürler Turkish Airlines,Istanbul - Sarajevo,Dış Hat,Aralık 2019,9 Aralık 2019,"Saraybosna'nın Aralık ayında yoğun sisli olması nedeniyle uçuşumuz yaklaşık 2 saat rötarlı kalktı. Pilotumuz iniş sırasında pisti bir kez pas geçti ancak tecrübesi sayesinde güvenli bir şekilde inişimizi gerçekleştirdi. Güvenli uçuş için havayolu şirketine ve pilotumuza teşekkür ederim.",olumlu
541,Türk Hava Yolları,Cüneyt Güvenli,13,3,Türk Hava Yolları uçuşları,Erzurum - Istanbul,İç Hat,Aralık 2019,9 Aralık 2019,"Havaalanının altyapısı yetersiz ve Türk Hava Yollarının uçuş sayısı az. Erzurum Havaalanından yapılan uçuşlar bu nedenle zorlayıcı olabiliyor. Sefer sayısı az olduğu için aksama olduğunda durum daha da sıkıntılı hale geliyor. AnadoluJet markasıyla yapılan uçuşlarda koltuk seçimi için ücret alınmasını da yanlış buluyorum.",olumsuz
542,Türk Hava Yolları,Okay M,6,3,Gittikçe azalan hizmet kalitesi,Istanbul - Podgorica,Dış Hat,Aralık 2019,9 Aralık 2019,"Eski günlerinden eser kalmadı. İkram, koltuk seçimi gibi konularda düşük maliyetli havayollarına benzer uygulamalar var. Fiyat açısından ise dünya standartlarında yüksek ücretler alınıyor. Gün geçtikçe kalite kaybı yaşayan bir marka izliyoruz.",olumsuz
543,Türk Hava Yolları,Alper B,45,5,Rüya gibi uçuş,Istanbul - New York City,Dış Hat,Temmuz 2019,9 Aralık 2019,"Uçuş gerçekten harikaydı. THY personeli her zaman olduğu gibi tecrübeli, kibar, güler yüzlü ve profesyoneldi. Dünyanın en iyi havayolu şirketlerinden biri olduğunu düşünüyorum.",olumlu
544,Türk Hava Yolları,Emel y,3,5,Koltuk seçimi,Istanbul - Bodrum District,İç Hat,Ekim 2019,9 Aralık 2019,"Koltuk seçimi için ekstra ücret alınmasını doğru bulmuyorum. Cam kenarında seyahat etmeyi sevdiğim için ücret ödedim ancak uçak boş olmasına rağmen yolcular yer değiştirebildi. Ödediğim paraya üzüldüm.",nötr
545,Türk Hava Yolları,mustafa3526,20,5,Mükemmel,Istanbul - Lagos,Dış Hat,Kasım 2019,9 Aralık 2019,"Uçuş ekibinin güler yüzlü ve ilgili olması çok güzeldi. Binişten inişe kadar her şey sorunsuzdu. Koltuklar rahattı, yemek ve içecekler de oldukça iyiydi.",olumlu
546,Türk Hava Yolları,TC Recep G,15,5,Türkiye'nin gururu,Istanbul - Antalya,İç Hat,Aralık 2019,9 Aralık 2019,"Her şey benim için 10 numara 5 yıldızdı. Türkiye'nin gururu olan bu havayolu ile uçmaktan büyük mutluluk duyuyorum. Daima göklerde kalmasını diliyorum.",olumlu
547,Türk Hava Yolları,mustafatuncayk,23,4,THY kalitesi,Gaziantep - Thessaloniki,Dış Hat,Kasım 2019,9 Aralık 2019,"Dünyanın en çok şehrine uçan THY, yeni uçaklardan oluşan filosu, deneyimli ve güler yüzlü personeli ve kaliteli hizmet anlayışıyla gerçekten alkışı hak ediyor.",olumlu
548,Türk Hava Yolları,Mustafa Arslantas,53,5,Kalite,Copenhagen - Istanbul,Dış Hat,Eylül 2019,9 Aralık 2019,"Bana göre Türk Hava Yolları kalite, servis ve güleryüzün sürekli olduğu bir firma. Fiyatların biraz daha uygun olmasını isterdim çünkü biletler oldukça pahalı. Daha fazla yolcu kapasitesi olabileceğini düşünüyorum.",nötr
549,Türk Hava Yolları,MaxiNuri,903,3,Business uçuş memnuniyetsizliği,Valencia - Istanbul,Dış Hat,Kasım 2019,9 Aralık 2019,"Business class uçmamıza rağmen koltuklar eskiydi ve elektronik sistemler çalışmıyordu. Yol boyunca bu sorunla uğraştık. İkramlar da beklentimi karşılamadı. Personel iyi niyetliydi ama ödediğimiz yüksek ücrete değmediğini düşünüyorum.",olumsuz
550,Türk Hava Yolları,MKI,81,4,Zamanında sorunsuz uçuş,Istanbul - Samsun,İç Hat,Aralık 2019,9 Aralık 2019,"Uçuşum zamanında ve sorunsuz gerçekleşti. Kabin görevlileri çok yardımseverdi ve işlerini iyi yaptılar. Teşekkür ederim.", olumlu
551,Türk Hava Yolları,Erkan,80,5,Güzel,Istanbul - Diyarbakir,İç Hat,Kasım 2019,9 Aralık 2019,"Hizmet ve konfordan ödün vermeyen tek havayolu bence. Her zaman tercih ettiğim havayoludur ve kesinlikle tavsiye ediyorum.",olumlu
552,Türk Hava Yolları,Hilal A,4,5,Güvenli,Istanbul - Siem Reap,Dış Hat,Haziran 2019,9 Aralık 2019,"Rötar nedeniyle aktarmalı uçuşu kaçırmak üzereydik ancak organizasyonu mükemmel yaptılar. Bizi bir uçaktan alıp diğer uçağın kapısına kadar hızlı şekilde ulaştırdılar. Devasa havalimanında kısa sürede diğer uçağa yetişmemizi sağladılar.",olumlu
553,Türk Hava Yolları,karpatf,246,5,Konforlu,San Francisco - Istanbul,Dış Hat,Kasım 2019,9 Aralık 2019,"Güler yüzlü kabin ekibi vardı. Yemekler lezzetliydi ve kalkış, uçuş, iniş oldukça başarılıydı. Eğlence sistemi yenilenmeli. 14 dolara aldığım internet hizmeti tatmin ediciydi.",olumlu
554,Türk Hava Yolları,UFUK BALKIR,9,5,Uzun mesafe uçuş keyfi,Istanbul - Tokyo,Dış Hat,Kasım 2019,9 Aralık 2019,"Dünyanın en büyük havalimanından Tokyo'ya yaptığım yolculuk ekonomi sınıfında olmasına rağmen oldukça keyifliydi. Lounge ikramları zaten biliniyor. Uçak içi ikramlar ve kabin ekibinin güler yüzlü çalışması seyahati güzelleştirdi.",olumlu
555,Türk Hava Yolları,Terlik,26,2,Overbooking ve check-in sorunu,Ankara - Zurich,Dış Hat,Eylül 2019,9 Aralık 2019,"24 saat önce online check-in yapmak istediğimde uçak dolu uyarısı aldım ve kontuara gitmem gerektiği söylendi. Kota kısıtlaması olduğu gibi kabul edilemez cevaplar verildi. Telefon trafiği sonrası özel izinle check-in yapabildim. Overbooking ve kota uygulaması seyahat planlamasını zorlaştırıyor.",olumsuz
556,Türk Hava Yolları,AyhanM_5526,68,5,Barcelona Gezisi,Istanbul - Barcelona,Dış Hat,Kasım 2019,7 Aralık 2019,"Barcelona'ya gezi için giderken kendi havayolumuz olan THY'yi tercih ettik. Avrupa'nın en iyisi olduğunu düşünüyoruz. Her zamanki gibi uçuş tam zamanında ve güzel geçti.",olumlu
557,Türk Hava Yolları,Mehmet C,28938,4,Güzel,Istanbul - Ankara,İç Hat,Kasım 2019,6 Aralık 2019,"29 Kasım sabahı 06.00 civarında Ankara'ya kısa ve güzel bir uçuş yaptık. İkram olarak sıcak peynirli tost, çay ve kahve vardı. THY iyi bir şirket.",olumlu
558,Türk Hava Yolları,Yunus BATUR,17,5,Mükemmel,Istanbul - Dubai,Dış Hat,Ekim 2019,5 Aralık 2019,"Dünyanın en iyisi. Misafirperverlik ve ilgi alaka her şey mükemmel. Ancak içki satışına karşıyım; parasız ya da paralı fark etmeksizin uçakta içki satılmamalı.",olumsuz
559,Türk Hava Yolları,Muzaffer M,210,5,Harika,Istanbul - Zurich,Dış Hat,Aralık 2019,5 Aralık 2019,"THY bence dünyanın en iyi havayolu. Zürih'e zamanında ulaştık. Hostesler güleryüzlüydü. Kahvaltıda sıcak yumurta ve ekmek lezzetliydi. Promosyon biletleri takip etmek faydalı.",olumlu
560,Türk Hava Yolları,Mehmet C,28938,4,Güzel,Ankara - Istanbul,İç Hat,Kasım 2019,3 Aralık 2019,"15 Kasım günü 09.15 Ankara-İstanbul uçuşu yaptık. THY her zaman iyi. Sıcak peynirli tost, kahve ve su ikramı yeterliydi.",olumlu
561,Türk Hava Yolları,Zac1453,18,4,Gidiş THY dönüş farklı havayolu,Istanbul - Kyiv,Dış Hat,Kasım 2019,3 Aralık 2019,"Gidiş dönüş bilet aldım. Gidişim THY ile oldukça kaliteli ve yemekli geçti ama dönüşüm Ukrayna Havayolları ile oldu ve yemek verilmedi. Gidiş ve dönüşte aynı hizmet kalitesini almak isterdim. Gidişte tok, dönüşte aç kaldım.",nötr
562,Türk Hava Yolları,s_indibay,93,5,Airbus A350 keyifli uçuş,Istanbul - Gaziantep,İç Hat,2 Aralık 2019,2 Aralık 2019,"Airbus A380 uçağıyla yaptığımız yolculuk sorunsuz ve keyifliydi. Kabin ekibi kibardı. Ancak İstanbul yeni havalimanında taksi süresinin 35 dakika sürmesi oldukça yorucuydu.",olumlu
563,Türk Hava Yolları,Cumhur A,5,5,Rahat ve konforlu seyahat,Istanbul - Hatay Province,İç Hat,Kasım 2019,2 Aralık 2019,"Terminal ve biniş işlemlerinde sorun yaşamadık. Ancak yeni terminali ilk kez kullanacaklar erken gelmeli çünkü kapıya ulaşım biraz zaman alıyor.",olumlu
564,Türk Hava Yolları,Rana Konyalıoğlu,154,4,Olumsuz deneyim,Basel - Istanbul,Dış Hat,Kasım 2019,2 Aralık 2019,"Yaklaşık 1 saat 15 dakika rötar oldu. Uçak içi kirliydi, koltuklar eskiydi. Eğlence sistemi yetersizdi ve valizim hasar gördü. THY kısa uçuşlarda bile memnuniyet sağlamadı.",olumsuz
565,Türk Hava Yolları,Erol_Sakin,87,5,Keyifli bir uçuş,Istanbul - Podgorica,Dış Hat,Kasım 2019,2 Aralık 2019,"Uçuşumuz güzel havada ve zamanında gerçekleşti. Lounge hizmeti sayesinde uçakta fazla ikram alamadık. Su dışında servis kullanmadık. Sorunsuz bir yolculuk oldu.",olumlu
566,Türk Hava Yolları,Tolgaozsuer,10,1,Her geçen yıl kalite düşüşü,Dalaman - Istanbul,İç Hat,Ağustos 2019,1 Aralık 2019,"Müşteri hizmetlerini arayarak akülü scooterımın uçağa alınabileceğini onaylattım. Check-in sırasında da onay verilmesine rağmen kaptan onay vermediği için korükten geri çıkarıldım. THY'nin hatası yüzünden yeni bilet almak zorunda kaldım ve 500 TL ekstra masraf yaptım. Bir zamanların yıldızı olan THY'nin hizmet kalitesi bence düşüyor.",olumsuz
567,Türk Hava Yolları,BirsenKK,220,5,Geniş koltuklar,Antalya - Amsterdam,Dış Hat,,30 Kasım 2019,"30 kg bagaj hakkı çok iyiydi ve bol peynir getirebildim. Koltuklar geniş ve uçak içi sıcaklık uygundu. Yemekler lezzetli ve sunumu güzeldi. Hosteslerden biri kaba davrandı ancak diğer personel ilgisiyle bu durumu telafi etti.",olumlu
568,Türk Hava Yolları,BedrosC,102,5,Oldukça iyi,Istanbul - Milan,Dış Hat,Eylül 2019,28 Kasım 2019,"Fiyatlar yüksek olsa da hizmet kalitesi oldukça iyi. Kalkışlar zamanında gerçekleşti. Personel kibar ve güleryüzlüydü.",olumlu
569,Türk Hava Yolları,Mustafa I,2,1,Sorumsuzluk,Istanbul - Izmir,İç Hat,Kasım 2019,27 Kasım 2019,"İzmir-İstanbul gidiş dönüş bilet aldım. İşim nedeniyle saat değişikliği yapmak istedim fakat sistem hatası olduğu söylendi. Dönüş biletim de iptal edildi ve yeniden bilet almak zorunda kaldım. THY sistem hataları nedeniyle mağdur oldum.",olumsuz
570,Türk Hava Yolları,Sanem Akpınar,10,2,İlgisizlik,Istanbul - Los Angeles,Dış Hat,Kasım 2019,26 Kasım 2019,"Uçuş sırasında bir sorun yaşadım ve kibarca yardım istedim ancak ilgisizlikle karşılaştım. Personel sorunu çözmek yerine oyaladı. THY'yi uzun yıllar desteklememe rağmen hizmet kalitesinin düştüğünü düşünüyorum.",olumsuz
571,Türk Hava Yolları,şahin g,69,4,THY ile güzel uçuş,Istanbul - Berlin,Dış Hat,Eylül 2019,27 Eylül 2019,"THY ile yurtiçi ve yurtdışı uçuş hizmetlerini ilgi, rahatlık ve ikram açısından genel olarak başarılı buluyorum. Uçuş içi hizmetler gayet iyiydi. Ancak havaalanı süreçleri biraz yorucu oldu. Berlin'e ekonomik olsun diye Ankara aktarmalı bilet aldım fakat bu tercih zaman kaybına yol açtı. Bagaj teslimi, check-in ve aktarma süreçlerinde uzun bekleme süreleri oluştu. Ankara'dan yurtdışına direkt uçuş tercih edilmesi daha mantıklı olabilir. Yeni havalimanında pist ve terminal mesafeleri uzun olduğundan uçaktan indikten sonra pasaport kontrolü ve bagaj alanına ulaşmak için yaklaşık 1–1,5 km yürümek gerekebiliyor. Dönüş uçuşumuzda saat değişikliği de yaşandı ve pist yoğunluğu nedeniyle kalkış yaklaşık 1 saat gecikmeli gerçekleşti.",nötr
572,Türk Hava Yolları,Terlik,26,1,Check in rezaleti,Ankara - Zurich,Dış Hat,Eylül 2019,22 Eylül 2019,"Uçuşa 24 saat kala online check-in açılır açılmaz işlem yapmak istedim ancak 'uçak dolu' uyarısı ile karşılaştım ve kontuara yönlendirildim. Aynı sorunu yaşayan birçok yolcu vardı. Çağrı merkezi, online check-in kontenjanlarının kısıtlı olduğunu söyledi. İsteyen yolcular 29 dolar ödeyerek yer ayırtabiliyordu ve aktarmalı gidiş dönüşlerde bu ücret dört kez ödenmek zorunda kalabiliyordu. Bu durum bana göre kabul edilemez ve mağduriyet yaratıyor. Sistemin daha adil ve düzenli hale getirilmesini umuyorum.",olumsuz
573,Türk Hava Yolları,Ali TEKNECİ,83,5,Her zaman her şey çok güzel,Copenhagen - Istanbul,Dış Hat,Eylül 2019,20 Eylül 2019,"Uçuşum genel olarak çok güzeldi. İkramların kalitesi iyiydi ve personel oldukça güler yüzlüydü. Koltuk aralıkları ve koltuk genişliği yeterli düzeydeydi ancak biraz daha rahat olabilir. Uçuş sırasında herhangi bir sorun yaşamadım. Check-in ve biniş işlemleri sorunsuz ilerledi. Genel olarak fiyat-performans dengesi açısından memnun kaldım ve THY’yi tercih etmeye devam edeceğim.",olumlu
574,Türk Hava Yolları,Erol_Sakin,87,5,Servis Mükemmel,Istanbul - Bilbao,Dış Hat,Eylül 2019,18 Eylül 2019,"Uçuşumuz tam zamanında başladı ve yaklaşık 3,5 saat süren yolculuğun ardından varış noktamıza problemsiz ulaştık. Uçak içi servis ve yemek kalitesi oldukça iyiydi. Özellikle sunulan şarap servisini çok beğendim. Kabin ekibi profesyonel, nazik ve yardımseverdi. Business class deneyimi konforlu ve sorunsuz geçti. Genel olarak hizmet kalitesi yüksek bir uçuş deneyimi yaşadım.",olumlu
575,Türk Hava Yolları,enginaltintas,1,4,Okyanus ötesi uçuşlarda,Istanbul - Barcelona,Dış Hat,Ekim 2019,18 Kasım 2019,"Istanbul-Barcelona uçuşumuzda kabin ekibi oldukça güler yüzlüydü ve ilk karşılamadan itibaren olumlu bir izlenim bıraktılar. Uçak temizdi ve koltuk mesafesi, 180 cm altı yolcular için yeterliydi; daha uzun yolcuların ekstra diz mesafesi talep etmesi gerekebilir. Kabin içi eğlence sistemi yeterliydi ancak müzik arşivi güncellenmeli ve film seçenekleri oldukça çeşitliydi. Yemek ve içecek servisi ise diğer havayollarına kıyasla iyiydi. Sunum ve lezzet açısından da oldukça başarılıydı. Genel olarak uzun mesafe uçuşları için konforlu ve keyifli bir deneyim sağlandı.",olumlu
576,Türk Hava Yolları,onder g,12,2,Yabancılar daha kıymetli !,Shanghai - Izmir,Dış Hat,Kasım 2019,16 Kasım 2019,"Shanghai-İzmir uçuşumda Türk Hava Yolları'nın bazı uygulamalarının kendi vatandaşlarına karşı daha katı ve standart dışı olduğunu gözlemledim. Uçakta ve terminalde bazı yolculara daha özenli davranılırken, kendi vatandaşlarına karşı davranışlar daha soğuk ve sınırlıydı. Üzücü bir durum, çünkü millî bir kuruluş olarak daha adil ve eşit bir hizmet sunmaları beklenirdi. Bununla birlikte, nadiren de olsa, tüm yolculara aynı standartta davranan, işinin hakkını veren ve güler yüzlü personelin olduğunu görmek mutluluk vericiydi. Bu kişiler hem profesyonellik hem de nezaket açısından örnek teşkil ediyor. Yapıcı eleştiri olarak bu durumu paylaşmak istedim; umarım ilerleyen dönemlerde hizmetteki tutarlılık daha da geliştirilir ve tüm yolcular eşit şekilde memnun edilir. Genel anlamda uçuş güvenli ve sorunsuz geçti, konfor ve uçak içi hizmetler de beklentileri karşılıyordu.",olumlu
577,Türk Hava Yolları,Askin K,8,3,THY malesef kaliteyi düşürmüş,Istanbul - Miami,Dış Hat,Kasım 2019,15 Kasım 2019,"Istanbul-Miami uçuşumda THY’nin geçmişteki yüksek kalite standartlarından belirgin bir şekilde gerilediğini gözlemledim. Amerika seferlerinde sunulan uçuş paketi eskiye göre yetersizdi; diş fırçası ve diğer küçük konfor ürünleri kalitesizdi. Yemekler genel olarak kabul edilebilirdi ancak geçmişteki sunum ve lezzetle kıyaslandığında geri gitmişti. Uçak içi eğlence sistemi, ülkemizi tanıtıcı belgesel içerikleri açısından oldukça zayıftı. Yanımda oturan yolcular İsrail uçuşu için benzer deneyimi yaşadı ve Pamukkale, İstanbul, Efes gibi kültürel içeriklere erişemedik. Ayrıca bakır belgeseli gibi örneklerde teknik ve tarihsel detaylar eksikti. Bu durum hem eğitim hem de tanıtım açısından olumsuz bir deneyim oluşturdu. Genel olarak THY’nin eski itibarı ve kalitesi korunmamış, bu durum yolculuk deneyimini olumsuz etkiledi.",olumsuz
578,Türk Hava Yolları,Ferhan O,5,5,Dort dortluk hizmet,Houston - Istanbul,Dış Hat,Kasım 2019,15 Kasım 2019,"Houston-İstanbul uçuşumda THY’nin hizmet kalitesi oldukça etkileyiciydi. Yiyeceklerin kalitesinden yolcu çantalarının işlevselliğine, kabin ekibinin uyumlu çalışmasından özenli servisine kadar her detay dört dörtlüktü. Kabin ekibi sorun çözme ve yolcu memnuniyeti konusunda etkili bir yaklaşım sergiledi. Servis hızlı, düzenli ve güler yüzlüydü. Uzun mesafe uçuşlarda konfor ve memnuniyet açısından beklenenin üstünde bir performans sergilendi. Genel olarak uçuş sorunsuz, güvenli ve keyifli geçti.",olumlu
579,Türk Hava Yolları,Cengiz GOCER,10,5,Istanbul-Almaty Seyahat,Istanbul - Almaty,Dış Hat,Ekim 2019,12 Kasım 2019,"Istanbul-Almaty uçuşumda THY’yi tercih etmemin nedeni kendimi güvende ve konforlu hissetmemdir. Kabin ekibi oldukça güler yüzlü, profesyonel ve yardımseverdi. Pilotlarımız ise başarılı ve deneyimlerini gösterir şekilde sorunsuz bir uçuş gerçekleştirdi. Uçakta ve terminalde hizmet kalitesi yüksekti; check-in, boarding, yemek ve içecek servisi, koltuk konforu ve temizlik oldukça iyiydi. Genel olarak THY ile yaptığım bu uluslararası uçuş deneyimim güvenli, rahat ve keyifli geçti. Tüm ekibe teşekkür ederim.",olumlu
580,Türk Hava Yolları,Safak S,12,4,Herzaman Şaşırtıyor,Izmir - Phuket,Dış Hat,Mart 2019,11 Kasım 2019,"İzmir-Phuket uçuşumda THY’nin performansı değişkenlik gösterebiliyor. Yurtiçi ve yurtdışı, kısa ve uzun mesafe, ekonomi ve business sınıfı uçuşlarında farklı deneyimler yaşadım. Beklentim iyi olduğunda, hizmet vasat çıkabiliyor; vasat beklediğimde ise oldukça iyi sürprizlerle karşılaştım. Özellikle yurtdışı uçuşlarında yemek servisinde iki seçenek sunuluyor, ancak yoğunluk veya sıra nedeniyle arada kalan yolcular istedikleri seçeneğe ulaşamayabiliyor. Yolcu sayısı çok olduğunda, ikramların bitmesi veya gecikmesi olabiliyor. Bu nedenle en çok uçan havayolu olarak, hizmet ve ikramlarda daha dikkatli ve istikrarlı olmaları gerektiğini düşünüyorum. Genel olarak uçuş konforu, kabin ekibi hizmeti ve güvenlik standartları beklentiyi karşılıyordu, ancak tutarlılık konusunda iyileştirmeler yapılmalı.",nötr
581,Türk Hava Yolları,serpil b,553,2,"Bavulumu açmışlar, içindeki her şey sırılsıklamdı ve bavuldaki 300 TL alınmıştı",Nice - Ankara,Dış Hat,Ekim 2019,10 Kasım 2019,"Nice’den İstanbul aktarmalı olarak Ankara’ya uçtum. Bagajımı kilitli halde Nice’de teslim ettim ve Ankara’da aldım. Üç havaalanında da çok şiddetli yağmur vardı, bu yüzden sorunun nerede yaşandığını kesin olarak bilemiyorum. Eve geldiğimde bavulu açtığımda sert ve su geçirmez bavulumun içindeki tüm eşyaların sırılsıklam ıslak olduğunu gördüm. Kırmızı deri ceketim su nedeniyle tamamen lekelenmiş ve giyilemez hale gelmişti. Koyu renk kazaklarım açık renk gömleklerimi boyamıştı. Ayrıca bavulun içinde bulunan 300 TL’nin de alınmış olduğunu fark ettim. Şikayet etmeme rağmen herhangi bir sonuç alamadım ve yaşadığım mağduriyet giderilmedi.",olumsuz
582,Türk Hava Yolları,Tansel A,10,3,Sıkıntısız bir uçuş,Istanbul - Rome,Dış Hat,Ekim 2019,7 Kasım 2019,"Roma uçuşum genel olarak sorunsuz geçti. Rötar yaşanmadı ve kabin personeli güler yüzlü ve kibardı. Uçuş konforu ortalama düzeydeydi; koltuk aralıkları dar sayılabilecek seviyedeydi ve bazı kulaklıklar çalışmıyordu. Uygun fiyata bilet bulabilmem de olumlu bir detaydı. Uçuş genel olarak ne çok iyi ne de çok kötüydü, orta seviyede kabul edilebilir bir deneyimdi.",nötr
583,Türk Hava Yolları,Gezenti,3,3,"Direk uçuş konforu, fakat müşteri servisi rezalet",Istanbul - Atlanta,Dış Hat,Ağustos 2019,6 Kasım 2019,"İstanbul’dan Atlanta’ya direkt uçuşun olması benim için çok büyük avantajdı ve uçuş tarafında ciddi bir sorun yaşamadım. Bavullarımda herhangi bir problem oluşmadı ve rötar da olmadı. Ancak müşteri hizmetleri konusunda ciddi hayal kırıklığı yaşadım. Mil kullanımı ile ilgili destek almak istediğimde, önce fazladan mil satın almaya yönlendirildim, daha sonra bu milleri istediğim uçuşta kullanamayacağım söylendi. Yardımcı olunmaya çalışılmadı ve süreç oldukça profesyonellikten uzaktı. Bu tür kuralsız ve otoriter yaklaşımlar büyük bir havayolu şirketine yakışmadı.",olumsuz
584,Türk Hava Yolları,Bozkurt571,12,5,Güzel bir uçuş,Istanbul - Antalya,İç Hat,Haziran 2019,5 Kasım 2019,"İstanbul- Antalya uçuşum benim için güvenilir ve rahat geçti. Uçuş sırasında kendimi huzurlu hissettim ve Allah nasip ederse tekrar THY ile seyahat etmek isterim. Güvendiğim havayolu şirketlerinden biri olduğu için tercihim her zaman THY oluyor. Genel olarak koltuk konforu, kabin hizmeti ve güvenlik standartları tatmin ediciydi.",olumlu
585,Türk Hava Yolları,Fatos C,29,5,Yeni Delhi'ye uçuş,Ankara - New Delhi,Dış Hat,Aralık 2018,5 Kasım 2019,"Yeni Delhi uçuşumda uçağa arka kapıdan alındık ve içeri girdiğimde Business sınıfının arkaya taşındığını düşündüm ancak ekonomi sınıfı olduğunu anladım. Koltukları ararken bekleme salonunda yanımda oturan Alman yolcu buranın Business olup olmadığını sordu. Koltuklarımızı bulup oturduktan sonra koltukların inanılmaz rahat olduğunu fark ettim. Sonradan okyanus aşırı uçuşlarda ekonomi sınıfı koltukların da bu konfora sahip olduğunu öğrendim. Uzun mesafeli olmasına rağmen oldukça rahat ve keyifli bir uçuş deneyimi yaşadım.",olumlu
586,Türk Hava Yolları,Vedat T,9,4,Güzel uçuş,Istanbul - Barcelona,Dış Hat,Ekim 2019,5 Kasım 2019,"THY ile İstanbul-Barcelona uçuşum oldukça keyifli geçti. Uçuş genel olarak konforlu ve güvenliydi, kabin ekibi güler yüzlü ve ilgililerdi. Koltuk konforu tatmin edici düzeydeydi, uçak içi eğlence sistemi ise standartları karşılıyordu ancak çeşitlilik açısından biraz daha geliştirilebilir. İçecek seçeneklerinin artırılması ve küçük ikramların çeşitlendirilmesi, yolculuğun genel kalitesini daha da artırabilir. Zamanında kalkış ve iniş sayesinde seyahat programımda herhangi bir aksama yaşamadım. Temizlik ve hijyen açısından da uçakta herhangi bir sorun gözlemlemedim, yemek ve içecek servisi yeterli seviyedeydi. Genel olarak THY kalite ve hizmet standartlarını koruyor, küçük iyileştirmelerle mükemmele yakın bir deneyim sunabilir.",olumlu
587,Türk Hava Yolları,Yavuz K,230,5,A star alliance member Turkish Airlines is best,Istanbul - Baku,Dış Hat,Kasım 2018,31 Ekim 2019,"THY ile İstanbul-Bakü uçuşum olağanüstüydü. Birinci sınıf hizmet anlayışı ve tüm yolculara eşit şekilde sunulan kaliteli hizmet dikkat çekiciydi. Kabin ekibi son derece güler yüzlü ve yardımseverdi, yemekler ise lezzetliydi ve sunum açısından tatmin ediciydi. Uçuş süresince hem güvenlik hem de konfor açısından herhangi bir eksiklik yaşamadım. Hizmet kalitesi ve personelin profesyonelliği sayesinde uçuş oldukça rahat ve keyifli geçti. Genel olarak, THY’nin uluslararası standartlarda bir havayolu şirketi olduğu izlenimini güçlendiren bir deneyim yaşadım ve bu nedenle tekrar tercih etmeyi kesinlikle düşüneceğim.",olumlu
588,Türk Hava Yolları,junior1907,194080,4,İyi hizmet,Istanbul - Budapest,Dış Hat,Ekim 2019,30 Ekim 2019,"İstanbul-Budapeşte uçuşum THY ile oldukça düzenli bir şekilde gerçekleşti. TK 1035 sefer sayılı uçuşta biniş saati 08:15 olarak planlanmıştı ve zamanında kapı açılışı, pushback ve kalkış yapıldı. Uçuş boyunca herhangi bir aksaklık yaşanmadı. Uçak temiz ve bakımlıydı, kabin içi konfor beklentilerimi karşıladı. Servis sırasında sunulan yiyecek ve içecekler genel olarak yeterliydi; kahvaltıda sunulan ekmekler soğuk geldi, bu küçük detay dışında tüm hizmet tatmin ediciydi. Kabin ekibi profesyonel ve ilgiliydi, yolculuk boyunca herhangi bir olumsuz deneyim yaşamadım. Genel olarak, THY’nin kalite ve hizmet standardı uzun uçuşlarda bile güven verici bir seviyedeydi ve bu deneyim beklentilerimi büyük ölçüde karşıladı.",olumlu
589,Türk Hava Yolları,Bahtiyar T,1,1,Lânet bi şirket,Adana - Ankara,İç Hat,Ekim 2019,24 Ekim 2019,"Adana-Ankara uçuşum tam bir hayal kırıklığıydı. Uçak kalkış saati gelmiş olmasına rağmen biniş gerçekleştirilmedi. Uçağa alınmadım ve bunun gerekçesi olarak 2 saat önceden orada olmam gerektiği söylendi. Bu durum, yerel yönetim ve havayolu koordinasyonundaki aksaklıklardan kaynaklanıyor olabilir ancak yolcu olarak mağduriyet yaşadım. Hiçbir şekilde yardımcı olunmadı ve yaşanan bu durum, havayolu şirketine olan güvenimi ciddi şekilde sarstı. Seyahat planlarım aksadı ve oluşan mağduriyetle ilgili çözüm sunulmadı.",olumsuz
590,Türk Hava Yolları,Murat Olguner,147,4,Uzun uçuşlarda tercih sebebi,Istanbul - San Francisco,Dış Hat,Kasım 2018,21 Ekim 2019,"İstanbul-San Francisco uzun menzilli uçuşum oldukça rahat ve sorunsuz geçti. THY, uzun uçuşlarda tercih edilmesi gereken bir havayolu şirketi olarak beklentilerimi karşıladı. Uçuş sırasında herhangi bir gecikme yaşamadım, kalkış ve iniş zamanında gerçekleşti. Uçaklar modern ve bakımlı, kabin ekibi ise genç, profesyonel ve güler yüzlüydü. Yiyecek ve içecek hizmetleri tatmin ediciydi, kalite açısından diğer havayollarına kıyasla daha üstün olduğunu gözlemledim. Kısa mesafe uçuşlarda zaman zaman gecikmeler olabiliyor ancak uzun mesafede bu sorun yaşanmadı. Genel olarak, uçuş konforu, hizmet kalitesi ve güvenlik açısından oldukça başarılı bir deneyim yaşadım.",olumlu
591,Türk Hava Yolları,Ali Eray Günay,110,1,Keşke alternatifi olsa,Kayseri - Bodrum District,İç Hat,Ağustos 2019,20 Ekim 2019,"Alternatifim olmadığı için bu havayolunu tercih etmek zorunda kalıyorum. Uçuş saatlerinin bazen çok ileri saatlere ertelenmesi beni oldukça mağdur ediyor. Müşteri hizmetlerine ulaşmak zor ve sorun çözme konusunda yeterince yardımcı olmuyorlar. Kabin ekibi genel olarak iyi olsa da yer hizmetleri aynı özeni göstermiyor. Business class olmasına rağmen yemek hizmeti beklentimin altındaydı. Bagajımı teslim ettiğimde zarar görme ihtimalini her zaman düşünüyorum çünkü daha önce sorun yaşadım. Bu nedenle THY ile uçmak zorunda kaldığım için üzülüyorum ve daha iyi alternatifler olmasını isterdim.",olumsuz
592,Türk Hava Yolları,Melina,11,5,Türk Hava Yolları,Istanbul - Berlin,Dış Hat,Eylül 2019,17 Ekim 2019,"Türk Hava Yolları ile uçuşum genel olarak kaliteli ve konforluydu. THY hizmet standardına alışınca diğer havayolları bana daha düşük seviyede geliyor. Kabin ekibi kibar ve yardımseverdi. Koltuk konforu ve temizlik tatmin ediciydi. Ancak bilet fiyatlarının biraz daha uygun olmasını isterdim. Genel olarak memnun kaldım ve tekrar tercih edebilirim.",olumlu
593,Türk Hava Yolları,Vural,10,4,"Güleryüzlü , kibar personel",Istanbul - New York City,Dış Hat,Ekim 2019,17 Ekim 2019,"THY ile İstanbul-New York uçuşumu tercih ettim ve verilen hizmete karşılık aldığım deneyimden memnun kaldım. Uzun uçuş boyunca iki kez yemek servisi yapıldı ve ihtiyaç duyduğumda ek içecek veya sandviç alabilme imkânı sunuldu. Kabin ekibi son derece kibar ve güleryüzlüydü. Yaklaşık on saatlik uçuş süresince personelin profesyonel şekilde hizmet vermesi dikkat çekiciydi. Yemek kalitesi birkaç yıl öncesine göre biraz daha iyileştirilirse deneyim mükemmele yaklaşabilir.",olumlu
594,Türk Hava Yolları,merve sirma,5,1,businnes class,Istanbul - Kinshasa,Dış Hat,Nisan 2019,12 Ekim 2019,"Business class uçuş deneyimim benim için oldukça kötüydü. Kabin memuru bana karşı çok kaba davrandı ve soru sormama rağmen azarlayıcı bir tavırla cevap verdi. Küçük bir çantayla ilgili basit bir soru sormuştum ancak aldığım tepki çok rahatsız ediciydi. Daha sonra gelen başka bir kabin görevlisi biraz daha ilgiliydi ama genel deneyimim olumsuzdu. O günden sonra THY ile tekrar uçmayı tercih etmedim.",olumsuz
595,Türk Hava Yolları,Erhan B,9,5,Perfect,Prague - Istanbul,Dış Hat,Eylül 2019,10 Ekim 2019,"THY ile Prag-İstanbul uçuşum oldukça kaliteli ve sorunsuz geçti. Güleryüzlü ve profesyonel kabin ekibi sayesinde uçuş keyifliydi. Genel hizmet standardı yüksekti. Yemek kalitesinin birkaç yıl önceki seviyeye tekrar çıkarılması halinde THY’nin hizmet kalitesi daha da mükemmel olabilir. Sorunsuz ve güvenli bir uçuş deneyimi yaşadım.",olumlu
596,Türk Hava Yolları,Twinsmom,29,4,TK1870 VENICE TO IST,Venice - Istanbul,Dış Hat,Eylül 2019,9 Ekim 2019,"Ekonomi sınıfında olmama rağmen uçuş deneyimim oldukça konforlu ve keyifli geçti. Yeni uçakla seyahat etmek ve sıranın en önünde oturmak yolculuğu oldukça rahat hale getirdi. Koltuk konforu beklentimin üzerindeydi, kabin içi eğlence sistemi işlevsel ve yeterliydi. Personel güler yüzlü ve yardımseverdi. Yemek ve içecek servisi standartları tatmin ediciydi. Check-in süreci hızlı ve sorunsuz geçti. Genel olarak kısa mesafe bir uçuş için ideal bir deneyim yaşadım ve bu uçuş, THY’nin kalite standardını yansıtıyor.",olumlu
597,Türk Hava Yolları,Mehmet C,28938,3,3 saat geç kalktı,Nicosia - Ankara,Dış Hat,Ekim 2019,9 Ekim 2019,"3 Ekim 2019 akşamı Nicosia'dan Ankara'ya yapacağımız uçuş maalesef üç saat gecikti. Uçuş kısa ve rahattı, ancak gecikmeden dolayı bekleme süresi uzadı. Bu gecikmeye rağmen uçuş sırasında sunulan ikramlar oldukça iyiydi; uçakta sandviç ve çay servis edildi. Personel nazik ve profesyoneldi, gecikmeye rağmen yolcuları bilgilendirmeye çalıştılar. Genel olarak kısa bir uçuş için konfor iyiydi, fakat zaman yönetimi konusunda iyileştirme yapılması gerekiyor.",Nötr
598,Türk Hava Yolları,Mehmet C,28938,4,güzel,Ankara - Nicosia,Dış Hat,Eylül 2019,9 Ekim 2019,"24 Eylül 2019 tarihinde Ankara'dan Nicosia'ya yaptığımız uçuş saat 20:00'de başladı. Uçuş kısa ve rahattı. Sandviç ve çay ile su servisi sunuldu. İniş sırasında konforlu bir deneyim yaşandı. Koltuk aralıkları ve kabin içi ortam genel olarak memnun ediciydi. Kısa mesafe uçuşlar için THY'nin standartları tatmin ediciydi. Uçuş süresince personel yardımcı ve güler yüzlüydü, genel olarak deneyim olumlu.",olumlu
599,Türk Hava Yolları,Abdullah S,4,5,Kalite,Istanbul - Erzincan,İç Hat,Ağustos 2019,4 Ekim 2019,"THY ile yaptığım Istanbul-Erzincan uçuşu beklentilerimin üzerinde geçti. Verilen hizmet kalitesi diğer havayollarına kıyasla oldukça üstün. Ödediğiniz fiyat farkı kesinlikle karşılığını veriyor. Koltuk konforu, kabin içi hizmetler ve personelin ilgisi oldukça tatmin ediciydi. Genel olarak bu havayolu ile uçmak pişmanlık yaratmıyor ve güvenilir bir deneyim sunuyor. Bagaj, check-in ve biniş süreçleri sorunsuz şekilde ilerledi.",olumlu
600,Türk Hava Yolları,Ali Kızıldağ,1,1,THY'nin Geciken Uçuş İçin Umursamazlığı,Antalya - Barcelona,Dış Hat,Ekim 2019,3 Ekim 2019,"Mesleğim gereği kısa tatiller yapabiliyorum ve bu tatiller ailem için çok değerli. 3 Ekim’de Antalya’dan Barselona’ya yapacağımız TK2925 uçuşu iki saat gecikti. Alternatif olarak bize sunulan TK2411 uçuşu planlarımızı ciddi şekilde etkiledi. Önceden ödemesini yaptığımız koltuklar iptal edilen uçuşta rastgele sıradan verildi. Müşteri hizmetlerini iki kez aradım fakat herhangi bir çözüm ya da mazeret sunulmadı. Havaalanına geldiğimizde uçuşun gecikeceğini önceden bilmediğimiz için ekstra zaman kaybı yaşadık. Tatilimiz beklenmedik bir stres ve gerginlikle başladı. Bu deneyim, THY'nin müşteriye değer verme ve sorumluluk bilinci konularında ciddi eksiklikler yaşadığını gösteriyor. Sadık bir müşteri olarak böyle bir deneyim yaşamak hayal kırıklığı yaratıyor ve daha etkili bir iletişim ve çözüm yönetimi beklentisi oluşturuyor.",Olumsuz
601,AJet,Omer K,4,1,AJET pismanliktir,Hannover - Ankara,Dış Hat,Şubat 2026,22 Şubat 2026,"05.02.2026 tarihinde saat 10.30 civarında Ajet’ten acente aracılığıyla uçak bileti satın aldım. Bileti yanlışlıkla 5 Şubat yerine 5 Mart tarihine aldığımı fark edince, yaklaşık 30 dakika sonra, saat 11.00 gibi acente üzerinden iptal talebinde bulundum. İlk etapta iptal edeceğiz diyerek yardımcı olacaklarını söylediler, ancak daha sonra hiçbir muhatap bulamadım ve iptal talebimle ilgili somut bir adım atılmadı. Aradan bu kadar kısa süre geçmiş olmasına rağmen biletimin iptal edilmemesi ve net bir çözüm sunulmaması beni mağdur etti. Madem bileti iptal etmiyorsunuz, en azından 6 yaşındaki kızımı da aynı uçuşa makul bir ek ücret karşılığında eklemek istedim; ancak sunulan fiyatlar son derece mantıksız ve fahiş seviyede oldu. Hem yanlış tarihin çok kısa sürede fark edilmesi hem de başlangıçta iptal konusunda olumlu yanıt verilip sonrasında ilgilenilmemesi sebebiyle ciddi anlamda hayal kırıklığı yaşıyorum. Yanlış tarihe alınan bu biletimin iptal edilmesini ve mağduriyetimin giderilmesini, aksi halde en azından kızımın aynı uçuşa makul ve kabul edilebilir bir ücret karşılığında eklenmesini talep ediyorum.",Olumsuz
602,AJet,Birol S,2,5,Mahirin Hostes ablaları,Hannover - Istanbul,Dış Hat,Şubat 2026,18 Şubat 2026,"Harika bir yolculuk geçirdik tüm ekip personeline çok tşk ederiyoruz Özellikle Ayşenur hanım ve Ayşe hanıma sevgili oğlumuz Mahir ile güzel ve güler yüzlerini hiç eksik etmediler böyle neşeli ve değerli personelleriniz olması harika",Olumlu
603,AJet,Yesim K,1,1,AJET BUYUK SORUN,Sharjah - Istanbul,Dış Hat,Şubat 2026,9 Şubat 2026,"09.02.2026 tarihli vf222 kodlu Ajet uçuşumla Dubai’den dönerken yaklaşık 2 saate yakın rötar yaşadık. Rötarın ardından bu kez de bagajlar için uzun süre beklemek zorunda kaldık ve valizlerimizin Sharjah’ta kaldığını öğrendik. Yaşadığımız mağduriyetin üzerine bir de görevli personelden birinin üslubu ve tavrı son derece saygısız ve tahrik ediciydi, bu durum bizi psikolojik olarak da yıprattı. Valizlerin bugün elimize ulaşacağı ve istersek kargo ile verdiğimiz adreslere gönderileceği bilgisi verildi. Ancak valizler kargoya verildiğinde kırık çıkması ya da içinden bir şeylerin eksilmesi durumunda hiçbir garanti verilmiyor. Bu nedenle tüm yorgunluğumuza rağmen tekrar havalimanına gidip valizleri oradan teslim almak zorunda kalıyoruz. KURUMSALLIK BU MU AJET E GÖRE BU!",Olumsuz
604,AJet,Emine A,1,4,Müşteri memnuniyeti,Nicosia - Istanbul,Dış Hat,Ocak 2026,22 Ocak 2026,"AJet ile gerçekleştirdiğimiz uçuş deneyiminden son derece memnun kaldık. Uçağın zamanında kalkması, çocuklu olarak bindiğimiz uçakta kabin ekibinin çocukları güler yüzlü ve ilgili yaklaşımı yolculuğumuzu oldukça keyifli hale getirdi. Koltukların konforu ve uçuş sırasındaki bilgilendirmelerin netliği kendimizi güvende hissetmemizi sağladı. Genel olarak düzenli, sakin ve sorunsuz bir uçuş geçirdik. AJet, beklentilerimizi karşılayan bir hizmet sunarak gönül rahatlığıyla tekrar tercih edebileceğimiz bir hava yolu oldu.",Olumlu
605,AJet,Mesut E,1,1,Kaptanları acemi,Ankara - Malatya,İç Hat,Ocak 2026,12 Ocak 2026,"Nerede acemi kaptan varsa filosuna almışlar.malatya ya inişte yolcuları tedirgin ettiler öyle bir iniş şekli görmedim. Bir daha a jet firmasından yolculuk yapmayacağım.",Olumsuz
606,AJet,beauty,27,1,Bad Experience,Istanbul - Sharjah,Dış Hat,Ocak 2026,9 Ocak 2026,"9 Ocak 2026 , 22.10 Istanbul sabiha gokcen to Dubai Sharjah uçuşunda Boarding te biniş kartlarımızı kontrol eden görevli kadın aşırı kaba ve bilgisizdi. Oturum kartımı telefonumda kayıtlı dokümanlarımdam göstermeme rağmen onun oturum kartı olup olmadığını anlamayıp kimliği gösterince , baştan bunu neden göstermiyorsunuz, bunu en baştan göstermek o kadar zor değildi demesi , AJET in müşterilerine ne kadar önem ve saygı gösterdiğinin göstergesidir. Anlamadım kendisi kim acaba bu şekilde konuşuyor?? Kimlik ile oturum kartı arasındaki farkı bilmemesinin suçu kimsenin değil , kendi bilgisizliği.",Olumsuz
607,AJet,Ali Ü,1,1,KİMSEYE TAVSİYE ETMİYORUM,Ankara - Elazig Province,İç Hat,Ocak 2026,31 Aralık 2025,"Yeni yılda ailemle buluşmak için 31.12.2025 tarihinde Berlin’den Elazığ’a uçuş bileti aldım. Berlin’den Ankara’ya olan aktarmada Pegasus firması ile uçtum. Firma mükemmel olmasa da en azından müşteri memnuniyeti Berlin’de kar olmasına rağmen kalkış yapması benim için yeterliydi. Ankara’dan Elazığ’a olan uçuşumda Ajet firması ile uçacaktım Ajet ile ilgili hiç olumlu düşüncelerim yoktu bu da cabası oldu. Uçuş gerçekleşmedi hava koşullarını vs anlayabilirim. Ama biletin para iadesi için gittiğimde aracı firmayı arayıp oradan zararımı tahsil etmem konusunda Esenboğa havalimanında ki bilet satış noktaları beni bilgilendirdi. İşin komik yanı firmanın böyle bir durumda sorumluluk kabul etmemesi. kesinlikle profesyonel değil acemice ve amatörce. Esenboğa da çalışan bir istisnai arkadaş bana yardım etti ve elinden geleni yaptı ama diğer çalışanların birbirlerinden haberleri yok sadece konu mankeni olarak orada bekleyip size olumsuz şeylerden bahsediyorlar. Ajet firması da umarım müşterilerinin bu şikayetlerini dikkate alıp uçuş sektöründen otobüs sektörüne geçmesi yerinde olur. Yıllar önce değerli, el üstünde tutulan uçuş sektörünün Türkiye’de böyle firmaların elinde olması hem Globalde Hemde Yerel olarak bizi sadece gülünç bir duruma düşürüyor. 7 günlük Türkiye tatilimin iki gününü Ankara’da pansiyon odalarında yeni yıla girerek kutladım çevreme arkadaşlarıma aileme kesinlikle bu firmayı kullanmamaları konusunda ikaz da bulunacağım ve yaşadığım bu içler acısı durumu söyleyeceğim.",Olumsuz
608,AJet,Resort51460733796,1,5,Teşekkürler Alper bey,Adana - Nicosia,Dış Hat,Aralık 2025,27 Aralık 2025,"COV havalimanında bize güleryüzlü ve yardımseverliği için Check in noktadındaki Değerli Alper beye çok teşekkür ve minnet borçluyuz kendisine işini severek yaptığı için taktir etmeyi borç biliriz teşekkür ederiz başarılarının devamını dileriz .",Olumlu
609,AJet,Zülfiye Ç,1,1,Berbat bir yolculuk,Diyarbakir - Istanbul,İç Hat,Aralık 2025,19 Aralık 2025,"Berbat bir uçak koltuklar daracık artık bir su ikramı bile yok uçuş çok geç gerçekleşti asla bir daha tercihim olamaz Rezalet",Olumsuz
610,AJet,Vacation56030986528,1,1,Nie Wieder a-jet jedesmal gleiche dreck,Vienna - Ankara,Dış Hat,Kasım 2025,21 Kasım 2025,"A jet yüzünden son 3 tür sıkıntı yaşıyoruz em son 9 saat rötar yaptılar ve hiç bir şikayet de fayda etmiyor geri ödeme vesair hiç bir şey olmadı en son bugün uçuşumuzdada cenazemiz olduğu için mecburen a-jet ten bilet aldık saat 10:50 olan uçak 8 buçukta kalkıyor ve yolculara 10:20 de haber gidiyor cenazeye gidemedik oda yetmedi air france den bilet almak zorunda kaldık ekstra hem geç gittik hemde 3500 euromuz boşa gitti allah bu a-jetin ve sorumlu olan herkesin belasını versin allah o parayı cenazeyi sırf sizden değil neslinizdende çıkarsın inşallah alçaklar",Olumsuz
611,AJet,Suat A,1,1,Berbat bir havayolu şirketi,Bodrum District - Ankara,İç Hat,Kasım 2025,7 Kasım 2025,"Kesinlikle tavsiye etmiyorum, sizin satın aldığınız bileti başkasına satabiliyorlar, üstelik ekonomi bileti satın aldıysanız iade etmiyorlar. Ben yaşağım olayı kısaca anlatıyorum; eşime ve oğluma Bodrum'dan Ankara'ya kışın sezon dışında uçak yoğunluğunun olmadığı bir dönemde bilet almıştım, uçağın kalkmasına 44 dk kala vardıkları halde uçağa almadılar 45 dk önce gelmeniz lazım demişler ve biletleri 59 sn gibi kısa sürede satmışlar.Kısacası biletleri çok önceden satmışlar, bizim ücretide iade etmediler. Buna gasp veya dolandırıcılık denir.Uçak boş gitmiyor yani. Mağdur ettiler bizi resmen...",Olumsuz
612,AJet,YeicGeztoz✔,34746,3,AJet,Antalya - Istanbul,İç Hat,Eylül 2025,17 Ekim 2025,"Her zamanki gibi yine rötarlı kalkan Antalya- İstanbul seyahatimiz rahat geçti. Kabin personeli güler yüzlü ve yardım severdi.",Olumlu
613,AJet,asya b,2,1,Önemlii,Bodrum District - Istanbul,İç Hat,Ekim 2025,13 Ekim 2025,"Kontuar çalışanları gerek chekin alanı çalışanlar çok saygısız nasıl sorun çıkarırım diye uğraşıyorlar ve sizi uğraştırıyorlar sürekli uçuş yapan biri olarak 3 kere AJet aldım ve hepsinde ayrı ayrı sorunlar ile karşılaştım biraz fazla verip Pegasus yapın kabin valizimi bile tarttılar. UÇAK İÇİ MENÜLERİ ÇOK KÖTÜ ÇİRKİN SANDVİCDEN BASKA BİRŞEY YOK !!!",Olumsuz
614,AJet,Jane,2,1,Ajet aşırı kötü bir firma.,Istanbul - London,Dış Hat,Eylül 2025,26 Eylül 2025,"23 eylüldeki uçuşumda tüm uçak yolcularının valizi istanbul’da unutulmuş asla ve asla Ajet’den muhattap bulamadık bugün DHL ile iş yerime bagajım teslim edildi fakat paramparça edilmiş ve içerisinden değerli eşyalarım alınmış. Hasarlı bagaj için online işlem yapıyorum ve devamlı hata veriyor. zararım giderilmedi ve ben bileti Premium almıştım.",Olumsuz
615,AJet,Ahmet B,1,1,Berbat,Ankara - Batman Province,İç Hat,Eylül 2025,23 Eylül 2025,"Ankaradan siirte uçmuştum kabin ekiplerinin otobüs muavininden farklı tek yanı havayolu şirketinde çalışıyor olmasıydı",Olumsuz
616,AJet,Ferhat C,1,2,AJet gelmeyen uçak,Antalya - Istanbul,İç Hat,Eylül 2025,6 Eylül 2025,"Antalya havalimanında çocuklarla beraber saatlerdir bekliyoruz oğlum 1.5 yaşında perişan oldu bizim kendi işlerimiz var ama bi türlü gidemiyoruz Erken saatlere bilet aldık eve geç olmadan varırız diye ama saatlerdir burda bekliyoruz AJet tavsiye etmiyorum",Olumsuz
617,AJet,duman E,1,1,Yük parası ödedim 7 kişiye ama sistemde yok dediler benden para kesildi,Ankara - Munich,Dış Hat,Eylül 2025,5 Eylül 2025,"Ben 25 kilo yük aldım 7 kişye beşer kilo fazla ama sistemde çıkmıyor dediler benden yük parası alındı ödedim ve hava alanında perişan oldum A jet ile ilk ve son uçuşum parayı tekrar ödemezler çok kötü firma",Olumsuz
618,AJet,didbug,117,1,pişmanlık,Izmir - Ankara,İç Hat,Eylül 2025,2 Eylül 2025,"1 Eylül'de gerçekleşen 21.15 İzmir-Ankara uçağı total bir kabustu.Önce 25 dak. gecikme geldi sonra 30 dakika oldu ama ekranlar göstermedi.Açıklama olmadan bekledik;uçağa kabul 22.00'yi geçe oldu;22.40-45 gibi kalkabildik.Ne bi açıklama ne bi özür sürü muamelesi yaptınız.Bir de utanmadan "alacağınız içeceğin yanında kurabiye ücretsiz" diye anons geçtiniz;tam bir rezillikti.Hala para kazanmakta gözünüz!Kimse sizden ikram beklemedi;ne kabin görevlileri ne pilot kimse ses çıakrmadı.Ondan sonra insanlar ses yükseltince hemen bastırıyorsunuz.İnsan bir telafi hediyesi olarak kurabiye ikramı var der;vermek de zorunda değilsiniz ama "içecek alana kurabiye bedava!"çok rezil bir tavırdı.Kabindeki thy/ajet ekiplerinin de birbirinden haberi yok acemiler suratları dehşet içinde bakıyor anksiyetesi olan biri onlara bakınca öleceğiz sanar öyle bir servis.Uçak kalktı 25 dakika sonra ekip hala 3A'nın önünde servis yapıyordu.Hadi şükür indik; valizler gelmedi.3 uçağın valizlerini 3 banta serpmişsiniz.3 uçak dolusu gariban ordan oraya koşturduk.Milletçe gece körü rezil olduk.PİŞMANLIK.REZALET.BECEREMİYORSANIZ YAPMAYIN! O KADAR!",Olumsuz
619,AJet,savaş s,1,1,"Eşim, oğlum ve kendim için fark ödeyerek yan yana koltuk satıl aldım. Hizmeti alamadım, ödediğim parayıda.",Ankara - Trabzon,İç Hat,Ağustos 2025,28 Ağustos 2025,"Eşim, oğlum ve kendim için fark ödeyerek yan yana koltuk satıl aldım. Uçak değişti denilerek hava alanında üçümüzde farklı sıraya verildik. Eeeee hizmet veremeyince otomatik olarak geri ödersin aldığın parayı. Olurmu öyle kolayca. Geri Bildirim Formu doldur ve hikayeni anlat dedi müşteri temsilcisi. Doldurdum formu. Birgün SMS geldi ve VF-554581 nolu geri bildirim cevaplandı diyor. Açıyoruz maili AJET logoso.. Cevap? mailde yok..Müşteri ilişkilerini ara kavda dövüş mailin içinin boş olduğuna 30 dk ikna ettim. Tamam ben görünür biçimde yeniden mail atılmasını sağlayacağım dediler. Sonuç gelen-giden mail yok. İçine bakın paramı nasıl alacağım orada yazıyormuş diyorum. İçini göremiyoruz dediler. SONUÇ ek hizmet için para alındı, ek hizmet verilmedi,geri ödeme için mail içeriğine ulaşamadım ve paramı hiç ettiler. Haram olsun",Olumsuz
620,AJet,Erdem D,1,1,Ajet pişmanlıktır çözüm sunamayan bir firma,Erzurum - Ankara,İç Hat,Ağustos 2025,22 Ağustos 2025,"Koltuk seçimine ücret alıp sizden habersinz koltukları başkasına satıyorlar sizide kafalarına göre yerleştiriyorlar.",Olumsuz
621,AJet,ayca a,3,1,A-jet rezilliğine düşmeyiniz efenm..,Antalya - Ankara,İç Hat,Temmuz 2025,13 Ağustos 2025,"Mecbur kaldığım için gidiş-dönüş bilet aldım. Her zaman rötarlı. Bütün programım altüst oldu. Sms bilgilendirme de yok. Ve uçuşlarda havalandırma yok. Fenalık geçirdim sıcaktan. Yüzüme su falan çarptım rezillik. Hostes terden saçları yapışmış yoo çalışıyor diyor.",Olumsuz
622,AJet,senel t,4,1,Sıfır hizmet,Brussels - Istanbul,Dış Hat,Ağustos 2025,10 Ağustos 2025,"Ilk defa bindim Anadolu jette hiç hizmet yok. En azından su ve şeker ikram edilmeli. 2025 teyiz ama 1960 larin Koy otobüsü gibi.",Olumsuz
623,AJet,hakan b,1,1,Bagajımı kırdılar çözüm yolu üretmiyorlar,Basel - Kayseri,Dış Hat,Temmuz 2025,6 Ağustos 2025,"Yapmış olduğum uçuşta Anadolujet denen firma bagajımı kırdı hakkımı aradığım halde kırdıkları bagajın geri dönüşünü bana yapmadılar dosya oluşturdum şikayet ilettim hiçbir şey fayda etmedi. Parayı öderken ödüyorsunuz bagaj sorumlulugu şirkete ait olduğu halde mağduriyetiniz giderilmiyor kimseye tavsiye etmiyorum Anadolujet denen şirketi. Yönetimi çok kötü göstermelik müşteri temsilcileri koymuşlar onlar da zaten hiçbir şekilde yardım edemiyorlar",Olumsuz
624,AJet,kıvanç ö,1,1,A jet ekstra ücret karşılığını vermiyor,Antalya - Istanbul,İç Hat,Ağustos 2025,1 Ağustos 2025,"A jet resmi internet sitesinden bilet aldım, 1. Sıradaki koltuklarda ekstra diz mesafeli koltuk icin secimimizi yaptik ben, eşim ve iki çocuğum için koltuk başı 350tl para odedim fakat ne giderken ne dönerken 1.sirada oturamadik çünkü aynı koltuklar başkalarına da satılmış. Çok ahlaki bir tutum koca Türk hava yolları alt kurumu olan a jetten. Para iadesi yapin diyorum, a jet koltuk değişikliği yapabilir diyorlar. Peki ben neden her koltuk için 350tl odedim, aldığınız paranın karşılığı hizmet nerede.",Olumsuz
625,AJet,Roam32406465394,1,1,Berbat Bir deneyim. Elimden geldigince onlarla gitmeycem Bir daha.,Istanbul - Nicosia,Dış Hat,Temmuz 2025,28 Temmuz 2025,"Bavullarim gerektigi saatte gelmedi. Bir sinraki gun geldi. Bu nasil is. Bence olmaz. Buyuk Bir memnuyiyetsizlik. Olmaz",Olumsuz
626,AJet,Roam722384,2,1,Ajet'in ayıbı,Izmir - Ankara,İç Hat,Temmuz 2025,25 Temmuz 2025,"Tatil dönüşü 12.15 de Ankaraya dönüş planımızı yapmışken bakın noldu? İlk olarak 12.15 deki Ajet uçuşunu iptal olduğunu bildiren SMS geldi. Uçuşun akşam 21.15 de olacağı bildirildi. Başka uçak bulamayınca mecburen otel çıkışı 12 yaşındaki çocuğumla, valizlerle yaz sıcağında oyalandık. 19.30 da havalimanına vardık ki yeni bir SMS gönderdi söz konusu gevşek firma.21.15 deki Uçuşunuz 23.30 a ertelendi diye. Artık çocuğum havalimanında uyuyakaldı. Böylece gündüz 13.30de Ankarada olmayı beklerken gece 01.30 Ankaraya ulaştım. Zaman ve memlekette yurttaş olmak bu kadar ucuz işte. Bir daha Ajet kullanmak mı? Asla.",Olumsuz
627,AJet,ışıl t,1,5,"Dalaman A Jet yer hizmetleri görevlisi Ahmet Özdek'e sonsuz teşekkürler..",Dalaman - Istanbul,İç Hat,Mayıs 2025,2 Temmuz 2025,"19 mayıs 2025 tarihinde Dalaman havalimanından Sabiha Gökçene uçuşumuz vardı.4 kişi bir çocuktuk Fethiye den geldiğimiz için yoldan dolayı uçuşa biraz geç kaldık.valizlerimiz de vardı.bilet deskinde ki kadın bizi almadı ve bu süreçte bayağı oyaladı.yine de içeri girdik ve şansımızı denedik.Dalaman a jet yer hizmetlerinde görevli olan Ahmet Özdek bize olan gücüyle yardımcı olmaya çalıştı ve oldu da.bizi uçağa aldırdı çocuğu da bizi de mağdur etmedi.çok anlayışlı düşünceli ve pratikti.profesyonelliğini kaybetmeden akıllı ve rasyonel davranışıyla tüm kademe işlemlerini hızlı bir şekilde çözerek bizi uçağa bindirdi.ne uçağı ne bizi ne de başka bir bölümü oyaladı.ona sonsuz teşekkürler.onun gibi işini mükemmel yapanlara minnettarız.Ahmet bey zaten işinde profesyonel, soğukkanlı ve aşırı pratik.yine de ona işinde başarılar dileriz.Harikasınız!",Olumlu
628,AJet,Emine A,1,1,Berbat inis,Istanbul - Düsseldorf,Dış Hat,Haziran 2025,10 Haziran 2025,"Istanbul sabiha gökcenden Düsseldorf ucusunuz vardi 16.40 saatinde ,inis esnasinda ölüme gidiyorum sandim sallanmak birden hava bosluk ve alcalma hayatimda ilk kez böyle berbat ucak sirketi gördüm ! Birdaha asla bilet almam!",Olumsuz
629,AJet,Ahmet Ç,1,1,Allah belasını versin inşallah 🙏🙏🙏,Dalaman - Batman Province,İç Hat,Haziran 2025,4 Haziran 2025,"Bugün eşim iki çocuğum saat 13.05 de binmesi gerekirken roter yapıyor 14.25 de kalkıyor Batman'a gidecekler Ankara aktarmalı Ankara'yı Esenboğa ya varıyorlar oradaki personeller uçak kalktı diyorlar eşim dahil olmak üzere 30 kişi orada mağdur oluyor şuanda eşim Ankara'da mağdur çocuklarım da mağdur ha biri 9 aylık bebek Ajetin tüm yöneticilerin ve sahipleri dahil Allah belanızı versin inşallah Allah'ın zulmünden kurtulmayin inşallah Allah'ın izniyle bir daha bu firma son olsun gözünü seveyim türk hava yollarının.",Olumsuz
630,AJet,Khaled A,1,1,Tüm zamanların en kötü havayolları,,,"Mayıs 2025",23 Mayıs 2025,"Tüm zamanların en kötü havayolları. Tüm sektörlerdeki kötü hizmetlerde 1. sırada. Bunlar yolcuların uçağa binişini geciktirerek elinizdeki Kabin çantanızda bir veya iki kilo eksta mı kontrol ediyorlar. Para kazanmanın çok ucuz yolu",Olumsuz
631,AJet,Ekin Ö,1,2,AnadoluJetle baska bir kötü deneyim!,Istanbul - Düsseldorf,Dış Hat,Mayıs 2025,19 Mayıs 2025,"5 yildir Almanyada egitim amacli ikamet ediyorum. 2020den beri eski adı olan Anadolujetle uçmaktayim. Özellikle isim ve yönetimini değiştirdiğinden beri, eski hizmeti almamaktayım. Yine de birkaç sefer daha sans vermek istedim. 17 Mayis 2025de yapılan IST - DUS saat 10:35 ucusununa yolcular uçağa alindiktan sonra hava koşullarından oturu rötar olacagini belirten şirket, yolcularını yine bekleterek bir saat sonra (11:33) ucusunu gerçekleştirdi. Gecen yıl ise ISTden Bodrum`a giderken, kapilarin orada 3.5 saat rötar verilmişti. Bunlar maalesef cogu ornekten sadece iki tanesi. Bu kotu gidişat ise mağdur edilen bir suru yolcu ile sonuçlanıyor, ve hava yolları şirketi eski prestijini kaybetmiştir. Ayni bantta fiyat talep ederek, hizmetini kötülestiren bu hava yolları şirketini, zorunda kalmadıkça artık tercih etmeyeceğim. Maalesef 5 yildir yilda en az 5 kez uçuş sagladigim hava yolları sirketi özelliğini yitirmiştir.",Olumsuz
632,AJet,Pinar Z,1,2,Uçuş değil apronda seyahat!!!,Antalya - Istanbul,İç Hat,Mayıs 2025,11 Mayıs 2025,"Uçağın inişi sonrasi taksi yapması 14 dakika, yolcunun uçaktan terminale gidene kadar aprondaki otobüs seyahati 25 dakika ile uçuş süresi ile yarışan apron seyahati yaptıran firma. Diğer detaylarda da THY ile karşılaştırınca kötü. Ucuz algısı çok yanlış. Thy ile aynı fiyat ama hizmet kötü, yolculuk zaman kaybı korkunç üstelik THY ikram vs var aynı fiyata. Bu durumda ajet hem kötü hem pahalı. Sabiha Gökçen havalimanı da aynen asla kullanmamak gereken havalimanı olarak ajet ile beraber kara listemde artık.",Olumsuz
633,AJet,Fevzi Ç,1,5,Çok teşekkürler,Istanbul - Rome,Dış Hat,Nisan 2025,29 Nisan 2025,"07 Nisan 2025 tarihinde VF73 SAW- FCO uçuşumuzda uçak içerisinde hizmet veren personelleriniz ; Cevdet Yunus Cevdetoğlu Sinem Günüç Ömer Faruk Yalçın Gülsevin Yıldız Çiğdem’e Göstermiş oldukları konuk severlik, güleryüz ve hizmetleri sebebi ile yukarıda adı geçen personelizine çok teşekkür ediyor ve Ajet olarak bu kalitede personele sahip olmanızın bir türk vatandaşı olarak beni çok gururlandırdığını da ayrıca belirtmek istiyorum. İyi ki varsınız .",Olumlu
634,AJet,Birol Ö,1,1,Çalişanlar ilgisiz ve küstahlar,Vienna - Ordu,Dış Hat,Şubat 2025,5 Nisan 2025,"Baş dönmesi yüzünden ucuşumu iptal ederek maĝdur ettiler durumumun iyi olduĝunu bildikleri halde uçmama izin verilmedi çalişanlar ukalaĝaca davrandilar tansiyonumu dahi ölçmeye yeltenmediler sadece biletimi ertekeyip benden uçuşa uygun olduĝuma dair doktor raporu istediler ertelemeyi ücretli yaptilar maddi manevi maĝdur edildik berbat bir şirket her anlamda kimseye tavsiye etmiyorum.",Olumsuz
635,AJet,Zeynep E,1,1,SAYGISIZ ÇALIŞANLARLA DOLU BİR FİRMA ASLA NE BİLET ALIN NE DE BİLET ALDIRIN. ÇÖZÜM ÜRETMEK KONUSUNDA ASLA BİR ÇABA YOK,Ankara - Trabzon,İç Hat,Nisan 2025,3 Nisan 2025,"Ben ömrüm boyunca bu kadar kestirip atan,çözüm odaklı olmayan personellere sahip bir firma daha görmedim. Yorumları kulak ardı etmemek gerekiyormuş. 2 kez bilet kestim bayram tatilimde, havalimanına da geç kalmadım 2sinde de kapıdan çevrildim. Uçağa binemedim. Çözüm önerin dediğimde beni oyalayıp saati geçirdiler ve ben 2 biletimde de yeniden bilet kestirmek zorunda kaldım. Bu dolandırıcılık bildiğiniz. Asla tavsiye etmiyorum etmeyeceğim de. Bu gece son kez a jet kullanacağım. Ve tekrarı asla olmayacak. Çalışanların çoğu saygısız. Ses yükseltme desen var, çözüm ortada zaten yok, konuşurken yüzünüze bakmak hiç yok, adam yerine koymuyorlar. Bu neyin havası onu da anlamadım. BİZ OLMAZSAK SİZ HİÇ OLMAZDINIZ, BİZLERE HİZMET VERDİĞİNİZİ VE NE OLURSA OLSUN YOLCULARA SAYGILI OLMAK ZORUNDA OLDUĞUNUZU HATIRLATMAK İSTERİM.",Olumsuz
636,AJet,Yekta K,1,1,Yaşadıklarımı asla unutmayacağım bebeğimle rezil oldum kış günü,Ankara - Antalya,İç Hat,Nisan 2025,1 Nisan 2025,"Bayram ziyareti için Ankara’ya gelmiştik eşim ve 3 aylık bebeğimle havaalanına giderken kimliğimi kaybettiğimi fark ettim polisten yazılı kağıt almama rağmen ajet uçuş sorumlusu ne yaptıysam beni geri gönderdi bebeğimle beraber oradan oraya koşturdum hiçbir şekilde bir daha asla bu firmayı kullanmam",Olumsuz
637,AJet,Swedish D,1,1,Kesinlikle tercih etmeyin!,Istanbul - Copenhagen,Dış Hat,Şubat 2025,4 Mart 2025,"Senede 3-4 kez Avrupa’dan ailemi ziyaret etmek için Türkiye’ye gidip geliyorum. Normalde başka firmalarla seyahat ederdim ve AJet ile ilk kez seyahat ettim ancak bir daha bana servet bağışlasalar bile bu firmayla seyahat etmeyeceğim. Asla! ASLA! Bu firmadan daha berbat başka bir firma var mıdır bilemiyorum! Hayatımda ilk kez Gate’i geçerken el bagajlarını tartan bir firma gördüm! Gramaj fazlasında “ya eşyalarınızı çöpe atın ya da valizinizi yanınıza alamazsınız ama almak istiyorsanız da 50 Euro ödemek zorundasınız” gibi küstah bir ifadede bulunabilecek kadar berbat bir firma! Uçağa binişinize dakikalar kaldığı için mecburen lanet okuyarak ödüyorsunuz parayı ve valizinizi alıyorsunuz fakat bu negatif deneyimden sonra başkalarını da bu konuda uyarmak istiyorsunuz! Başka firmalarla kıyasladığımda bileti yaklaşık 10 Euro daha ucuza aldım diye sevindim ama finalde 50 Euro kaybettim. İlk ve son yolculuğum oldu bu firmayla, size de asla tavsiye etmem!",Olumsuz
638,AJet,Ömer G,2,1,Valizim kırık çıktı,Ankara - Malatya,İç Hat,Ocak 2025,13 Şubat 2025,"Berbat valizim kırık çıktı eşyalara önem verilmiyor tavsiye etmem valizimi teslim ederken olan ufak hasirini belirttim valizimde ezilme olmamasına rağmen ezilme yazmış",Olumsuz
639,AJet,esat ö,5,1,A jet pişmanlıktır kullanmayın kullandırtmayın,Ankara - Samsun,İç Hat,Ocak 2025,30 Ocak 2025,"Ajet pişmanlık ve rezalettir ,2 gün üst üste aktarma uçuşumu iptal ettiler ne olduğunu da açıklamıyorlar , berbat ötesi bir otele yolladılar , a jet misafirlerine kötü davranıyorlar kahvaltı açık büfe hiç birşey yok , pişmeyen yemek getiriyorlar aşçı insanlara dayılanıyor ne var yemekte değiştirdik zaten ne istiyorsunuz a jet ne verirse onu yiyeceksiniz diyor olaya bak senin ben mutfakta ……",Olumsuz
640,AJet,yunus k,1,5,En iyisi ve en ucuzu!,London - Gaziantep,Dış Hat,Ocak 2025,28 Ocak 2025,"Uzun zamandır sık sık uçak yolculuğa çıkan birisiyim. Diğer firmalar işi sadece paraya döktü herşeye para isteyip karşılığında tam olarak boş hizmet veren bir firma. Diğer Uçak firmaları çok eski koltuklarda hiç bir özellik rahatlık yok ve çok dar. Ama Anadolu jet telefon tutucusu şarj girişi özel masalar konforlu koltuklar ve büyük alanlar veriyor. Hemde diğer firmalardan daha ucuz fiyata. Her şeye para da almıyorlar. Anadolu jet lütfen bu çizgini bozma herkese tavsiye ederim 10 kereden fazla kullanmışımdır. Hepsinde çok memnun kaldım!",Olumlu
641,AJet,Gurbet K,1,1,Anadolu Jet’in Operasyonel Hataları ve Yolcu Haklarının İhalili,Ankara - Diyarbakir,İç Hat,Ocak 2025,25 Ocak 2025,"Sayın Anadolu Jet Yetkilileri, 7.55’te kalkacak olan Ankara-Diyarbakır uçağına ait boarding saatinin 7.25 olduğunu bilerek hareket ettim ve 7.10’da check-in işlemlerimi tamamlamış olmama rağmen bagajım alınmadı. Bu durumun tamamen şirketinizin operasyonel hatasından kaynaklanmaktadır. Bunun üzerine, uçağın dolduğu belirtilerek herhangi bir alternatif çözüm sunulmadı. Biletimin başka birine satıldığı izlenimini edindim, bu da mağduriyetimi daha da artırdı. Benimle birlikte yaklaşık 10 kişi daha aynı şekilde mağdur edildi. Ayrıca, durumu çözmek yerine personelinizin bazı mağdur yolculara hakaret ettiği ve “beyinsiz” gibi onur kırıcı ifadeler kullandığına şahit oldum. Bu tür davranışlar, müşteri memnuniyetine önem vermeyen ve profesyonellikten uzak bir yaklaşımı göstermektedir. Yaşanan bu olay, Anadolu Jet’in ciddi bir kurumsal eksikliği olduğunu açıkça ortaya koymaktadır. Hem yaşadığım bu mağduriyetin giderilmesini hem de personelin bu davranışlarıyla ilgili gerekli yaptırımların uygulanmasını talep ediyorum. Bu sorunların tekrarlanmaması adına tarafınızdan alınacak önlemler hakkında bilgilendirme yapılmasını ve konuya dair ivedi bir çözüm bekliyorum. Aksi takdirde, hukuki yollara başvurmak zorunda kalacağımı bildiririm. Saygılarımla, Gurbet Kılıç",Olumsuz
642,AJet,Melike E,1,1,"aynı eğitimi almamış müşteri temsilcileri, müşteri memnuniyeti asla umurlarında değil",Basel - Istanbul,Dış Hat,Ağustos 2024,16 Ocak 2025,"Müşteri Hizmetleri ve Belirsizlikler Nedeniyle Büyük Hayal Kırıklığı 16.08.2024 tarihinde aldığım bir biletle ilgili yaşadığım süreç tam bir fiyasko! Konuyla ilgili müşteri hizmetleriyle defalarca görüştüm ve her seferinde farklı bilgiler verildi: 1. 08.08.2024 tarihinde (Almanya saati 19:00 civarı) bir müşteri temsilcisiyle görüştüm. Bana sadece iki bilet arasındaki farkı ödemem gerektiği söylendi. 2. 13.08.2024 tarihinde (Almanya saati 09:00 civarı) Özlem Hanım, kesin bir şekilde herhangi bir ek ücret ödemem gerekmeyeceğini söyledi. 3. 08.01.2025 tarihinde (Almanya saati 13:00 civarı) Alman temsilci Frau Ekin de yalnızca bilet farkını ödeyeceğimi ve başka bir ücret alınmayacağını ifade etti. Ancak sonuç olarak hiçbir çözüm sunulmadı aksine ısrarla ödemem gerektiğini belirttiler ve süreç hâlâ belirsizliklerle dolu. Müşteri temsilcileri arasında bu kadar büyük bir tutarsızlık olması kabul edilemez. aşırı kötü bir deneyimdi!",Olumsuz
643,AJet,Mehmet K,2,1,Otobusle Gidin Daha iyi,Gaziantep - Ankara,İç Hat,Aralık 2024,28 Aralık 2024,"Gaziantepden ucak alti bagaji verirken M. Turhan denen gorevli kabin bagajini da alabilecegini soyledi fakat sonra almadi. Valizde yasakli esyayi soracagina kaba bir sekilde icindeki esyalari sordu. Bebek bagaji ile birlestirdigimiz bagaji not alip ucaga aldirtmadi. Ucaga giriste kabin valizi icin ucak biletine odedigimin 3 kati parayı, kredi karti bilgilerimi alarak aldilar. Tek kelimeyle rezalet bir deneyim. Yuruyerek gidin daha iyi.",Olumsuz
644,AJet,Ens G,1,1,Iskence gibi deneyimler sunan havayolu sirketi,Riyadh - Istanbul,Dış Hat,Aralık 2024,5 Aralık 2024,"Hayatımda yaşadığım en kötü uçak deneyimini yaşadım. Ne Ryanair ne Easyjet ne de Pegasus Ajet (Anadolu Jet) kalitesizliğiyle karsilastirilabilir. Riyad da uçak da arıza var deyip herkesi 12 saat havaalanında beklettikten sonra insanları kendilerinin bilet alması konusunda görevliler tarafından zorlandıktan sonra bir sonraki gün için uçak ayarlandı. Geri kalan 12 saatlik bir süre için otele alindik. Yemek ücretleirnin ödeneceği söylenmesine rağmen yemek ücretlerinin bizim tarafımızdan karşılanması beklendi.",Olumsuz
645,AJet,Explore63433728502,1,1,Kötü,Trabzon - Antalya,İç Hat,Kasım 2024,26 Kasım 2024,"Trabzonda 40-50 dk rötar antalya aktarmalı ankaraya geldik burdada rötar ben uçağa geç kaldığımda herhangibir geri ödeme vs alamıyorum uçak rötar yapınca neden kimse hiçbir konuda yardımcı olmuyor herhangibir ikram herhangibir bilgi yok havaalanındaki uçak takip ekranlarına gecikme yazılıyor olay çözülüyor basit bir şekilde.uçak geç gelebilir sorun olabilir ama insanlara bunları aktarma biçimi kesinlikle yanlış ilerliyor",Olumsuz
646,AJet,Barış Y,2,1,Otobüs firmalarının nezaketi aranır oldu..,Istanbul - Malatya,İç Hat,Ekim 2024,27 Ekim 2024,"Ajet yerli bir firmamı? *1. Türk kültüründe su ikram edilir 2. Türk firmada anonslar ilk önce Türkçe yapılır sonra diğer dillere geçilir! 3. Gecikme olursa bir uçuş da nezaketen de olsa bir çay yada kahve ikram edilir,yolcuya işine gelmiyorsa binme bakışı atılmaz ! Son 3 uçuşda yaşadıklarım ve gördükülerimle Sınıfta kaldın ajet...",Olumsuz
647,AJet,YeicGeztoz✔,34749,1,RötarJet,Ankara - Antalya,İç Hat,Eylül 2024,19 Ekim 2024,"Neredeyse tüm uçuşlarını gecikmeli olarak gerçekleştiren hava yolu. Adını A jet yerine RötarJet koysalarmış daha yerinde olurmuş. Çok mecbur kalmadıkça tercih etmeyeceğim bir hava yolu firması haline gelmiş.",Olumsuz
648,AJet,Kerem E,1,1,Çalışan personeli bırakın yardım etmeyi düşmanca davranıyorlar😡,Istanbul - Düsseldorf,Dış Hat,Ekim 2024,9 Ekim 2024,"Düşmanca davranan çalışanları var kesinlikle tavsiye etmiyorum bırakın size yardım etmeyi yüzünüze bile bakmıyorlar berbat",Olumsuz
649,AJet,Necati D,1,1,Beş kuruş etmez,Istanbul - Hamburg,Dış Hat,Ekim 2024,8 Ekim 2024,"Bu firmadan bilet almayın tek kelimeyle pişman olursunuz bavul yüzünden uçağı kaçırdım eşyalarımı çöpe attım 5 kiloya kadar düşürdüm bu rwzil firma yüzünden para tuzagı bu firma binmeyin",Olumsuz
650,AJet,Burcu F,2,1,Sıfır planlama,Zurich - Istanbul,Dış Hat,Ekim 2024,4 Ekim 2024,"Zürih’ten dubai ye İstanbul aktarmalı bilet aldım. İlk önce 4 saat rötar var dediler. 4 saat sonra uçağa alıp 2 saat beklettiler. Ne bilgi veren var. Dubai uçuşumu kaçırdım. Organızasyon planlama hersey sıfır. Kesinlikle tavsiye etmiyorum. Bir daha asla Ajet ile uçmam. Aklınız varsa 3-5 fazla verin bu stresi yaşamayın. Rezillik.",Olumsuz
651,AJet,Gulsah O,1,1,Mağduriyet ve yanlış bilgilendirme,Milan - Izmir,Dış Hat,Eylül 2024,19 Eylül 2024,"Milano İstanbul İstanbul İzmir aktarmalı uçuşumun saatlerinde yaptıkları değişikler yüzünden biletimi ajet müşteri hizmetlerinin onayıyla iptal etmek istedim. Çünkü aktarma yapacağım uçak ilk bineceğim uçaktan daha erken bir saatte kalkacaktı ve benim o uçuşa binmem imkansızdı. Ücret iadesi yapılacağı söylendi. Uçuşuna bagaj hakkımı ve evcil hayvanı mı da ekletmiştim ve ücretlerini ödemiştim. Defalarca müşteri hizmetlerini aradıktan sonra geri bildirim formu doldurdum ve bana mağduriyetimin giderilemeyeceği söylendi",Olumsuz
652,AJet,Tanju G,1,1,"Schlechter Erfahrung, ich werde nicht empfehlen.",Zurich - Gaziantep,Dış Hat,Eylül 2024,17 Eylül 2024,"Hiç bir şekilde tavsiye etmiyorum. Zürich İstanbul Gaziantep aktarmalı uçuşta Zürich te üç sefer uçuş saatlerinde 3.5 saat erteleme oldu. İstanbul'a gittiğimizde Gaziantep uçağını kaçırmış olduk, ayrıyeten otel rezervasyonu muz da 70 € boşa gitti. Uçak bulamadığımız için Havalanında geceledik, sorunlar ertesi gün devam etti, anlatmama gerek yok. Kimseye tavsiye etmiyorum.",Olumsuz
653,AJet,Muhammet K,1,1,2 saat lik uçuşu 16 saat le tamamlıyorum,Nicosia - Samsun,Dış Hat,Eylül 2024,12 Eylül 2024,"Anadolu jet e binmek zorunda olsanız bile binmeyim 14 saat tir uçak bekliyorum her seferinde uçağı erteliyorlar ve bunu son ana kadar da bilgi vermiyorlar",Olumsuz
654,AJet,Yusuf K,2,1,Beklemekten ruhumu teslim ettim.,Istanbul - Bodrum District,İç Hat,Eylül 2024,9 Eylül 2024,"Hayatımda yaptığım en kötü uçuşum. Bir daha asla sizinle uçmayacagım. Çevremdeki herkese sizin nekadar kötü bir şirket olduğunuzu anlatacağım.",Olumsuz
655,AJet,Kultur K,1,1,Bilet sorunu,Ankara - Düsseldorf,Dış Hat,Eylül 2024,5 Eylül 2024,"Bilet aldim Bir gün sonra bu bileti baska tarihe ertelemek zorunda kaldim Fakat yapmadilar biletim yandi Anadolujet disinda bütün firmalar Yardimci oluyor ilk defa anadolujet Aldim pisman oldum",Olumsuz
656,AJet,Fevzi A,1,1,Anadolu jet çok olumsuz,Istanbul - Al Qamishli,Dış Hat,Eylül 2024,4 Eylül 2024,"2 saat gwçikti ve hala bekliyoruz bu kadar olmaması lazımdı berbat bir uçuş oldu herkes pişman keşke 100 tl fazla verip başka yerden alsaydım",Olumsuz
657,AJet,Muradiye G,1,1,Retard retard retard !!!,Istanbul - Mulhouse,Dış Hat,Eylül 2024,1 Eylül 2024,"Sabah 8de uçuşun iptal olup akşam 6 uçağı na aktarıldığı bilgisi son anda bildiriyoralar. Uçağın neden iptal olduğunun hiç bir bilgisi verilmiyor anca 'böyle aksaklıklar oluyor” deyip işin içinden çıkıyorlar!!! Ben hiç bir hava şirketi ile böyle bir rezalet yaşamadım! Ajet ilk ve son denemem!! THY na ait bu şirket bence bilerek böyle yapıyor ki THY dan daha pahalıya bilet alınsın. Mümkün oldukça bu şirketten uzak durun !!!",Olumsuz
658,AJet,Enes Emre Y,1,1,Berbat,Kayseri - Istanbul,İç Hat,Ağustos 2024,30 Ağustos 2024,"Valiz için 2 saat beklettiler yuklememisler sonraki ucusla gelecekmis boyle sorumsuz aptal bir firima olamaz 1 saatin sonunda gelip açıklama yapıyorlar bir de yüzsüz yüzsüz",Olumsuz
659,AJet,ömür g,2,1,19:35 olan uçak 21:05 ertelenmesi,Dalaman - Istanbul,İç Hat,Ağustos 2024,9 Ağustos 2024,"Gideceğim yere gece varmak istesem ona göre bilet alırdım günümü de bölmezdim dalaman da bilerek roter veriyorlar net bişinçli yapıyor bu durum",Olumsuz
660,AJet,zeynep s,1,1,Rezillik!,Berlin - Gaziantep,Dış Hat,Haziran 2024,26 Temmuz 2024,"Berlinde AJet uçağı 2 saat gecikme yapınca Ankara aktarmalı Gaziantep uçağığımızı kaçırdık. Valizlerimizi ayreten 1 saat beklemek zorunda kaldık. Valizleri aldıktan sonra AJet bürosuna yöneldik çünkü kimse bizimle ilgilenmedi. Bürodaki çalışan diğer uçuş 7 saat sonra olduğunu soyledi ve bize o bileti ayarladı. 7 saat uzun bi süre olduğu için bizi hotele götürmelerini istedik, bunu kural gereği kabul etmediler. Çalışan aradaki zaman farkı çok az dedi ve bize sadece 2 kişilik yemek kuponu verdiler. 7 saat boyunca havaalanında rezil olduk. AJet ile bu ilk ve son uçuşumuzdu ve kesinlikle kimseye tavsiye etmiyoruz!",Olumsuz
661,AJet,Murat Y,1,3,ortalama,Ankara - Antalya,İç Hat,Temmuz 2024,17 Temmuz 2024,"bir daha tercih etmem ilk ve son oldu ankara- antalya arası yolculuk yaptım sözde yiyecek servisi olacaktı. Host Kadir Bey ne sağına ne soluna baktı arkasından 2 defa seslendim sadece baktı geri gitti. daha sonra görünce sandiviç istedim servis kapandı dedi gitti",Olumsuz
662,AJet,Barış A,2,1,Şikayet,Canakkale - Ankara,İç Hat,Temmuz 2024,8 Temmuz 2024,"Havalimanına 40 dakika önceden gitmeme rağmen geç kaldınız beyefendi deyip azarlar gibi çantamı alıp cihazdan geçirip uçağa gittim ikinci arama yerine giderken daha 10-15 insanın daha uçağa binmediğini gördüm neyse bir şekil bindik Ankara'da kalacağımız zaman bir saat 15 dakika geç kalktı kalktıktan sonra yan tarafında oturan bir hanımefendi vardı yanında çocuk vardı hanımefendi çocuk altını kirletir değişebilir miyim demetine rağmen 3-4 defa ertelediler ta ki gidip Adana'ya varana kadar yani halil'in çocuk altını kirletebilir ve kokuyordu ve huysuzlanıp ağladı kaç defa benim de söylememe rağmen yardımcı olmadılar bitmedi tabii Adana havalimanı inerken Ömer adında bir adamı arıyorlardı uçakta inmeyi bekliyorken hosteslerden bir tanesi bana kiliğinizi görebilir miyim dedi ben de kimliğimi verdim arının kişinin ben olmadım gördüler sonra millet tepki gösterince herkes indir diler bu kadar da olmaz 😡",Olumsuz
663,AJet,Erşan T,1,1,Kötü bir deneyim,Basel - Istanbul,Dış Hat,Temmuz 2024,6 Temmuz 2024,"İlk defa yanılarak bilet aldım gece gelen ucus iptali mesajı ile bütün izin planlarım alt üst oldu tekrar Pegasus’tan bilet aldım bir daha asla ajet mis",Olumsuz
664,AJet,Busra E,1,1,Berbat,Istanbul - Trabzon,İç Hat,Temmuz 2024,5 Temmuz 2024,"Böyle bir rezillik olamaz. 12.10 uçağımıza 2F koltuğu belli bir ücret verip aldım. Sabah uçağın 1,5 saat rötar yapacağı bilgisi geldi. Ve koltuk numaramı kafalarına göre 28B yapmışlar! Bankoya geldiğimde uçağın full olduğunu ve koltuk numaramı değiştiremeyeceklerini söylediler! 2F ye ödediğim ücret iadesini de internet sitelerinden geri bildirim yaparak alabilecekmişim tüm bunların sorumlusu ben misin gibi! Ahet pişmanlıktır. Anadolu jetken asla böyle problemler yasamiyorduk. Ne oldu bu firmaya bilmiyorum çok kotu tamamen müşteriyi mağdur eden bur sistemleri var maalesef!",Olumsuz
665,AJet,advocat,1,5,Ajet Seyahat Deneyimi,Istanbul - Antalya,İç Hat,Haziran 2024,4 Temmuz 2024,"Ajet, kullanıcı dostu arayüzü ve hızlı rezervasyon, check-in seçenekleriyle seyahatimi kolaylaştırdı. Uçuş saatlerindeki değişiklikler ve kapı bilgileri anında bildirim olarak telefonuma geldi. İkramları ve kabin ekibinin güler yüzlü hizmeti ve yardımseverliği çok güzeldi.",Olumlu
666,AJet,erkan d,1,1,Bir şirket nasıl bitirilir,Ankara - Izmir,İç Hat,Temmuz 2024,30 Haziran 2024,"Bir havayolu şirketi nasıl yok edilir sorusunun cevabı. Her ay 8 ve üzeri uçuş yapan biriyim. Anadolu jet iken hiç sıkıntı yaşamıyordum. Son 3 aydır yaşamadığım rezalet kalmadı. Artık pegasusun aynı yöne uçuşu varsa mutlaka onu tercih ediyorum. Mecbur kalmasa kimsenin bu şirketle yani ajet ile uçacağını da sanmıyorum. REZALETT!!!",Olumsuz
667,AJet,Saba P,1,1,berbat,Dalaman - Istanbul,İç Hat,Haziran 2024,30 Haziran 2024,"rezaletti tam anlamıyla rezalet 5 saat gecikme olur mu yaa kimse de bi şey söylemiyor yetkili ler bişey anlatmıyor her yarım saatden bi 40 dk erteliyorlardı kimseye tavsiye etmiyorum gerçekten gidişde dönüşdede ikisindede gecikme vardı rezildi yani",Olumsuz
668,AJet,Alişan G,1,2,Düzgün bir hizmet yok ve tam saatinde değilde sürekli ertelenerek uçak kalkıyor,Ordu - Ankara,İç Hat,Haziran 2024,28 Haziran 2024,"İnanın mecburiyetten biniyorum. Başka seçenek olsaydı ajeti tercih etmezdim. Sadece bukadar söylüyorum, gerisini siz anlayın.",Olumsuz
669,AJet,YeicGeztoz,34749,3,AJet,Malatya - Istanbul,İç Hat,Mayıs 2024,28 Haziran 2024,"AJet olduktan sonra bütün ikramlar kaldırılmış. Ücretini ödeyerek yiyecek ve içecek alabiliyorsunuz. Fiyatlar da oldukça yüksek. Yolculuğumuz rahat geçti ancak piste iniş çok sert bir şekilde ve sarsıntılı olarak gerçekleşti.",Olumsuz
670,AJet,Taha B,1,1,Rezalet,Ankara - Nicosia,Dış Hat,Haziran 2024,24 Haziran 2024,"Ocak ayında Haziran 26 gidiş ve 30 haziran dönüş olacak şekilde Ankara-Kıbrıs ve Kıbrıs-Ankara arası 1. sıradaki koltukları da satın alarak bilet aldım. Check-in zamanı geldiğinde satın aldığım koltukları iptal etmiş sistem ve bana tekrar ücret karşılığında daha gerilerden koltuk sattılar. Bu AJET ile yaşadığımız kaçıncı problem bilmiyorum. Asla ve asla mümkün olduğunca AJET ile seyahat etmeyin. Çok çeşitli havayolu ile firmaları ile seyahat ettim ancak AJET açık ara en kötüsü.",Olumsuz
671,AJet,nesrin a,1,1,Ajet mağduriyeti,Istanbul - Erzurum,İç Hat,Haziran 2024,17 Haziran 2024,"Bugün yaşadığım Ajet mağduriyeti; Sabah 7.10'da uçağım vardı, saat 5.35'te havaalanına geldim ve bagaj ve bilet işlemlerimi hallettim. Sonrasında beklemeye başladım. Bana bir mail geldi. Okuduğumda uçağın 50 dakika rötar yaptığı yazıyordu. Ben de o saate göre hareket ettim. Biletimi gösterdiğimde biletimin geçersiz olduğu ve yenilemem gerektiği söylendi. Havaalanındaki Ajet satış noktasına gittim, durumu izah ettim. Neredeyse beni suçlu çıkaracak bir üslup takındılar ve rahatça yanlış mail atılmış diyerek müşteri hizmetlerini aramam gerektiğini söylediler. Müşteri hizmetlerini aradım, onlar ise bir şey yapamayacaklarını ve bildirim kaydı oluşturmam gerektiğini söylediler. Hiçbir şekilde mağduriyetim giderilmedi. Firma olarak yanlış mail atılıyor ve müşteri mağduriyeti yaşatıyorlar. Olması gereken bilet iadesi işlemiydi ki hem zamanımı aldılar hem paramı. Bayramda insanlara bu eziyeti çektirmeyi reva görüyorlar. Ajet firması, kendi yanlışlarının cezasını insanlara çektiriyorlar. Bir firmaya yakışmayacak mağduriyet yaşattı bilet alırken bir daha düşünmenizi tavsiye ederim.",Olumsuz
672,AJet,senay ö,2,5,Teşekkür ederim Ajet,Bodrum District - Istanbul,İç Hat,Haziran 2024,14 Haziran 2024,"Bodrum havalimanında bize yardımcı olan Gülser Kocabaş adlı personel arkadaşa özellikle buradan çok teşekkür ederim. Babam engelli ve yaşlı. Bize taksiden indiğimiz andan itibaren çok yardımcı oldu. Özellikle güler yüzlü ve bizi her konuda bilinçlendirdi. Sabiha Gökçen de indiğimizde vinçle indirip tekerlekli sandalyeyle taksiye kadar yine bizimle ilgilendiler. Teşekkürler Ajet, sorunsuz ve keyifli bir yolculuk oldu.",Olumlu
673,AJet,Mehmet Can U,5,1,Berbat bir havayolu,Antalya - Istanbul,İç Hat,Haziran 2024,13 Haziran 2024,"Sayenizde nişanlımın mezuniyet törenine geç kaldım. Saat 6.25 deki uçağım havalimanına gittiğimde 7.40 da ertelendiği söylendi. Telefonu 7.25 olarak mesaj geldi!!! 7.40 da uçağa almaya başladılar saat şu an 8.20 ve hala uçak kalkmadı. Saat 10.00 daki mezuniyete yetişmem mümkün değil. Boşuna hakkınızı aramaya çalışmayın ilgilenmiyorlar, çok ilgisizler",Olumsuz
674,AJet,Elodie K,2,1,Çok kötü bir deneyim AJET Havayollari,Paris - Istanbul,Dış Hat,Mayıs 2024,10 Haziran 2024,"Gelecekteki gezginleri uyarmak için felaket deneyimimi AJET şirketiyle paylaşmak istiyorum. 31 Mayıs 2024 Cuma günü Paris CDG'den İstanbul SAW'a AJET VF10 uçağım vardı. Başlangıçta 17.25 olarak planlanan uçuş 17.45'te kalktı. Yerel saatle 21.55'te İstanbul SAW'a inecektik ama 22.15'te hâlâ havada uçuyorduk. Pilot hiçbir açıklama ve ihbarda bulunmadan şehrin diğer ucundaki İstanbul Büyük Havalimanı'na ineceğimizi duyurdu, sadece trafik olduğunu söyledi ve mola veren yolculara göre bize hiçbir bilgi verilmedi. İstanbul Büyük Havalimanı'na geldiğimizde AJET firması tarafından tamamen terk edilmiştik. Bize yardım edecek hiçbir personel yoktu ve bir havaalanı çalışanından yardım istedikten sonra bize yardımcı olacak hiçbir AJET hizmetinin bulunmadığı söylendi. İstanbul SAW'a ulaşmak için masrafları bana ait olmak üzere taksiye binmek zorunda kaldım. AJET gişesindeki müşteri hizmetleri bana hiç dostane davranmadı, sıkıntımı gördüler ama hiçbiri empati yapmadı. Babam için taşıdığım hayati ilaçlarla ilgili açıklamalarıma rağmen personel hiçbir empati göstermedi veya yardım etme isteği göstermedi. Sonunda bana sonsuz duraklamalar içeren bir yedek bilet verildi. Konaklama veya yardım olmadan geçen bir gecenin ardından 01/06/2024 tarihinde, yedek uçuşlarımda gecikmeler ve art arda iptaller olduğunu bildiren bir e-posta aldım. Babam ciddiye alınması gereken çok hassas bir madde olan PEGASYS enjeksiyonlarını kullandığı için ilacını zamanında alamadı ve hastaneye yatırılmak zorunda kaldı! AJET şirketi tam bir beceriksizlik ve yolcularına karşı kabul edilemez bir saygısızlık sergiledi. Bu durumu ele almamaları ve yeterli çözüm sunmamaları hem benim hem de babamın büyük acılar yaşamasına neden oldu. AJET'e güvenmeyin, pişman olursunuz.",Olumsuz
675,AJet,Ruken A,2,1,Rötarlı uçuşa güle oynaya geç gelen Ajet yer hizmetleri,Diyarbakir - Ankara,İç Hat,Haziran 2024,8 Haziran 2024,"Sürekli rötarlı uçuşlar yapıyorum. Muhattap alıcak kimse yok ortalarda, rötar bilgisi ne sms ile ne mail ile verilmiyor. 30 dakika rötarlı uçuş dediler kalkış saatini 17.20 den 17.50 ye çektiler saat 17.45 henüz uçağa alım başlamadı. Rezalet bir firma sorumsuzlukları ve pişkinlikleri çok sinir bozucu.",Olumsuz
676,AJet,Erdoğan G,1,1,Berbat,Antalya - Ankara,İç Hat,Mayıs 2024,16 Mayıs 2024,"Uçuşum yaklaşık 1 saat rötar yemesi üzerine uçağa bindikten sonra koltuğumun ıslak ve pis, ayrıca yerlerde poşet çöplerinin hâlâ duruyor olması sanırım kalitenin ne denli olduğunun göstergesi. Tek kelime ile berbat.",Olumsuz
677,AJet,windsor s,1,1,BERBATT VE TECRÜBESİZ,Istanbul - Konya,İç Hat,Mayıs 2024,16 Mayıs 2024,"Uçuşa 2 saat kala iptal mesajı geldi, tam hava limanına vardığımda yetkili ve tecrübeli hiç kimse yoktu. Sefer iptalin sebebi açıklanmadı, ucuz diye alıp mağdur olmayın yoksa daha pahalıya patlar size gideceğiniz yer. TEK KELİME İLE BERBATTLAR.",Olumsuz
678,AJet,Senol T,2,1,Bagaj katıo,Düsseldorf - Istanbul,Dış Hat,Şubat 2024,25 Nisan 2024,"Çok kötü bir havayolu... Bavularımız kayıp oldu, anlardan beri bir haber yok. Aradığımızda devamlı başka sayfalara yönlendiriyorlar, biz aramaktan üşendik artık. Uçak değil belediye otobüsü gibi dört uçak değiştirdik, dördünün de koltukları bozuktu.",Olumsuz
679,AJet,Camper27752362629,1,1,Rötar,Trabzon - Istanbul,İç Hat,Nisan 2024,15 Nisan 2024,"RZV-SAW uçuşları her zaman rötar yapıyor. Hiç memnun değiliz ancak alternatifi olmadığı için tercih ettik. Bir açıklama dahi yapmıyorlar.",Olumsuz
680,AJet,kadir a,2,3,Umarım sorunları düzeltirsiniz,Amsterdam - Gaziantep,Dış Hat,Mart 2024,27 Mart 2024,"Uçağın kalkış saatlerine uymaması ve çalışanların güler yüzlü olmaması. Kalkış saatine varış saatlerine göre plan yaparken sayenizde alt üst oldu. Het niet naleven van de vertrektijden van de vliegtuigen en het gebrek aan vriendelijkheid van de medewerkers.",Olumsuz
681,AJet,Serdar U,1,1,Bir daha aslaaaa...,Kayseri - Stuttgart,Dış Hat,Şubat 2024,1 Mart 2024,"Tam bir fiyasko. Organize sıfır maalesef. Yer hizmetleri tam bir Kabadayılık. Bir daha asla. Yakışmıyor THY Di altında. İkinci sınıf Muhabbet.",Olumsuz
682,AJet,Sabri Serkan S,1,2,Her geçen gün düşen kalite,Diyarbakir - Ankara,İç Hat,Ocak 2024,29 Ocak 2024,"Kalite her geçen gün düşüyor. Hostesler zorla çalışıyormuş gibi davranıyorlar. Eskiden beğenmediğimiz Pegasus kat kat daha iyi.",Olumsuz
683,AJet,Tim M,1,1,Nie wieder,Stuttgart - Istanbul,Dış Hat,Ocak 2024,8 Ocak 2024,"Gerçek anlamda rezillik yaşadık. 1. Uçak 3 saat gecikmeli kalktı. 2. Uçak içindeki personel çok saygısız davrandı. 3. Saat 13.00 uçağı ile 17.05 uçağı birleştirip tek uçuş yaptılar. Ne uçakta ne de gate’de beklerken birisi medeni bir açıklama yapmıyor. Asla bir daha uçmam ve kimseye tavsiye etmiyorum.",Olumsuz
684,AJet,ilker b,1,1,Berbat,Istanbul - Izmir,İç Hat,Kasım 2023,24 Aralık 2023,"Çok rezil bir şirket. Sebepsiz yere 1.45 dk rötar, hiçbir açıklama yok, müşteri memnuniyeti adına hiçbir şey yapılmıyor.",Olumsuz
685,AJet,Mehmet Tunahan A,1,1,Tavsiye etmiyorum,Bonn - Istanbul,Dış Hat,Ekim 2023,9 Aralık 2023,"Köln - Sabiha uçuş deneyimi sizler ile paylaşmak istiyorum. Kesinlikle tavsiye etmiyorum. Tutmuşlar Smartlynx adı altında bir firma ile anlaşmışlar, koltukları o kadar dar ki cinnet geçirmeye ramak kaldıydı. O kadar sertti ki dışarıda kahvehanelerdeki tahta sandalyeden farkı yoktu. Gidin Pegasus Havayolları ile uçun, geniş ve konforlu seyahat yapın. Anadolu Jet ekibi yönetimi acilen vazgeçin bu berbat firmadan, tavsiye etmiyorum, bir daha da binmem.",Olumsuz
686,AJet,Eyüp Y,1,2,Berbat,Antalya - Ankara,İç Hat,Kasım 2023,24 Kasım 2023,"Sürekli rötar yapıyor, her zaman böyle. Memnun değilim, kimseye tavsiye etmem. Bunu bir an önce düzeltmeleri gerek.",Olumsuz
687,AJet,Ömer D,1,1,Rezalet Firma,Istanbul - Batman Province,İç Hat,Kasım 2023,5 Kasım 2023,"İnsanları saatlerce rötar yaparak bekletmek, onlara sadece içecek ikram ederek geçiştirmek, hiç bir açıklama yapmadan insanları mağdur etmekten başka bir işe yaramayan bir şirket oldunuz. 7-8 saat insanları işinden gücünden alıkoydunuz, bunun karşılığı bir içecek miydi? Önce sistemden rötar yaptığınızı söylüyorsunuz, sonra bomba ihbarı var deyip insanları tedirgin ediyorsunuz. Tebrik ederim.",Olumsuz
688,AJet,cilemtugba a,1,1,Berbat,Erzurum - Istanbul,İç Hat,Ekim 2023,27 Ekim 2023,"Erzurum'dan İstanbul'a yaklaşırken uçak birden kontrolünü kaybetti, birden aşağı düşüyor gibi oldu, pilot tekrar uçağı düzeltmeyi başardı. Hava muhalefeti denildi ama hava açıktı. Diğer uçuşu kaçırdık ve ertesi gün başka bir uçak verildi. 40 dakika yüksek basınçla uçtuk, orta kulağımda sıvı birikti ve operasyon geçirdim. Bir daha asla tercih etmeyeceğim bir firmadır. Kimseye tavsiye etmiyorum.",Olumsuz
689,AJet,Suleyman K,25,1,"Kural ihlalini, kendilerince değiştiren. Saygısız insanlar",Adana - Ankara,İç Hat,Ekim 2023,10 Ekim 2023,"Rezalet bir müşteri servisi. Hava alanına 1.5 saat önce gelmemize rağmen billboardların sürekli değişmesi ve kendini yetkili sanan şahsın saçma bir şekilde insanları yönlendirmesi. Hamile eşim ve 1 yaşındaki çocuğum strese girdi, yaklaşık 1 saat binmek için bekledik. Uçağa binince çocuk kemeri istememize rağmen gecikmeli verildi. Oradan otoya, ordan başka yere defalarca gitmek zorunda kaldık. Sorumlu kişiler hiçbir işlem yapmadı. Suçu bize attılar, yazık.",Olumsuz
690,AJet,ankara,2,1,Kesinlikle tavsiye etmem,Ankara - London,Dış Hat,Ağustos 2023,5 Ekim 2023,"Öncelikle bize bildirilmeden farklı bir firma ile uçuşumuzu sağladı. Yani kendisi uçmuyor, sadece bilet satıyor. Bu güvenimizi kırdı. Havalimanından 1 saat gecikme ile kalktı. Vardığımızda 2 saat uçakta beklettiler ve indirmediler. Valizimi kırdılar, kayıt altına aldım fakat mağduriyetim giderilmedi. Ne ücret iadesi var ne de yeni valiz verildi. 1.5 ay oldu, doğru düzgün özür bile gelmedi. Verilen parayı hak etmeyen bir firma. Tavsiye etmem.",Olumsuz
691,AJet,Sukran Y,1,2,“Lütfen cam kenarı”,Istanbul - Antalya,İç Hat,Ekim 2023,5 Ekim 2023,"Anadolu Jet, tüm işlemler için kaç saat öncesinden geliyoruz, lütfen bu uçağı saatinde uçurtun. Bilet ücreti ve saat uygundu, tercih ettim ama pişmanım. Görevli arkadaşımızı tebrik ediyorum, cam kenarı talebimi karşılaması çok iyiydi.",Olumlu
692,AJet,Faruk G,3,1,Anadolujet Fiyat Fırsatçılığı,Izmir - Ankara,İç Hat,Eylül 2023,25 Eylül 2023,"İlk bilet bölümüne gittiğimde 2050 TL olan bilet 2500 TL oldu. Acil durumdan faydalanmak etik değil. Anadolu Jet’in bu davranışını kınıyorum.",Olumsuz
693,AJet,Kadir A,1,1,Bavulumuz gelmedi!!,Ankara - Izmir,İç Hat,Eylül 2023,5 Eylül 2023,"Ankara’dan İzmir TK7006 uçuşunda tatil için gittik. Bavulumuz tam 3 gün sonra otelle geldi. Bir senelik planladığımız tatilimiz mağdur oldu. Firma tarafından teklif edilen masraf ücreti 150 TL.",Olumsuz
694,AJet,Mehmet K,1,1,Ayakta gitsek daha iyidi,Antalya - Frankfurt,Dış Hat,Ağustos 2023,14 Ağustos 2023,"Sadece THY’yi kötüleyen bir şirket. Ayakta gitmek daha rahat. Çok dar, bir daha bilet almam. Türk Hava Yolları diye aldık, pişman olduk. Pegasus’a kıyasla çok dar. Pegasusa kızıyorduk, ama Anadolu’ya göre villa gibi.",Olumsuz
695,AJet,Bunyamin E,1,1,Berbat,Ankara - Istanbul,İç Hat,Ağustos 2023,14 Ağustos 2023,"Anadolu Jet uçağı her seferinde rötar yapıyor. Şu ana kadar 50’den fazla uçuş yaptım, bunun kadar kötü uçak firması yok. Kesinlikle tavsiye etmiyorum.",Olumsuz
696,AJet,Burcu D,1,1,Kötü,Ankara - Trabzon,İç Hat,Ağustos 2023,13 Ağustos 2023,"Sistematik bir hata nedeniyle ismim sisteme tanımsız göründü. Gidiş-dönüş biletimi iade etmeden iptal edip, aynı bileti 2 katı fiyatla sattılar. 2500 TL olan yolculuğum 7500 TL oldu. Kimse yardımcı olmadı ve çözüm odaklı değiller. Tavsiye etmiyorum.",Olumsuz
697,AJet,Mehmet K,1,1,Gecikme krali,Gaziantep - Istanbul,İç Hat,Ağustos 2023,12 Ağustos 2023,"Son dört uçuşumda ortalama 2 saat gecikme yaşadım. Müşteri memnuniyeti önemsenmiyor. Daha sizinle uçmak istemiyorum.",Olumsuz
698,AJet,Gunel T,1,1,Pişmanlık,Istanbul - Baku,Dış Hat,Şubat 2023,1 Mart 2023,"Yıllardır uçuyorum, ilk defa böyle korktum. Pilot iniş yapamadı, tekrar havalandık ve yarım saat boş yere uçtuk. Pilot rüzgardan dolayı inemedik dedi ama inişte rüzgar yoktu.",Olumsuz
699,AJet,YeicGeztoz✔,34749,4,İstanbul – Ankara – İstanbul,Istanbul - Ankara,İç Hat,Aralık 2022,9 Ocak 2023,"Günübirlik İstanbul – Ankara – İstanbul gidiş-dönüş seyahatim rahat geçti. Her iki uçuş da tam zamanında. Kabin ekibi güler yüzlü ve yardımseverdi. Su ikramı dışında başka bir şey yok.",Olumlu
700,AJet,Sahmet,4,1,Son saniye teknik kontrol ve rotar,Istanbul - Hatay,İç Hat,Aralık 2022,7 Aralık 2022,"7 Aralık 2022’de akşam 19:45 uçağı 1 saat rötar yaptı. Sebep: son dakika teknik kontrol ve uçak değişikliği. Soğukta ve sırtımızda valizlerle uçak değiştirdik. Plansızlık diz boyu.",Olumsuz
701,AJet,Anıl KAYA,6,5,İç hatların kralı,Istanbul - Rizhao,Dış Hat,Kasım 2022,27 Kasım 2022,"İç hatlarda her zaman tercih edeceğim tek firma. Keşke koltuklarda eğlence paketi gibi bir şey olsa, yol boyunca can sıkılıyor.",Olumlu
702,AJet,tgbozcan,40,5,Rahat ve konforlu uçuş,Istanbul - Dalaman,İç Hat,Eylül 2022,28 Eylül 2022,"Eylül ayında gidiş-dönüş olarak tercih ettim. Anadolujet ile ilk seyahatim oldu. Uçak içi ve koltukları rahattı, konforluydu. Personelleri güler yüzlü ve sıcak karşıladı. Bir sonraki uçuşlarımda da tercih edeceğim.",Olumlu
703,AJet,İoakeim K,1,1,Berbat,Istanbul - Copenhagen,Dış Hat,Eylül 2022,18 Eylül 2022,"Şimdiye kadar bindiğim en sıkışık uçak. Ayak mesafesi berbat, ikram kötü, fiyatlar da az değil. Personelin güler yüzlülüğü yalnız bırakmıyor ama 3 saatlik seyahatte kahve veya çay ikramı yoktu, satın alma şansımız da yoktu. Ryanair’den daha kötüsü yoktur diye düşünmüştüm, Ryanair’den özür diliyorum.",Olumsuz
704,AJet,YeicGeztoz✔,34749,3,AnadoluJet,Istanbul - Malatya,İç Hat,Haziran 2022,24 Ağustos 2022,"Kabin ekibi güler yüzlü ve yardımsever. Koltuk aralıkları dar olduğu için pek rahat bir seyahat olmadı. İkram yok, sadece su veriliyor. Direk uçaklarda yer bulamadığımız için İstanbul’dan Ankara bağlantılı Malatya uçuşu için tercih etmek zorunda kaldık.",Olumsuz
705,AJet,Özlem B,2,1,Panik atak başlangıcı yaşadım sayelerinde,Istanbul - Izmir,İç Hat,Ağustos 2022,6 Ağustos 2022,"Sabiha Gökçen’den İzmir uçuşu sırasında uçak çok sallandı. Pilot iniş ve kalkışta zorlandı. Hostesler güler yüzlü ve ilgiliydi ama uçaktan korkan biri olarak bir daha tercih etmem. THY ile gitmeyi tercih ederim.",Olumsuz
706,AJet,Happiness25871572965,5,1,İnsanları Aptal yerine koyma..!,Düsseldorf - Istanbul,Dış Hat,Eylül 2021,30 Temmuz 2022,"İnsanların nasıl kandırıldığını gördüm. Türk Hava Yolları’ndan bilet alıp Anadolu Jet denen 3. sınıf uçak ve yorgun personelle uçtum.",Olumsuz
707,AJet,Kübra T,1,1,Different airports,Brussels - Ordu,Dış Hat,Mayıs 2022,3 Mayıs 2022,"Bilet iptal edildi, telefonda yardım ediyormuş gibi görünüyorlar ama aslında zaman kazanmaya çalışıyorlar. Havalimanında sistemde sorun yok diyorlar. 2 farklı havaalanına gitmek zorunda kaldım. Kesinlikle uçmayın, hizmet kötü.",Olumsuz
708,AJet,Vil gums,1,1,Para için yolcuların canlarını hiçe saydılar!,Istanbul - Amsterdam,Dış Hat,Şubat 2022,18 Şubat 2022,"Fırtına yüzünden uçuş iptal edilmedi, uçak Almanya Frankfurt’a indi, pilot zorlandı, yolcular korktu, bagaj teslim edilmedi. Canınızı seviyorsanız başka bir şirket tercih edin.",Olumsuz
709,AJet,Zeki C,1,1,UÇMAK YERİNE UÇAMAYIP ŞOK OLUP EVE GERİ DÖNMEK.,Düsseldorf - Ankara,Dış Hat,Ekim 2021,14 Kasım 2021,"Anadolujet’in yanlış organizasyonu ve check-in işlemleri yüzünden uçuşum gerçekleşmedi. Görevli beni sürekli başından attı, yeniden bilet almak zorunda kaldım. Paracım ve biletim yandı.",Olumsuz
710,AJet,Ramazan Y,1,5,!,Istanbul - Samsun,İç Hat,Kasım 2021,1 Kasım 2021,"Hizmet normal ve güzel, eleştirim markanın hitap ettiği kişiler belli. Beğenmiyorsanız özel jet kiralayın.",Olumlu
711,AJet,YeicGeztoz✔,34749,4,Anadolujet,Istanbul - Izmir,İç Hat,Eylül 2021,11 Ekim 2021,"Beklentinizi yükseltmeden seyahat edilebilecek bir hava yolu. Kabin ekibi güler yüzlü ve yardımseverdi. Uçağa binişte maske ve kolonyalı mendil veriliyor, ikram olarak sadece su verildi.",Nötr
712,AJet,Yasin K,1,1,Gecikme,Istanbul - Konya,İç Hat,Ekim 2021,10 Ekim 2021,"Tam 46 dakikadır uçağa alındık ve hala havalanamadık. Pilot farklı süreler verdi, uçak hala kalkmadı. Yolculara büyük saygısızlık.",Olumsuz
713,AJet,Halil İbrahim D,3,1,Berbat hizmet,Istanbul - Antalya,İç Hat,Eylül 2021,1 Eylül 2021,"Check-in yapmamıza rağmen valiz teslim yerine gittiğimizde 5 dakika geç kaldınız diyerek biletimiz iptal edildi. Şikayet departmanı sadece formalite.",Olumsuz
714,AJet,Sezer S,1,1,Münih İstanbul İstanbul Hatay uçuş !,Munich - Hatay,Dış Hat,Ağustos 2021,9 Ağustos 2021,"31 Temmuz Münih-İstanbul-Hatay uçuşu. Çocuklu aileye verilen yemek bayat ve yetersizdi. Yaklaşık 9 saat süren uçuşta çocuklar aç kaldı. Ödenen para 3000 Euro.",Olumsuz
715,AJet,english t,1,1,Kabin Memuru nun Kabalığı,Kars - Ankara,İç Hat,Nisan 2021,28 Nisan 2021,"Kabin memurunun kaba tavrı nedeniyle olumsuz bir deneyim yaşandı. Yardımcı olmadan sürekli müdahalede bulunuldu ve yolcular üzerinde şov yaptı.",Olumsuz
716,AJet,Akira C,2,1,IŞ INSANI,Istanbul - Vienna,Dış Hat,Nisan 2021,1 Nisan 2021,"Pilotlar ve servis cok kötü. Ucak inis yaparken resmen yere cakilir gibi indi. Bu gidiste ve dönüste oldu. Bir ara ucak pistten cikacak sandim.",Olumsuz
717,AJet,Zeynal E,1,1,sizlere cok ayip olsun,Istanbul - Baku,Dış Hat,Mart 2021,20 Mart 2021,"ANADOLU JET! Sizlere cok ayip olsun, beni xeberdar etmeden ucak vaktimi deyisdiniz, geriye cekdiniz, modifiye etmek ucunse TRIP.com benden daha para aldi 30 euros! Bu ne, sizde insanlari aldatmak?",Olumsuz
718,AJet,Gülnur Kaptanoglu,472445,5,AnadoluJet,Istanbul - Ankara,İç Hat,Eylül 2020,27 Eylül 2020,"Istanbul Sabiha Gökçen uluslararası Havalimanı'ndan 25 Eylül 2020 akşam saat 19.15 de TK 7250 ucagi ile Ankara Esenboğa havalimanina uctum. Ucak zamaninda kalkti. Temizlik ve hijyen ust seviyede olup, sosyal mesafe kurali konusuna uyulmadi. Ikramlar salgindan dolayi yapilmadi. Giriste hijyen seti veriliyor. Maske ve islak mendilden olusan set. Hostesler devamli anons yapiyor. Mesafe diye ancak 3 kisilik koltugun tamami dolu. Yani tum koltuklar dolu. Sosyal mesafe yaninda bir bos koltuk olursa olur. Ben cift maske taktim. Sorunsuz ve guvenli bir ucusla Esenbogaya indik.😷",Olumlu
719,AJet,Gülnur Kaptanoglu,472445,5,Anadolu Jet Rahatligi,Ankara - Istanbul,İç Hat,Eylül 2020,23 Eylül 2020,"Ankara Esenboğa havalimanindan saat 13.55 de Sabiha Gökçen Istanbul havalimanina 5D numarali koltukta rahat ve sorunsuz hijyenik bir ortamda uctum. Salgindan dolayi ikram yapilmiyor. Sadece su ve hijyenik set veriliyor. Yer hizmetlerinde calisan erkek ve bayan calisanlari cok ilgili ve güleryüzle hizmet veriyorlar. Tavsiye ediyorum. 4kg el bagaji ve kisisel caninizi yaniniza alabilursunuz.😷😷",Olumlu
720,AJet,Gülnur Kaptanoglu,472445,5,Anadolujetile güvenli uçuş,Van - Ankara,İç Hat,Ağustos 2020,15 Ağustos 2020,"15 Agustos 2020 Cumartesi saat 19.00 ucagi ile iki yetiskin kizimla birlikte Ankaraya seyahat ettik. Van Ferit Melen havalimaninda iceriye girerken ates olcumu yapiliyor. Ayrica hijyen solüsyonlari heryerde var. Sosyal mesafeye dikkat edilerek ucaga aliniyor. Ucakta hostesler güleryüzlü ve tecrubeli. Covid-19 nedeniyle giriste hijyen seti veriliyor. Ucak icinde sadece su ikrami var. Ucagin içi temiz ve koltuklari genis. Pilotlar bayagi tecrubeli. Tavsiye ediyorum.",Olumlu
721,AJet,Benjamin,1,1,Anadolu jet calisan ukalaligi,Istanbul - Izmir,İç Hat,Ağustos 2020,12 Ağustos 2020,"12 Agustos 2020 Istanbul Sabiha Gokcen hava alani. Saat 21:30 Check-in yapmak icin sira geldiginde isminin 'iFAKAT' oldugunu soyleyen calisan bayan ukala tavirlari ile sirada bekleyen biz musterilere hicte kibar olmayan uslup ile direktifler veriyordu. Calismayan bantlar sebebi ile 30 kg lik cantayi bant bant bize dolastirdigi yetmeyip onceki bantlarda uzerine yapistirdigi stickeri egilip bizim cikarmamizi istedi. Ben kendisine bunu neden kendisinin yapmadigini sordugumda bunun kendisinin isi olmadigini ayrica 'KiME iSTERSEM GiDiP SiKAYET EDEBiLECEGiMi' soyleyerek yaptigi ukalaligi taclandirarak bana supervisor unun nerede oldugunu yerinden kalkarak eliyle gosterdi. MUSTAFA OKTEN isimli supervisor beni hic dinlemedigi gibi basindan savarak beni isminin UMUT KOSEOGLU olan birine havale etti. Ben kendisine durumu izah etmek istedim ama oda dinlemedi ve gecistirdi. 2 kelime bir araya getirip basit bir özür dilemeyi bile beceremeyen bu calisanlar toplulugunu kurmak cok zor olmali. Bu yasanilan olayi ingilizce olarak da trustpilot gibi tum sitelerde duyuracagim. Bilginize.",Olumsuz
722,AJet,Gülnur Kaptanoglu,472445,5,Anadolu Jet,Ankara - Van,İç Hat,Ağustos 2020,11 Ağustos 2020,"Ankara Esenbogadan 11 Agustos 2020 iki kizimla Vana seyahat gerceklestirdik. Salgindan dolayi ucakta maskeli yolculuk yaptik. Temiz ve sosyal mesafeli olarak ucaga alindik. Ucaga girerken hijyen kiti de verildi. Hostesler ilgili ve samimi hizmet yaptilar. Ikramlari da güzeldir.",Olumlu
723,AJet,omura,1,1,ANADOLU JET KABİN EKİBİNIN KABA DAVRANISLARI,Adana - Istanbul,İç Hat,Temmuz 2020,15 Temmuz 2020,"15.07.2020 Anadolujet 10:50 Adana-İstanbul seferini yapan TK7261 uçakta yaşadığımız olumsuz olayı paylaşmak istiyorum. Çocukla seyahat edecek olmamız nedeniyle 10 Temmuz gidiş 15 Temmuz dönüş olmak üzere Adana seferinde Anadolujeti tercih ettik. Gidişte aynı çocuk ve aynı havayolları ile gitmemize rağmen bir problem yaşamadık. Dönüş yolunda da arkalarda kalmayalım, çocukla rahat binelim ve inelim diye özellikle ek ücretli ön koltukları satın aldık ve uçak kalkış esnasında henüz oğlumun uykusu gelmediği için koltuğuna oturtup kemerini takabildik. Sonrasında uçuş esnasında huzursuzlanmasın diye emziğini alıp kucağımda uyuması için yanıma aldım ve kemerimizi taktık. Uçak inişe geçtiğinde Host Ümit bey gelip çocuğun uyandırılıp kendi koltuğuna oturtulması ve kemerinin takılmasını söyledi. Söylediği gibi bebeği ağlar bir durumda olmasına rağmen uyandırıp babası ve ben ikna edip koltuğuna oturtmaya çalıştık. Hem uyandırıldığı için hem de annesinin kucağından alındığı için oğlumuz çok ağlamaya başladı ve kafasını sağa sola savurmaya başladı. Bebeğimiz 12 Mart 2018 doğumlu daha 2,5 yaşında bile değil, emzikli, altı bezlenen uykudan uyandırılıp annesinin kucağından alınan bir bebek haliyle huysuzlanır. Ümit bey ısrarla bebeğin ağladığını ve kafasını sağa sola vurmaya başladığını gördüğü halde çocuğu koltuğuna oturtup kemerimizi takmanizi bekliyorum dedi. Biz de sizi anlıyoruz ve görüyorsunuz çok ağlıyor baş edemiyoruz dedik buyrun siz yardımcı olun beraber takalım dedik, annesinin kucağında annesinin kemeri ile bağlayalım beraber dedik ancak yardımcı olmak, çözüm üretmek yerine kabin görevlisi Ümit bey bizi iyice strese soktu, ben sizin çocuğunuza karışamam dedi. Peki çözüm üretin o zaman dememize rağmen ısrarcı ve olumsuz tavrını sürdürdü. Nihayet uçak boşaldı ve kaptan pilot geldi ve tek taraflı kabin memurundan aldığı bilgi ile babacan ama üstü kapalı tehditkar bir tavırla bizi dinlemek istediğini belirtti. Kurumsallıktan uzak, çözüme yönelik olmayan tavrınız nedeniyle insani değerlerinizin ve etik ilkelerinizin tekrar gözden geçirilmesini temenni ediyoruz.",Olumsuz
724,AJet,Hülya g,1,1,Bu ne rezillik,Istanbul - Ordu,İç Hat,Haziran 2020,2 Haziran 2020,"2 hafta önce aldığım bilet iptal edildi, bir açıklama yok, üst üste 2 kere iptal edildi ve ulaşmak mümkün değil. Bu nasıl bir hizmet... 200 TL aldığım bileti bence 500 TL satmak için iptal edildi, benim düşüncem.",Olumsuz
725,AJet,COŞKUN Ç,1,1,İletişim,Bodrum District - Ordu,İç Hat,Haziran 2020,2 Haziran 2020,"05.06.2020 de almış olduğum Anadolujet TBBHYF nolu uçak biletim iptal edilmiştir mesajı geldi fakat bilgilendirme yok, iletişime geçemiyorum, ulaşamıyorum. Bu nasıl bir hizmet anlayışıdır?",Olumsuz
726,AJet,Gülnur Kaptanoglu,472445,5,Anadolu Jet,Ankara - Samsun,İç Hat,Şubat 2020,24 Nisan 2020,"Annemin yoğun bakımda yatması nedeniyle 8 Şubat 2020 de gece 22.45 de Samsuna aynı gün bilet buldum. Uçağımız sorunsuz rötar yapmadan Ankara’dan kalktı. Ancak Çarşamba da kuvvetli rüzgar vardı. Hostesleriniz yardımcı oldu. Bir beyin yanında oturmak istemedim ve beni başka koltuğa aldılar, teşekkür ederim. Moralim çok bozuktu. İnişte uçak bayağı sallandı ancak pilotunuz tecrübeliydi. Nasıl indiğimi anlamadım. Ancak yer hizmetlerinden sordular, uçak nasıl inebildi diye.. Ben de bilmiyorum dedim. Zaten en son inen uçak oldu. Sonra hava şartlarından dolayı uçaklar inemedi. Dönüşte uçakla gidemedim, teşekkür ederim.",Olumlu
727,AJet,YeicGeztoz✔,61,4,AnadoluJet,Izmir - Istanbul,İç Hat,Ekim 2019,30 Mart 2020,"İzmir dönüş biletinin uygun olmasından dolayı tercih ettik. Zamanında kalktı, açma, kek, çay, kahve ikramı vardı. Rahat bir yolculuk sonrası Sabiha Gökçen havalimanına iniş yaptı. Kabin ekibi güler yüzlüydü.",Olumlu
728,AJet,Ferhat K,1,1,uçulamayan uçuş,Istanbul - Nevsehir,İç Hat,Mart 2020,10 Mart 2020,"Boarding noktasına kadar gelip son 15 dk operasyonel sebeplerden dolayı uçmuyoruz dediler ve başka hiçbir açıklama ya da destek olmadan konuyu kapattılar.",Olumsuz
729,AJet,Bora B,1,5,Pilotlarımızı tebrik ediyorum ayrıca kabin ekibi hostes arkadaşlar çok kibar bana logolu kalem hediye ettiler,Izmir - Nicosia,Dış Hat,Eylül 2019,10 Mart 2020,"Uçağa bindiğimde güler yüz ile karşılandık, kabin içinde hostes arkadaşlar yaşlı yolculara koltuk ve bagaj için yardımcı oluyorlardı. Uçağın içinde her şey çok temizdi. Uçuşumuz başladığında aklımda olan birkaç şeyi not almak için hostes arkadaştan kalem istedim, bana ve yanımdaki yolculara Anadolu Jet logolu kalem hediye ettiler. Küçük bir hediye ama bu hediyeyi asla unutamam, tekrar teşekkür ediyorum. Pilotlar hiç hissettirmeden rüzgarlı bir günde iniş yaptılar. Başarılarının devamını diler, yolları açık olsun. Teşekkürler Anadolu Jet.",Olumlu
730,AJet,ferdigunay,1,4,genel olarak başarılı...,Istanbul - Bodrum,İç Hat,Nisan 2019,12 Şubat 2020,"Uçuşumuz gayet güzel ve keyifli başladı, hatta derginin o sayısında ilgimi çeken fazlasıyla konu olunca yanıma aldığım kitabı bile okuma fırsatım olmadı. Ancak inişimiz oldukça atraksiyonlu oldu. Hava çok güzeldi ve olumsuz hiçbir şey yok gibiydi ancak pilotumuzun o günkü ruh hali pek iyi değildi sanırım.",Nötr
731,AJet,deniz_gunes_doga,1,3,Trabzon Ankara uçuşu hava şartları yüzünden 1 gün ertelendi,Trabzon - Ankara,İç Hat,Şubat 2020,12 Şubat 2020,"Ankara Trabzon uçuşunu gidiş dönüş olarak almıştım. Dönüş 10 Şubat 2020 18.00 uçağı, hava şartları dolayısıyla ertelendi. AnadoluJet bizi otelde misafir etti, ulaşımı sağladı ama, o gün o saatteki bütün uçuşlar Trabzon'dan gerçekleşirken Anadolujet kalkmadı. Görevliler bu konuya bir şey diyemediler. Madem uçuşlar iptal, THY niye kalkıyor? Pegasus niye kalkıyor? Ertesi gün 22.35 ile uçtuk. Ankara'ya gece yarısı geldik. Geç olsun, güç olmasın. Ertelenmesine bir şey demiyorum. Ama diğer uçaklar aynı saatte kalkarken Anadolujet’in müşterisini mağdur etmesini anlayamadım. İkrama gelince peynirli sandviç tarih olmuş, tasarrufa gitmişler.",Olumsuz
732,AJet,deniz_gunes_doga,1,4,Anakara Trabzon direk uçuş Anadolujet ile....,Ankara - Trabzon,İç Hat,Şubat 2020,12 Şubat 2020,"Ankara'dan Trabzon'a direk uçuş AnadoluJet ile gittim. Daha önceleri de bu havayolu ile gidiyorum. Zamanında kalktı, zamanında indi.",Olumlu
733,AJet,Selim Agrali,1,2,Bagaj hasarı,Erzurum - Ankara,İç Hat,Ocak 2020,6 Şubat 2020,"8 Ocak 2020 tarihinde iş seyahatimden eve döndüğümde valizimde bir delik olduğunu gördüm. Normal prosedüre uyarak hasarlı valizim için şikayette bulundum. Yaklaşık bir hafta sonra şikayetime cevap olarak check-in işleminde hasarlı olduğu sistemde gözüktüğü için işlem yapılamayacağını bildiren bir bildiri aldım. Check-in işlemi sırasında sapasağlam verdiğim çanta ile ilgili benim böyle bir bilgimin ve imzamın olmadığı ve hatta bagaj etiketinde de böyle bir ibare bulunmadığını dile getirdiğim üzere THY Müşteri Hizmetlerine sayısız şikayette bulunsam da her seferinde aynı ezber cevabı aldım. Hasarlı denilerek işlem kabul edilemiyormuş. Video ve ses kaydı rica edince de dalga geçer gibi bunun için Erzurum’a gelip polise şikayet etmem gerektiği anlamına gelen bir açıklama yaptılar. En nihayetinde bana hasarlı olduğunu gösteren bir belge gönderdiler ama bunun bende bir karşılığı yok, çünkü check-in işleminde girilmedi. Benzer bir iki şikayet daha okudum, sanırım böyle çirkin bir politika güdüyor son dönemde ama yakışmıyor Star Alliance üyesi THY ve yan firması olan bir şirkete. Sonuçta ilk kez kullandığım bir aylık yeni valizimin kırılmasıyla sonuçlanan bir seyahat oldu. Bir daha mecbur kalmadıkça asla Anadolujet’te bagaja çanta veya valiz vermem.",Olumsuz
734,AJet,Hüseyin A,1,4,Gayet güzel bir uçuş,Istanbul - Konya,İç Hat,Ocak 2020,22 Ocak 2020,"Yıllardır aynı disiplinle ve güleryüzle karşılaşıyorum. Olması gerektiği gibi diğer küçük havayolu firmalarından çok daha iyi.",Olumlu
735,AJet,gokhanpilavci,13,4,anadolujet ile kars uçuşu,Istanbul - Kars,İç Hat,Ocak 2020,20 Ocak 2020,"Anadolujet ile eşim ve kızımla çok rahat yolculuk yaptım. Yemek hariç her şey çok başarılıydı. Hostesler güleryüzlü, pilot kalkış ve inişlerde çok başarılıydı. Uçak korkusunu uzun süre sonra hiç yaşamadım.",Olumlu
736,AJet,kaplan s,52,4,Pahalı Şirket kalitesinde ucuz uçuş,Istanbul - Ankara,İç Hat,Ocak 2020,15 Ocak 2020,"Aslında İstanbul'dan Ankara'ya THY ile uçmak istiyordum. Ama ANADOLUJET şirketinde yer buldum. Çok memnun oldum. Daha ucuza neredeyse aynı şartlarda uçmuş oldum. Tam zamanında kalkarak da beni mutlu etti.",Olumlu
737,AJet,Ezgi,8,2,Hizmet,Sanliurfa Province - Ankara,İç Hat,Ocak 2020,10 Ocak 2020,"Bilet fiyatlarında bir düşüş yaşanmadığı halde ikramların kaldırılması kahvenin bile ikram edilmemesi Anadolu Jet adına pek yakışan bir olay olduğunu düşünmüyorum. Tercih sebepleri arasında olan hizmet anlayışı yok oluyor sanırım. Üzücü bir durum.",Olumsuz
738,AJet,Birol Şahin,8,3,Kahvenin ikramdan kaldırılmış olması yakışmadı...,Adana - Istanbul,İç Hat,Aralık 2019,5 Ocak 2020,"Yarısı dolu - güvenlik nedeni ile normal karşılıyorum - bir bardak kahvenin bile tasarruf gerekçesi ile ikramdan kaldırılması hiç de iyi olmamış. Eminim ki firmanın tasarruf edeceği başka gereksiz giderleri varken yarım bardak kahveye tasarruf diye sarılması hiç mi hiç yakışmamış...",Olumsuz
739,AJet,songül çelik,15,1,RÖTARDA İLGİSİZ ANADOLUJET,Istanbul - Van,İç Hat,Aralık 2019,5 Ocak 2020,"Normal şartlarda başlayan yolculuk, Van hava limanına inemeyene kadar sürdü! Pisti pas geçen uçak, Diyarbakır hava limanına indi ve baştan savma bir açıklama yapıldı. Uçaktan indirildik ve yetkililer ne zaman kalkacağımızı veya ne kadar burada kalacağımızı açıklamadı. En sonunda bir parça İstanbul’dan gelecek ve 1 saate kadar kalkış yapılacak denildi, üzerinden 3 saat geçti. Van yolculuğum bu acenta ile en kötü uçuş deneyimi arasında yer alıyor.",Olumsuz
740,AJet,Erkan,11,4,"Dakik,servisleri çok iyi,personel güler yüzlü.",Izmir - Larnaca,Dış Hat,Eylül 2019,29 Aralık 2019,"Kıbrıs'a ilk seyahatimi Anadolu Jet ile yaptım. Uçuş saatlerine uyumları, koltuk aralarının yeterince geniş olması, yeme içme sunumunun iyi yapılması, personelin güler yüzlü davranışları çok iyi idi.",Olumlu
741,AJet,Kbrahmt03,1,1,Anadolu jet bileti iptal ve değişiklik etmiyor,Ankara - Nicosia,Dış Hat,Aralık 2019,16 Aralık 2019,"16.12.2019 tarihinde almış olduğum biletin kalkış ve varış yerini ters işaretlememeden dolayı iptal yada değişiklik istedim. Hiç bir şekilde iptal iade değişiklik durumu olmadı. Pişman ettin Anadolu jet.",Olumsuz
742,AJet,718veysely,5,5,Gayet iyi normal bir uçuş,Ankara - Istanbul,İç Hat,Aralık 2019,11 Aralık 2019,"Normal bir uçuş diyebilirim, fiyat performans olarak normal, koltuk araları daha geniş olmalı. Çok seçenek olmadığı için gayet iyi.",Olumlu
743,AJet,Gülhan B,46,5,Tam zamanında,Elazig Province - Ankara,İç Hat,Aralık 2019,10 Aralık 2019,"Anadolu jet ile aralık ayında Elâzığ Ankara 5 55, Ankara Elâzığ 23 55 uçuşu yaptım. Her iki uçuşumda da uçak tam zamanında kalktı. Ayrıca Anadolujet personelinin ilgisi, güleryüzü gayet iyi. Her konuda yolculara yardımcı oluyorlar. Pilotların uçuşla ilgili bilgi vermesi çok güzel. Herkese iyi uçuşlar...",Olumlu
744,AJet,mstf88,11,3,Ortalama Bir Uçuş,Antalya - Ankara,İç Hat,Ağustos 2019,9 Aralık 2019,"Geçmişte de bir çok kez AnadoluJet firmasını kullanarak uçuşlar gerçekleştirdim. O dönemde yiyecek-içecek hizmeti ve çeşitleri daha iyiydi. Ancak son dönemde sebebini anlayamadığım bir biçimde yiyecek olarak sadece sandviç (içeriği standart) ve içecek olarak ise yalnızca çay ve kahve sunuluyor. Türk Hava Yolları gibi bir firmaya bağlı olarak çalışan bir alt firmaya yakışmadı bence. Fakat ulaşım anlamında herhangi bir sorun yaşanmıyor. Bunu da belirtmek lazım.",Olumsuz
745,AJet,serap k,13,2,Check-in -Hava Korsanı Şüphesi- Yiyecek Servisi,Nicosia - Ankara,Dış Hat,Kasım 2019,9 Aralık 2019,"Üç kişilik bir aileyiz ve sıkıntılarımız check in ile başladı. 1) 25 kasım 2019 akşam uçusu için check in yapmak istediğimizde uçak boş olmasına rağmen, program üç kişiyi yan yana oturtacak numaraları bize vermedi. Israrla denememize rağmen 9 yaşındaki oğlumuzu koridorun diğer tarafına yerleştirdi. THY'nın cam kenarlarını parayla satmak düşüncesini kınayarak ve kızarak bu şekilde 6. sıradan check in yaptık. Alana gittiğimizde yer görevlisine durumu izah edince bize uçağın en arka sırasının bir önünde yan yana bilet verebileceğini söyledi biz de kabul ettik. 2) Uçağa arka kapıdan girdik ve girdiğimizde hostesin bir erkek yolcu hakkında kokpitle telefonla konuştuğunu gördük. hostes sıkıntılıydı ve yanındaki yolcuyu alıkoymuş gibi geldi bize. oturduktan bir kaç dakika sonra kaptan uçağa yanlışlıkla binen bir yolcu olduğunu ve el bagajlarımızı kontrol etmemiz gerekliliğini anons etti. Bu işlem için personel yolculara yardımcı olsa da, yolcuların büyük kısmı bu kontrolü yapmadı. Bu kontrollerle 30 dakika kadar rotarla kalkış yaptık. Çocuğumuz korkmasın diye konu hakkında konuşmadık. Prosedür hakkında bilgimiz olmasa dahi bu kadarcık bir kontrolün olası gerçek bir hava korsanlığını önlemede yeterli olmayacağının farkındaydık. 3) Kalkıştan kısa bir süre sonra servis başladı. tek servis arabası vardı ve önden başladılar. En arkanın bir önünde oturan bize sıra geldiğinde Ankara semalarındaydık. Yıldan yıla azalan THY yiyecek nicelik ve niteliği sıra bize geldiğinde yerlerde sürünüyordu. Hostes bu uçusta (saat gece yarısına geliyordu) önce oturanların sandviç tercih ettiğini ve 70 tane sandviçin ilk sıralarda bittiğini söyledi üzüntülerini ekleyerek. Bu açıklamasına itiraz ederken daha kıdıemli olduğunu düşündüğüm bir başka hostes gelerek beni yatıştırdı ve oğluma bir adet (sanırım kokpitten getirdi) sandviç bulup getirdi. Avrupa'nın bir numaralı hava yolunun düştüğü durum çok çok üzücü. son THY seyahatimi olduğu gibi aktardım. Yorumu size bırakıyorum.",Olumsuz
746,AJet,ibrahim hakan y,12,4,Güzel bir uçuştu,Istanbul - Antalya,İç Hat,Kasım 2019,9 Aralık 2019,"Anadolu jetle yaptığım İstanbul ANTALYA uçuşu son zamanlardaki en iyilerden biriydi. Tek sıkıntı uzun bir rötar yaşamamızdı. Oda hava muhalefeti sebebiyle oldu.",Olumlu
747,AJet,Jess S,1,1,Musteri memnuniyeti sifir,Ankara - Trabzon,İç Hat,Aralık 2019,2 Aralık 2019,"Berbat musteri servisi, mutlaka personelin degismesi lazim. Para icin 5 dk gec kaldigimiz icin Biletimiz yandi, ve personel suratsiz, sevimsiz ve uykulu, 0 verebilsemm 0 verirdim, bidaha Aslaa.",Olumsuz
748,AJet,Raif Y,57,3,vasat,Nicosia - Ankara,Dış Hat,Kasım 2019,24 Kasım 2019,"Vasatı aşmayacak bir uçuş, yolculuk kısa olduğu için bazı şeylere aldırmıyorsunuz; fazla ne artı ne eksi yorum yok.",Nötr
749,AJet,deniz_gunes_doga,6448,4,Diyarbakır Ankara uçuşumuzu GAP turu dönüşü olarak yaptık,Diyarbakir - Ankara,İç Hat,Kasım 2019,9 Kasım 2019,"GAP turu dönüşü Diyarbakır'dan tekrar Anadolujet ile döndük. Ben Anadolujet bütün personelinden çok memnunum. Sabırlı ve güleryüzlüler. hepsine teşekkür ederim. Uçak içi ikramları küçük ama, müşteriyi memnun ediyor.",Olumlu
750,AJet,deniz_gunes_doga,6448,4,Ankara Adana uçuşumuzda Anadolujet kullandık,Ankara - Adana,İç Hat,Ekim 2019,9 Kasım 2019,"GAP gezisi için Anadolujet ile Adana'ya uçtuk. Ankara'dan direk uçuşlarda güzel bir havayolu. uçuş anındaki ikramları da mutluluk veriyor. Personel güleryüzlü. teşekkürler",Olumlu
751,AJet,geziyoruz,16,1,"Uçuş Deneyimi",Istanbul - Odesa,Dış Hat,Ekim 2019,5 Kasım 2019,"Merhabalar, en uygun bileti bulduğum odessa uçusunda, çalışanlar oldukça güleryüzlü ve ilgili fakat bindiğimiz uçağa uçak demek için şahit gerekli. Gerçekten çok kötü küçük koltuk araları, yemek yeme için masa bile yoktu benim koltuğumda ve kaptan pilot değil belki ama uçak fena salladı.",Olumsuz
752,AJet,HAKKI,1,1,"Personel Davranışı",Ankara - Yuksekova,İç Hat,Ekim 2019,27 Ekim 2019,"Daha önceden otobüs firmalarının yolculara saygısızlık yaptığını düşünüyordum taki bu hava yolu şirketinin saygısız ve ne konuştuğunu bilmeyen personeliyle karşalaşana kadar. Bunları şöyle tanımlayabiliriz: kendileri düzgün kıyafetler giyip karakter olarak boş insanların olduğu bir firma olarak görebiliriz. Bir hava yolu şirketi ancak bu kadar sorumzuz ve karektersiz olabilir.",Olumsuz
753,AJet,deniz_gunes_doga,6448,4,"Uçuş Zamanlaması ve Personel",Trabzon - Ankara,İç Hat,Ekim 2019,24 Ekim 2019,"Trabzon'a yine bu firma ile uçmuştum. Dönüşte yine kendilerini tercih ettim. Bu sefer gece uçuşu ide ve tam zamanında kalkıp, zamanında indi. bütün personel titiz, temiz ve güler yüzlü idi. koltuk araları dar. ama mesafe kısa olduğu için önemsemedim.",Olumlu
754,AJet,deniz_gunes_doga,6448,4,"Uçak ve İkram Deneyimi",Ankara - Trabzon,İç Hat,Ekim 2019,24 Ekim 2019,"Ankara'dan Trabzon'a gitmek için yine Anadolu Jet tercih ettim. Hem ekonomik, hem ikramı olan bir şirket. Hosteslerin yeni kıyafetleri çok modern ve tasarımı güzel olmuş. Hepsi güler yüzlü insanlar 69 Kilo Dünya bayanlar boks şampiyonu Busenaz Sürmeneli ve antrenörü de uçaktaydı. Pilotun anonsu ile birlikte bu başarılı sporcumuzu tüm uçak alkışladı. Ancak THY uçaklarına göre eski model uçaklar. özellikle yemek sehpalarının elden geçmesi gerekiyor.",Olumlu
755,AJet,cahitdrn,122,5,"Genel Uçuş Memnuniyeti",Ankara - Antalya,İç Hat,Ekim 2018,25 Eylül 2019,"Gayet güzel bir yolculuk geçirdim.Her şey olması gerektiği gibiydi.Zevkli bir uçuş gerçekleşti.Teşekkürler...",Olumlu
756,AJet,sedat ç,4,4,"Uçuş ve Yer Hizmetleri",Istanbul - Bodrum District,İç Hat,Eylül 2019,24 Eylül 2019,"rötar yapmadı personel güleryüzlüydü ikram on numara kaptan pilot sarsıntısız uçuşu gerçekleştirdi. yalnız ground servisteki personeller uçaktaki 3 yolcunun valizini hunharca yerleştirdiği için kırdığını öğrendim.",Olumlu
757,AJet,Tuğba K,3,1,"Kötü Uçuş Deneyimi",Istanbul - Denizli,İç Hat,Ağustos 2019,12 Eylül 2019,"Bir pilot hava şartları müsaitken ve risk oluşturacak bir durum söz konusu bile değilken,nasıl olurda piste berbat bir iniş yapar ve uçağı sağa sola kaydırabilir anlamıyorum.Sonrasında direk havalanıp tekrar kalkış yapar ve havada durum ile ilgili hiç bir açıklama yapmaz mı. Kısacası kötü bi seyahatdi.",Olumsuz
758,AJet,bülent can,13,3,"Uçuş Standartları ve Mil Puanları",Istanbul - Adana,İç Hat,Temmuz 2019,10 Eylül 2019,"Standart bir uçuş çok fazla bir şey beklemeye gerek yok uçuştan. Beyaz peynirli sandviç yada topkek otobüs firması gibi çay kahve. Eskiden cheak-in acil çıkışlar harici ücretsizdi şimdi ücretli. Size 8B koltuğunu bir defa verdiyse ücretsiz olarak bir daha başka koltuk önermiyor. Pegasusta en azından begenmezsen gir çık yaptığında koltuk yeri değişiyor. Anadolu jet te buda yok. Eskiden 10 uçuşa neredeyse 1 bedava bilet kazanırdın şimdi 20-25 uçuşa kazanıyorsun. hatta çok uçulan destination da mil puanlarınıda yükselttiler. 7500 mil en düşü yer ama bulmak çok zor en az 9.000 mil gerek",Nötr
759,AJet,IZZET,18,4,"Koltuk ve Servis Deneyimi",Antalya - Nicosia,Dış Hat,Ağustos 2019,9 Eylül 2019,"Anadolujet THY nın anadoludaki destinasyonları için kurulmuş bir havayolu şirketi. Daha ekonomik uçuşlar için düşünülmüş. Uçaklar temiz ve çok eski değil. Ama 1.82 cm boyunuz varsa koltuk aralarında ikibüklüm oturmak ve sabırla seyehatinizin bitmesini beklemeniz gerek. Kalkış antalyadan zamanında yapıldı. Dönüşte 35 dk rotar yaptı. İlginç olan genellikle rotar yapan uçağın pilotu gecikme ile ilgili bir özür anonsu geçerdi. Ama bu uçuşta böyle birşey olmadı. Uçak içinde sandviç ve içecek servisinin ücretsiz olması güzel. Beni en çok rahatsız eden koltuklar arasındaki diz mesafesi. 6 yolcu fazla alabilmek adına 180 kişiyi rahatsız bir şekilde uçurmak bana çok mantıklı gelmedi. Eğer anadolujeti seçecekseniz ,bilet alduktan sonra chekin yaparken diz mesafesi dada fazla olan koltukları seçmeniz gerekirse bir bedel ödeyip rahat seyehat etmenizi öneririm. Herkese iyi uçuşlar:)",Olumsuz
760,AJet,Engin Ç,4,1,"Çocuk Yolcu Deneyimi",Ankara - Antalya,İç Hat,Eylül 2019,9 Eylül 2019,"12 yaşını yeni doldurmuş olan kızım için daha rahat ve hızlı olacaktır düşüncesiyle yalnız seyahat edebileceği ilk biletini almış olduk. Tamamıyla böyle bir seyahate artık hazır olduğunu hem ebeveynleri olarak biz, hemde çevremizdekiler görmüştük. Ancak uçuş kartını aldığımızda açıklamalarda 'uçuşa en geç 15 dk kala uçuş kapısında olunmalıdır' diye yazdığı halde, kartı alır almaz hemen uçuş kapısına zorla yönlendirdiler. Uçuş kapısından kızım zorla gönderildiğinde yaklaşık 30 dakikadan fazla zaman vardı. Eşimle ve çocuklarımla vedalaşamadan ağlaya ağlaya zorla kapıya götürüldü. Bunlar yetmiyormuş gibi uçuş saati 23:55 olduğu halde uçak değiştirilerek, rötar gerçekleşerek yaklaşık saat 01:00 gibi uçuş gerçekleşti. Hadi rötar, hadi uçak değişikliği falan neysede zaman henüz varken zorla kapıya giriş yaptırmak ve bizi üzmek kızımı ağlatmak tamamıyla bir rezaletti.",Olumsuz
761,AJet,MUstafa Kemal,121,3,Fiyat artışı ve rötarlar,Trabzon - Ankara,İç Hat,Ağustos 2019,6 Eylül 2019,"Hemen hemen her ay uçtuğum güzergah,fakat son zamanlarda korkunç pahalılaştı ve rötar yapmaya başladı.Yönetimin fiyatları makul seviyelere getirmesi lazım ki herkes uçabilsin.Sonunda devletin şirketi",Olumsuz
762,AJet,Büşraaü,15,4,Ekonomi uçuş ve pilot memnuniyeti,Kayseri - Istanbul,İç Hat,Aralık 2018,4 Eylül 2019,"Gayet iyi bir ekonomi uçuşuydu benim için. Son zamanlarda fiyatlar çok yüksek. İlgili bir ekipleri var. Pegasus gibi değil, daha samimi, Pegasus'ta adım başı cepten gidiyor. Bir de önem verdiğim nokta pilotların inişleri gayet sakin bir iniş yapmıştı.",Olumlu
763,AJet,yatalay07,43,3,Koltuk araları ve servis durumu,Mardin Province - Antalya,İç Hat,Ağustos 2019,3 Eylül 2019,"Fena değil ama THY stantlarında değil. Koltuk araları çok dar. Servis kısıtlı idare eder. Tabi ki ilk tercihimi THY",Nötr
764,AJet,Halil,19,1,Ücretli koltuk seçimi ve maliyet,Ankara - Elazig Province,İç Hat,Ağustos 2019,1 Eylül 2019,"Her zaman iş gereği uçak ile seyahat ediyorum. Genel de ise Anadolu Jet ile yapmak zorunda kalıyorum. 15 Nisan 2019'dan itibaren ücretli koltuk seçimine geçmişler. Yahu bunu yapmak demek herkes için zaman kaybı demek. Uçak biletlerine verdiğim paraya üzülmüyorum ama ücretli koltuk seçimi aşırı saçma. Banko kullanmadan geçen biz gibilere artık banko kullanma zorunluluğu getiriyor. Bunun maliyet olduğunu anlamıyorlar. Anadolujet CEO’ları bunları hesap edemiyorlar mı?",Olumsuz
765,AJet,Rüçhan Öztürk,2,1,Rötar sorunu,Dalaman - Ankara,İç Hat,Ağustos 2019,28 Ağustos 2019,"Göcekten Ankara'ya tatilden dönüyorum ve 3 saat gecikme veriyor. 28/08/2019 21:40'taki uçuşum 00:20'ye alındı. Ben yorum yapıp ağzımı bozmayayım boş yere...",Olumsuz
766,AJet,ksenws,36,3,Uçakların durumu ve personel kalitesi,Nicosia - Istanbul,Dış Hat,Ağustos 2019,27 Ağustos 2019,"Uçakları rakiplerine göre daha yeni ve daha temiz (PGS ve Atlas) tabii ki THY kadar iyi değil, çalışanlar güler yüzlü",Olumlu
767,AJet,Gezgin,10,5,Uçuş konforu ve kabin ekibi memnuniyeti,Istanbul - Antalya,İç Hat,Ağustos 2019,22 Ağustos 2019,"Bu sabah SAW-AYT 05.55 uçuşumdan çok memnun kaldım. Gerek uçuş rahatlığı ve güven duygusu ile uçabilmek, gerekse kabin görevlilerinin özverili çalışmaları ve güleryüzlü servisleri, binişten inişe kadar her an aynı güleryüzlülükle servis, ikramlar, nezaket ve yardımsever davranışlar beni çok memnun etti. Çok teşekkür ederim. Anadolu Jete ilk binişimdi ve uçuş rahatlığı ve servis süperdi.",Olumlu
768,AJet,Beste,2,4,Bagaj ve ikram durumu,Ordu - Antalya,İç Hat,Ağustos 2019,18 Ağustos 2019,"Uçuş ekibinin güler yüzlü, ilgili ve samimi olması bizi memnun etti. Ancak bagajlar için 15 kg çok çok az. Bizim 1 haftalık tatilimizde gidiş bagajımız zaten 15-16 kg idi (başka firma olduğundan sorun olmamıştı), oradan aldıklarımız ile dönüşte bagaj ağırlığımız daha da arttı tabii ki ve her artan kg başı 12 TL... Aşırı pahalı bence. Ancak uçak içerisinde yiyecek ve içecek servisi ücretsiz. Teşekkür ederiz",Nötr
769,AJet,Mine Y,1,1,Uçak kalitesi ve fiyat, Istanbul - Hatay,İç Hat,Ağustos 2019,14 Ağustos 2019,"Otobüs standartlarında bir uçak firması diyecem ama otobüste bile dinlecek müzik ve seyredilecek ekranlar var. Yani seyahat hızı haricinde bir özelliği yok. Sandviç ya da kek ikramı olmasa daha iyi. Böyle kalitesizlik olamaz. Üstelik son zamanlarda bilet fiyatları THY ile aynı düzeyde. Nasılsa ucuz bile diyemiyorsunuz yani. Eee o zaman neden Anadolujet tercih edelim ki?",Olumsuz
770,AJet,Derya K,1,1,Rötar sorunu,Samsun - Istanbul,İç Hat,Ağustos 2019,9 Ağustos 2019,"1 saat 15 dakika rötar nedir ya. Erken kalkıyor diye Anadolu Jetten (!) bilet aldık, 1.30 saat sonraki Pegasus daha önce indi.",Olumsuz
771,AJet,TC P,1,2,Transport aksaklığı,Antalya - Istanbul,İç Hat,Eylül 2018,6 Ağustos 2019,"İş toplantısı için yola çıktık, kalkış limanında 2 saat rötar aldı. İniş limanına geldik ve transport altyapısı bozukluğu nedeniyle karşıya geçemedik. Transport yüklenici firma şoförü araç büyük çok yakar diye taşımadı.",Olumsuz
772,AJet,Ercan A,1,1,Rötar ve bilgi eksikliği,Trabzon - Antalya,İç Hat,Ağustos 2019,6 Ağustos 2019,"Anadolu Jet 7663 seferi Trabzon Havalimanı'ndan çıkması gereken saatten (17.55) tam 35 dakika geç çıktı, ancak geç çıkması bir tarafa, uçağın geç kalmasına dair hiç bir önlem alınmadı ve aktarma noktamız olan Ankara Esenboğa Havalimanı'na hiç bir şekilde bilgi verilmediği için ben dahil birçok insan Ankara'dan Antalya'ya gitmekte olan 7030 seferli uçağa geç kaldık, geldiğimizde maalesef kapılar kapanmıştı. Neticede birçok insan mağdur edildi ve bu hafife alınacak bir hata değil. Bu yüzden bunu firmanız adına büyük bir kırmızı çizgi olarak görüyorum. Umarım bu sebepten bir daha kimse aynı sorunu yaşamaz.",Olumsuz
773,AJet,Gülnur Kaptanoğlu,6,5,İkram ve hostes deneyimi,Nicosia - Ankara,Dış Hat,Temmuz 2019,4 Ağustos 2019,"Ercan'dan uçağımız sorunsuz kalkmıştır. Yer hizmetlerine rica etmeme rağmen bana ön sıradan yer vermediler 19E check-in yapmıştım. Uçağa binince önde boşluk vardı. Bende en arka sırada oturdum. Bu defa görevlilerin yüzü pek gülmüyordu. İkram başladı, en arkada olduğum için sandviç bitti dediler. Keke vardı. İtiraz ettim. Bir şikayet dilekçesi doldurdum. Uçak yolcu sayısına göre sandviç yüklenemez mi? Bunlar tamamen yapıcı eleştirilerim. Hosteslerinin daha içten ve güleryüzlü olmalarını bekliyorum. Pilotlar çok tecrübeli. Sarsıntısız Esenboğa'ya indik.",Nötr
774,AJet,Gülnur Kaptanoğlu,5,5,Uçuş güvenliği ve konforu,Ankara - Nicosia,Dış Hat,Temmuz 2019,2 Ağustos 2019,"Uçağımız Ankara Esenboğa'dan zamanında kalktı. 04A’da oturdum. Koltuk aralığı genişti. Uçak temiz ve güvenli. THY ile uçarken kendimi güvende hissediyorum. Anadolu Jet THY'nın bir yan markasıdır. Fiyatlar daha normaldir ancak Kıbrıs uçuşları yüksek seyrediyor. Uçak görevlileri Fatih Epli, Buşra Bacak, Derya Akça, Yıldırım Seymen, hepinize teşekkür ederim. Güleryüzle ve samimi hizmet ettiniz.",Olumlu
775,AJet,SEDAT A,1,4,"Uçuş saatleri ve sayısı,Rota sorunları",Gaziantep - Dalaman,İç Hat,Temmuz 2019,25 Temmuz 2019,"Uçuş saatleri ve sayısı için tercih ettiğim Anadolujet kalite standartını bozmadan devam ettiriyor.Bağlantılı uçuşlarda malesef özellikle öğleden sonra ve akşam uçuşlarında rötar oluyor.Her şeye rağmen tercihim olmaya devam edecektir.",Olumsuz
776,AJet,Faik Ayşe,61,5,Hizmet ve kalite memnuniyeti,Ankara - Adana,İç Hat,Şubat 2019,11 Temmuz 2019,"Farklı hava yollarıyla da yaptığımız uçuş deneyimlerimiz bir yana THY ve Anadolu Jet bir yana gerçekten Türkiye’de bu firmaların önüne geçecek hizmet ve kalite yok. Firma çalışanlarınız tebrik ve takdir ederken herkese keyifli bir seyahat diliyorum.",Olumlu
777,AJet,jk ..,32,3,Uygun fiyat ve konfor,Ankara - Adana,İç Hat,Ağustos 2018,10 Temmuz 2019,"THY'nin yurt içi uçuş sayısı az ve çok ters saatlerde, Pegasus konusuna girmek bile istemiyorum. Uygun fiyatlı, insanın uyanık kalabileceği saatlerde seferleri olan ve bir zahmet atıştırmalık veren tek havayolu şirketi. Koltukları daha geniş ve rahat Pegasus'a göre. Genelde uçuşlarında asla geç kalma yaşanmıyor, pilotları da uçağı indirirken korku filmi yaşatmıyorlar bu nedenle daha iyisini bulana kadar en iyisi.",Olumlu
778,AJet,HamitGunesli,24777,4,"Rötar sorunları",Istanbul - Gaziantep,İç Hat,Temmuz 2019,10 Temmuz 2019,"Bu sene 2 defa Gaziantep’e gittim. Her iki yöndeki uçuşlarda da rötar oldu. İstanbul’dan uçuşlar da ve Gaziantep’den olan uçuşlarda da. Bu problemi yetkililerin çözmesi lazım.",Olumsuz
779,AJet,Ahmet Erdur,46,1,"Uçuş gecikmesi ve teknik sorunlar,Rötar sorunları",Mardin - Istanbul,İç Hat,Nisan 2019,9 Temmuz 2019,"Sözde ‘erken’ saatte evimizde olmak ve ertesi gün işbaşı yapılacağı için ‘hazırlanmak’ için dönüş uçuşumuzda da AnadoluJet tercih ettik.. 23 Nisan Salı Mardin şehir içi yürüyüş ve son gözlemlerimizi yapıp mihmandarımız tarafından H. limanına bırakıldık... Tüm işlemleri tamamlayarak yolcu salonuna geçtik ve uçağımızı beklemeye başladık; yaklaşık 1 saat gecikme ile geldi ve yolcularını boşalttı. Bizler de sıraya girerek, son kontrolleri takiben uçağa geçtik veeeeee içeride uzun süre bekledik, pist başına ilerlemeye başladık, o da ne birden durduk.. 4 saat sürdü o süre; ne olduğuna gelince Kabin Ekibi tam da kalkış öncesi uçağın kıç kısmında ‘tanımlanamayan’ bir koku fark etmiş ve o koku araştırıldı saatlerce. Diyarbakır’dan ve karayolu ile ‘Teknik Ekip’ beklendi, geldiler ve kendileri de bulamadı. Sonra bir süre ‘karambol’ bekleyişi ve bizi davet ettiler; ‘nedir?’ dedik. ‘Bulamadık’ dediler, kuzukuzu oturduk ve havalandık. AnadoluJet zahmet edip bir yedek uçak göndermedi. Farklı sebeple geçen günlerde İzmir yolcularını saatlerce bekletmişler SAW H. limanında. ‘Bademlerin’ ceplerini doldurmak için kurdukları bu sorumsuz ve ciddiyetsiz havayolunu tercih etmeyin, kullanmayın.",Olumsuz
780,AJet,Ahmet E,6,4,"Fiyat şikayeti",Ankara - Dalaman,İç Hat,-,9 Temmuz 2019,"Fiyatlar aşırı yükselmiş, enflasyon kampanyası gelmesi şart. En ucuz bilet 179’dan başlıyor, enflasyonun öncesi olduğu ülkede fiyat düşmesini bu firma’dan beklemekteyiz. Tavsiyem dört olup değerlemelerinize sunarım.",Olumsuz
781,AJet,Mustafa D,7,5,Zamanında kalkış ve temizlik,Ankara - Izmir,İç Hat,Mart 2019,9 Temmuz 2019,"Zamanında kalktı, uçak içi gayet temizdi, görevli personeller güleryüzle hizmet ediyor. Güven veren bir havayolu.",Olumlu
782,AJet,Habip Kurnaz,40,5,Uçuş hizmeti ve ikramlar,Ankara - Antalya,İç Hat,-,9 Temmuz 2019,"Anadolujet havayolları Türk Havayolları'nın yurtiçi uçuş markası. Su, çay, kahve, kek, sandviç ikram. Ekip gayet tecrübeli, uçakların yaklaşık yarısını THY ekipleri diğer yarısını ise Sunexpress Havayolları ekipleri uçuruyor. Ankara Esenboğa ve İstanbul Sabiha Gökçen Havalimanlarından tüm Türkiye havalimanlarına direkt uçabilirsiniz.",Olumlu
783,AJet,Gizem SOLMAZ,24,1,"Rötar ve koltuk sorunu,Rötar sorunları",Istanbul - Adana,İç Hat,Temmuz 2019,9 Temmuz 2019,"23.40 da kalkacak olan uçağımız rötar nedeniyle 02:00’de anca kalktı. Havaalanında boş boş beklediğimiz yetmemiş gibi arkadaşımızın koltuğu sırf erken check-in yapmadığı için başka bir yolcuya satıldı. Ertesi gün aktarma uçağıyla gelebildi. Mecbur kalmadıkça kullanacağım bir havayolu olamaz.",Olumsuz
784,AJet,mavişbdk,4,4,"Fiyat/kalite dengesi",Diyarbakir - Ankara,İç Hat,Temmuz 2019,9 Temmuz 2019,"Fiyatlar artsa da kaliteli bir uçuş sağlıyor. İndirimleri takip edip çok uyguna bilet alınabilir. Tavsiye ederim.",Olumlu
785,AJet,gok_gu,30,1,"Uçak arızası ve aksaklıklar,Rötar sorunları",Ankara - Gaziantep,İç Hat,Temmuz 2019,7 Temmuz 2019,"TK7120 uçuşu: Kalkmak için hızlanan bir uçağın kalkmasına ramak kala arızalanması ve 198 yolcunun mağduriyeti. Ek sefer yok. Bir sonraki gün uçuşların hepsi dolu. Pazar günü dönebilirsiniz. Acil bir işiniz varsa otobüsle 12 saatlik rezillik. En eski uçaklar, en kötü hizmet ve bir de aksaklıklar... Kesinlikle tavsiye etmem.",Olumsuz
786,AJet,KAZIM SERHAN A,19,5,"İkram ve hizmet memnuniyeti",Istanbul - Bodrum,İç Hat,Haziran 2019,5 Temmuz 2019,"Süper bir uçuştu ikramıyla kalkış ve inişteki ustalıkla ve tam zamanında hizmetle süper bir uçuştu herkese tavsiye olunur.",Olumlu
787,AJet,DidemSs,2,1,"Uçuş iptali ve müşteri hizmetleri sorunları,Rötar sorunları",Istanbul - Bodrum,İç Hat,Temmuz 2019,2 Temmuz 2019,"Sabiha Gökçen H.L. 00.05'te kalkacak olan uçağımın havalimanına varışından sonra bilet gişesinde iptal olduğunu öğreniyorum. Mesaj ya da mail yoluyla haber verilmiyor. Biletim sabah 8.45 uçuşuna kaydırılıyor. Yine evime gidip gelmek suretiyle, havalimanında aynı gün içerisinde 2. kez uçuşumun iptal olduğunu öğreniyorum. Nezaketsiz gişe görevlileri, bu kez Istanbul havalimanına aktarma sağlayıp 13.50 uçuşuna sadece kaydırma yapabileceklerini söylüyorlar. Var olan otel transferi, yeme-içme gibi masraflar ve manen içime girdigim stres, yorgunluk vb. mağduriyetlerim için herhangi bir iyi niyet girişiminde bulunulmuyor. Böyle bir rezaletin muhatabı oldum, benden başka kişilerin mağdur olmaması için ANADOLUJET/THY 'REZALET'ini duyurmak isterim.",Olumsuz
788,AJet,ünal t,2,1,Kabin içi düzen ve yolcular arası diyaloğun engellenmesi,Dalaman - Trabzon,İç Hat,Haziran 2019,22 Haziran 2019,"Kabin içi düzenin sağlanması ve yolcular arası diyaloğun engellenmesi açısından malesef işini pek de profesyonelce yapamayan bir ekip. Düşünün uçak havadayken ayağa kalkıp arka sıradaki akrabasiyla muhabbet edeni mi ararsınız yoksa birbirleriyle münakaşa eden yolcular mı. Güler yüzlülük konusunda sınıfta kalan bir ekip.",Olumsuz
789,AJet,Celal Y,1,1,Rötar ve sorumluluk eksikliği,Ankara - Antalya,İç Hat,Haziran 2019,16 Haziran 2019,"Antalya 20.30 uçak gidiş sorumluluk olmadığından 2 saat rötar, 22.30 kaldı. Anadolu Jet sorun hep rötarlı, binmeyin yazık.",Olumsuz
790,AJet,Ümit Mert,66,4,Memnuniyet ve tavsiye,Istanbul - Trabzon,İç Hat,Mayıs 2019,26 Mayıs 2019,"Yolculuklarımda her daim ilk tercih ettiğim ve uçuşlardan da gayet memnun kaldığım, tavsiye edebileceğim havayolu firmasıdır.",Olumlu
791,AJet,deniz_gunes_doga,1,4,Valiz hasarı ve genel,Trabzon - Ankara,İç Hat,Mayıs 2019,19 Mayıs 2019,"Ankara-Trabzon seyahatlerinde Anadolujet'i direk uçtuğu için tercih ediyorum. Uçak içindeki çay ve sandviç ücretsiz servis de bir fark. Yine zamanında kalktı ve indi. Ancak Ankara’ya geldiğimizde 5 kere kullandığım valizimin sapını kopmuş gördüm. Tutanak tutuldu ve masrafı ödenecek. Yine de Anadolujet ile seyahat güzel. Çalışanlar biraz daha dikkatli olsalar bu sorunlar yaşanmaz.",olumlu
792,AJet,deniz_gunes_doga,1,4,Manzara ve uçuş deneyimi,Ankara - Trabzon,İç Hat,Mayıs 2019,19 Mayıs 2019,"Ankara-Trabzon uçuşum yine zamanında ve güzel oldu. F serisi koltuk aldığınızda deniz üzerinden sahil görüntüsü ile Trabzon'a inmek çok farklı bir duygu.",Olumlu
793,AJet,Gülnur Kaptanoglu,4,5,Güvenli uçuş ve hizmet,Ordu - Ankara,İç Hat,4 Mayıs 2019,5 Mayıs 2019,"AnadoluJet ile uçmak güvenlidir. Uçak sorunsuz ve vaktinde kalktı. Hostesler ilgili ve kibar, pilotlar tecrübeli. İkramlar glutensiz yiyecek ile verilebilir. Milli havayoluna teşekkürler.",Olumlu
794,AJet,deniz_gunes_doga,1,4,Uygun fiyat ve manzara,Trabzon - Ankara,İç Hat,Nisan 2019,19 Nisan 2019,"Trabzon-Ankara dönüşü yine Anadolujet ile yaptım. Erken rezervasyondan ekonomik fiyata aldım. Uçak içi ikram kısa mesafede yapan güzel bir havayolu, personeli çok güleryüzlü. A serisi koltuk alırsanız kalkış anında camdan tüm Karadeniz sahilini görüyorsunuz.",Olumlu
795,AJet,deniz_gunes_doga,1,4,Direkt uçuş ve ikram,Ankara - Trabzon,İç Hat,Nisan 2019,19 Nisan 2019,"Ankara-Trabzon uçuşu direkt olduğu için AnadoluJet'i tercih ettim. Sabah 07.55’te gittiğinizde tüm gününüz size kalıyor. Çay, kahve ve kek servisi yapılıyor, personel güler yüzlü ve kabin görevlileri işini iyi biliyor. Güzel bir seyahat oldu.",Olumlu
796,AJet,Tim,20,1,Rötar ve müşteri hizmetleri,Antalya - Ankara,İç Hat,Ocak 2019,2 Mart 2019,"Yer personelinin ciddi iletişim problemleri mevcut. Özellikle sıklıkla gelişen rötarlar nedeniyle Anadolujet bir düşüş trendi içerisine girmiş görünüyor. Müşteri hizmetleri ile ilgili problemler mevcut. Mart 2019 için önemli bir toplantı nedeni ile almış olduğum biletim maalesef elimde kaldı. Havayolları keyfi olarak sabah erken bir saat için kesilmiş biletimi uçuşa bir aylık bir süre olmasına ve keyfi olarak teknik gerekçelerle uçuş saatini geç saatlere ertelemeleri nedeniyle uçuş değişikliği talebimi reddetti.",Olumsuz
797,AJet,Rana T,97,5,Zamanında uçuş,Ankara - Nicosia,Dış Hat,Nisan 2019,15 Nisan 2019,"Hafta sonu hem iş hem tatil için Kıbrıs’a bir uçuş gerçekleştirdik. Uçağımız tam vaktinde kapı kapattı. Seyahat boyunca hem kabin hem kokpit sayesinde güzel bir uçuş deneyimi yaşadık. Hatta Ercan havaalanına planlanan saatten erken vardık. Herkese teşekkürler.",Olumlu
798,AJet,mustafa k,159,3,Zamanında kalkış ve bekleme, Istanbul - Mardin Province,İç Hat,Nisan 2019,11 Nisan 2019,"Tam zamanında kalktı ve indi. Dönüş Mardin-İstanbul için 1 saat havaalanında bekleme yaptı. Koltuklar rahat ve personel ilgili. Sandviç ikramında biraz yenilik gerekli. Boarding kartı dışarda almak ve tekrar personelle muhatap olmak, aynı iş için iki işlem; kolaylık mı, eziyet mi anlamış değilim.",nötr
799,AJet,hilmisimsek,234,5,Kullanım kolaylığı ve zamanında uçuş,Istanbul - Erzurum,İç Hat,Ocak 2019,30 Mart 2019,"AnadoluJet Sabiha Gökçen kalkışlı, hem bilet alırken hem de hizmet alırken son derece kolay ve fiyat açısından uygun. Şimdiye kadar hiç bir uçuşumda rötar yaşamamış olmam da ayrı bir güzellik. AnadoluJet uçmayan kalmasın.",Olumlu
800,AJet,ISKENDERARANCI2017,64,4,Zamanında uçuş ve türbülans durumu,Istanbul - Ankara,İç Hat,Mart 2019,29 Mart 2019,"Zamanında kalktık ve uçuş normal şartlarda gerçekleşti. Ancak Esenboğa’ya alçalırken orta şiddette türbülansla karşılaştık. Pilotumuz gerekli şekilde iyi bir uçuş yaptı. Bu gibi olağan dışı durumlarda indikten sonra kısa bir açıklama ile yolcu iletişiminde başarı grafiği artırılabilir.",Nötr